time_iso,time_ms,key,type,seq,direction,crc,pos_m,raw_bytes_hex
2026-06-27T15:10:53.000,1782553253000,1_1,dop1,37532,out,na,160155.0,0c 17 17 17 17 0c 0c 0c 0c 0c 17 17 17 17 17 17
2026-06-27T15:10:53.000,1782553253000,1_1,dop2,37533,out,na,160155.0,0c 17 17 17 17 0c 0c 0c 0c 0c 17 17 17 17 17 17
2026-06-27T15:10:53.000,1782553253000,1_1,dop1,37534,out,na,160155.0,0c 17 17 17 17 0c 0c 0c 0c 0c 17 17 17 17 17 17
2026-06-27T15:10:53.000,1782553253000,1_1,dop2,37535,out,na,160155.0,0c 17 17 17 17 0c 0c 0c 0c 0c 17 17 17 17 17 17
2026-06-27T15:10:53.000,1782553253000,1_1,nms hlth,37536,out,pass,160155.0,02 06 0b 00 3f 00 00 00 bb bb 18 00 35 00 01 00 00 01 00 01 01 1b 06 1a 0f 0a 35 09 00 01 01 00 02 01 00 0d 00 00 0e 00 00 0f 00 00 10 00 00 11 00 00 00 29 00 00 39 4a 67 19 26 17 96 44 f8
2026-06-27T15:10:53.000,1782553253000,1_1,nms rssi,37537,out,pass,160155.0,02 06 0c 00 31 00 00 00 aa aa 20 00 29 00 01 00 00 01 00 01 01 1b 06 1a 0f 0a 35 00 00 00 00 00 00 00 00 00 00 00 00 00 00 00 00 00 00 d6 da 69 68
2026-06-27T15:10:53.000,1782553253000,1_1,linfo,37538,,pass,160155.0,01 02 01 00 00 00 a0 00 b6 03 b6 03 02 16 16 02 05 05 05 02 1e 00 00 00 1e 00 00 01 02 05 08 0a 1e 00 19 0f 05 05 00 00 00 3f 5a 00 05 03 03 06 06 02 04 0a b4 00 3c 00 f0 00 b8 0b 0e 05 1e 0f 08 5a 0f 02 1e 00 05 00 1e 00 78 00 0f 50 00 64 00 2c 01 b8 0b f4 01 dc 05 0a c8 00 2c 01 32 32 32 1e 2c 01 58 02 b8 0b b8 0b 64 00 f4 01 64 00 0f 05 02 78 00 78 00 19 3c 3c 02 41 42 43 44 00 00 00 00 00 00 00 00 00 00 00 00 00 00 00 00 00 00 00 00 00 00 00 00 00 00 00 00 00 00 00 00 00 00 00 00 58 59 5a 41 00 00 00 00 00 00 00 00 00 00 00 00 00 00 00 00 00 00 00 00 00 00 00 00 00 00 00 00 00 00 00 00 00 00 00 00 01 00 00 7f 51 c3 00 00 01 00 00 7f 52 c3 00 00 c0 a8 a7 f4 01 70 17 03 28 02 0f 00 00 00 41 00 00 a0 40 66 66 86 40 66 66 66 40 00 00 00 00 fa 00 64 00 50 00 50 00 dc 05 64 00 32 00 00 00 03 00 c1 4a 13 f6 01 01 4c 4f 43 4f 5f 54 43 41 53 5f 42 52 41 4b 49 4e 47 00 c3 00 00 00 72 00 6e 00 61 00 6c 00 30 ed 3f 1d c3 00 00 00 29 43 a0 64 64 96 00 fa 00 0a 00 04 04 04 03 03 04 32 09 09 32 0a 0a 46 0b 0b 64 0c 0c ff 00 00 64 00 00 00 01 00 02 00 01 3c 00 00 14 1e 37 4b 03 02 04 00 00 00 79 89 f3 f0
2026-06-27T15:10:53.000,1782553253000,1_1,dop1,37539,out,na,160155.0,0c 17 17 17 17 0c 0c 0c 0c 0c 17 17 17 17 17 17
2026-06-27T15:10:53.000,1782553253000,1_1,dop2,37540,out,na,160155.0,0c 17 17 17 17 0c 0c 0c 0c 0c 17 17 17 17 17 17
2026-06-27T15:10:54.000,1782553254000,1_1,dmi,37541,out,na,160155.0,aa aa 74 02 01 0a 6f 00 1e 23 00 00 00 00 00 00 00 00 00 00 1b 06 ea 07 0f 0a 36 00 00 00 00 00 00 01 00 00 00 00 00 00 00 00 01 00 00 10 00 00 00 00 00 00 00 00 00 00 00 00 00 00 00 00 00 00 00 00 00 00 00 00 fa 00 00 00 00 00 01 00 00 0d 6a 0d 00 00 00 00 00 00 00 00 00 00 00 00 f0 3c 00 f4 01 00 00 00 00 08 06 0f 00 00 01 00 7a 4f b3 1a bb bb
2026-06-27T15:10:54.000,1782553254000,1_1,dop1,37542,out,na,160155.0,0c 17 17 17 17 0c 0c 0c 0c 0c 17 17 17 17 17 17
2026-06-27T15:10:54.000,1782553254000,1_1,dop2,37543,out,na,160155.0,0c 17 17 17 17 0c 0c 0c 0c 0c 17 17 17 17 17 17
2026-06-27T15:10:54.000,1782553254000,1_1,arp,37544,out,fail,160155.0,02 07 0d 00 27 00 00 00 00 00 d3 ad 57 f0 00 01 40 00 00 07 d0 00 02 00 00 00 00 00 00 00 00 00 09 66 c0 f6 b0 f1 3e
2026-06-27T15:10:54.000,1782553254000,1_1,dop1,37545,out,na,160155.0,0c 17 17 17 17 0c 0c 0c 0c 0c 17 17 17 17 17 17
2026-06-27T15:10:54.000,1782553254000,1_1,dop2,37546,out,na,160155.0,0c 17 17 17 17 0c 0c 0c 0c 0c 17 17 17 17 17 17
2026-06-27T15:10:54.000,1782553254000,1_1,nms hlth,37547,out,pass,160155.0,02 06 0b 00 3f 00 00 00 bb bb 18 00 35 00 01 00 00 01 00 01 01 1b 06 1a 0f 0a 36 09 00 01 01 00 02 01 00 0d 00 00 0e 00 00 0f 00 00 10 00 00 11 00 00 00 29 00 00 39 4a 67 19 26 4c 81 f5 ed
2026-06-27T15:10:54.000,1782553254000,1_1,nms rssi,37548,out,pass,160155.0,02 06 0c 00 31 00 00 00 aa aa 20 00 29 00 01 00 00 01 00 01 01 1b 06 1a 0f 0a 36 00 00 00 00 00 00 00 00 00 00 00 00 00 00 00 00 00 00 75 8c ef c1
2026-06-27T15:10:54.000,1782553254000,1_1,linfo,37549,,pass,160155.0,01 02 01 00 00 00 a0 00 b6 03 b6 03 02 16 16 02 05 05 05 02 1e 00 00 00 1e 00 00 01 02 05 08 0a 1e 00 19 0f 05 05 00 00 00 3f 5a 00 05 03 03 06 06 02 04 0a b4 00 3c 00 f0 00 b8 0b 0e 05 1e 0f 08 5a 0f 02 1e 00 05 00 1e 00 78 00 0f 50 00 64 00 2c 01 b8 0b f4 01 dc 05 0a c8 00 2c 01 32 32 32 1e 2c 01 58 02 b8 0b b8 0b 64 00 f4 01 64 00 0f 05 02 78 00 78 00 19 3c 3c 02 41 42 43 44 00 00 00 00 00 00 00 00 00 00 00 00 00 00 00 00 00 00 00 00 00 00 00 00 00 00 00 00 00 00 00 00 00 00 00 00 58 59 5a 41 00 00 00 00 00 00 00 00 00 00 00 00 00 00 00 00 00 00 00 00 00 00 00 00 00 00 00 00 00 00 00 00 00 00 00 00 01 00 00 7f 51 c3 00 00 01 00 00 7f 52 c3 00 00 c0 a8 a7 f4 01 70 17 03 28 02 0f 00 00 00 41 00 00 a0 40 66 66 86 40 66 66 66 40 00 00 00 00 fa 00 64 00 50 00 50 00 dc 05 64 00 32 00 00 00 03 00 c1 4a 13 f6 01 01 4c 4f 43 4f 5f 54 43 41 53 5f 42 52 41 4b 49 4e 47 00 c3 00 00 00 72 00 6e 00 61 00 6c 00 30 ed 3f 1d c3 00 00 00 29 43 a0 64 64 96 00 fa 00 0a 00 04 04 04 03 03 04 32 09 09 32 0a 0a 46 0b 0b 64 0c 0c ff 00 00 64 00 00 00 01 00 02 00 01 3c 00 00 14 1e 37 4b 03 02 04 00 00 00 79 89 f3 f0
2026-06-27T15:10:54.000,1782553254000,1_1,dop1,37550,out,na,160155.0,0c 17 17 17 17 0c 0c 0c 0c 0c 17 17 17 17 17 17
2026-06-27T15:10:54.000,1782553254000,1_1,dop2,37551,out,na,160155.0,0c 17 17 17 17 0c 0c 0c 0c 0c 17 17 17 17 17 17
2026-06-27T15:10:54.000,1782553254000,1_1,ccsys,37552,in,fail,160155.0,03 01 01 00 00 00 00 00 00 00 00 00 00 00 00 00 00 00 00 00 00 00 00 00 00 00 00 00 00 03 01 01 37 37 00 00 00 00 03 03 00 00 00 00 1c 1c 33 33 00 00 00 00
2026-06-27T15:10:55.000,1782553255000,1_1,dmi,37553,out,na,160155.0,aa aa 74 02 01 0a 6f 00 3d 23 00 00 00 00 00 00 00 00 00 00 1b 06 ea 07 0f 0a 37 00 00 00 00 00 00 01 00 00 00 00 00 00 00 00 01 00 00 10 00 00 00 00 00 00 00 00 00 00 00 00 00 00 00 00 00 00 00 00 00 00 00 00 fa 00 00 00 00 00 01 00 00 0d 6a 0d 00 00 00 00 00 00 00 00 00 00 00 00 f0 3c 00 f4 01 00 00 00 00 08 06 0f 00 00 01 00 5c 4f 2b f1 bb bb
2026-06-27T15:10:55.000,1782553255000,1_1,dop1,37554,out,na,160155.0,0c 17 17 17 17 0c 0c 0c 0c 0c 17 17 17 17 17 17
2026-06-27T15:10:55.000,1782553255000,1_1,dop2,37555,out,na,160155.0,0c 17 17 17 17 0c 0c 0c 0c 0c 17 17 17 17 17 17
2026-06-27T15:10:55.000,1782553255000,1_1,dop1,37556,out,na,160155.0,0c 17 17 17 17 0c 0c 0c 0c 0c 17 17 17 17 17 17
2026-06-27T15:10:55.000,1782553255000,1_1,dop2,37557,out,na,160155.0,0c 17 17 17 17 0c 0c 0c 0c 0c 17 17 17 17 17 17
2026-06-27T15:10:55.000,1782553255000,1_1,nms hlth,37558,out,pass,160155.0,02 06 0b 00 3f 00 00 00 bb bb 18 00 35 00 01 00 00 01 00 01 01 1b 06 1a 0f 0a 37 09 00 01 01 00 02 01 00 0d 00 00 0e 00 00 0f 00 00 10 00 00 11 00 00 00 29 00 00 39 4a 67 19 26 7a 73 65 1e
2026-06-27T15:10:55.000,1782553255000,1_1,nms rssi,37559,out,pass,160155.0,02 06 0c 00 31 00 00 00 aa aa 20 00 29 00 01 00 00 01 00 01 01 1b 06 1a 0f 0a 37 00 00 00 00 00 00 00 00 00 00 00 00 00 00 00 00 00 00 a2 6e 6f 99
2026-06-27T15:10:55.000,1782553255000,1_1,linfo,37560,,pass,160155.0,01 02 01 00 00 00 a0 00 b6 03 b6 03 02 16 16 02 05 05 05 02 1e 00 00 00 1e 00 00 01 02 05 08 0a 1e 00 19 0f 05 05 00 00 00 3f 5a 00 05 03 03 06 06 02 04 0a b4 00 3c 00 f0 00 b8 0b 0e 05 1e 0f 08 5a 0f 02 1e 00 05 00 1e 00 78 00 0f 50 00 64 00 2c 01 b8 0b f4 01 dc 05 0a c8 00 2c 01 32 32 32 1e 2c 01 58 02 b8 0b b8 0b 64 00 f4 01 64 00 0f 05 02 78 00 78 00 19 3c 3c 02 41 42 43 44 00 00 00 00 00 00 00 00 00 00 00 00 00 00 00 00 00 00 00 00 00 00 00 00 00 00 00 00 00 00 00 00 00 00 00 00 58 59 5a 41 00 00 00 00 00 00 00 00 00 00 00 00 00 00 00 00 00 00 00 00 00 00 00 00 00 00 00 00 00 00 00 00 00 00 00 00 01 00 00 7f 51 c3 00 00 01 00 00 7f 52 c3 00 00 c0 a8 a7 f4 01 70 17 03 28 02 0f 00 00 00 41 00 00 a0 40 66 66 86 40 66 66 66 40 00 00 00 00 fa 00 64 00 50 00 50 00 dc 05 64 00 32 00 00 00 03 00 c1 4a 13 f6 01 01 4c 4f 43 4f 5f 54 43 41 53 5f 42 52 41 4b 49 4e 47 00 c3 00 00 00 72 00 6e 00 61 00 6c 00 30 ed 3f 1d c3 00 00 00 29 43 a0 64 64 96 00 fa 00 0a 00 04 04 04 03 03 04 32 09 09 32 0a 0a 46 0b 0b 64 0c 0c ff 00 00 64 00 00 00 01 00 02 00 01 3c 00 00 14 1e 37 4b 03 02 04 00 00 00 79 89 f3 f0
2026-06-27T15:10:56.000,1782553256000,1_1,dop1,37561,out,na,160155.0,0c 17 17 17 17 0c 0c 0c 0c 0c 17 17 17 17 17 17
2026-06-27T15:10:56.000,1782553256000,1_1,dop2,37562,out,na,160155.0,0c 17 17 17 17 0c 0c 0c 0c 0c 17 17 17 17 17 17
2026-06-27T15:10:56.000,1782553256000,1_1,dmi,37563,out,na,160155.0,aa aa 74 02 01 0a 6f 00 5c 23 00 00 00 00 00 00 00 00 00 00 1b 06 ea 07 0f 0a 38 00 00 00 00 00 00 01 00 00 00 00 00 00 00 00 01 00 00 10 00 00 00 00 00 00 00 00 00 00 00 00 00 00 00 00 00 00 00 00 00 00 00 00 fa 00 00 00 00 00 01 00 00 0d 6a 0d 00 00 00 00 00 00 00 00 00 00 00 00 f0 3c 00 f4 01 00 00 00 00 08 06 0f 00 00 01 00 46 53 33 ae bb bb
2026-06-27T15:10:56.000,1782553256000,1_1,arp,37564,out,fail,160155.0,02 07 0d 00 27 00 00 00 00 00 d3 ad 58 10 00 01 40 00 00 07 d0 00 02 00 00 00 00 00 00 00 00 00 09 66 c0 8d 8c da 7d
2026-06-27T15:10:56.000,1782553256000,1_1,dop1,37565,out,na,160155.0,0c 17 17 17 17 0c 0c 0c 0c 0c 17 17 17 17 17 17
2026-06-27T15:10:56.000,1782553256000,1_1,dop2,37566,out,na,160155.0,0c 17 17 17 17 0c 0c 0c 0c 0c 17 17 17 17 17 17
2026-06-27T15:10:56.000,1782553256000,1_1,dop1,37567,out,na,160155.0,0c 17 17 17 17 0c 0c 0c 0c 0c 17 17 17 17 17 17
2026-06-27T15:10:56.000,1782553256000,1_1,dop2,37568,out,na,160155.0,0c 17 17 17 17 0c 0c 0c 0c 0c 17 17 17 17 17 17
2026-06-27T15:10:56.000,1782553256000,1_1,nms hlth,37569,out,pass,160155.0,02 06 0b 00 3f 00 00 00 bb bb 18 00 35 00 01 00 00 01 00 01 01 1b 06 1a 0f 0a 38 09 00 01 01 00 02 01 00 0d 00 00 0e 00 00 0f 00 00 10 00 00 11 00 00 00 29 00 00 39 4a 67 19 26 96 4b 16 1e
2026-06-27T15:10:56.000,1782553256000,1_1,nms rssi,37570,out,pass,160155.0,02 06 0c 00 31 00 00 00 aa aa 20 00 29 00 01 00 00 01 00 01 01 1b 06 1a 0f 0a 38 00 00 00 00 00 00 00 00 00 00 00 00 00 00 00 00 00 00 e1 f1 f9 57
2026-06-27T15:10:56.000,1782553256000,1_1,linfo,37571,,pass,160155.0,01 02 01 00 00 00 a0 00 b6 03 b6 03 02 16 16 02 05 05 05 02 1e 00 00 00 1e 00 00 01 02 05 08 0a 1e 00 19 0f 05 05 00 00 00 3f 5a 00 05 03 03 06 06 02 04 0a b4 00 3c 00 f0 00 b8 0b 0e 05 1e 0f 08 5a 0f 02 1e 00 05 00 1e 00 78 00 0f 50 00 64 00 2c 01 b8 0b f4 01 dc 05 0a c8 00 2c 01 32 32 32 1e 2c 01 58 02 b8 0b b8 0b 64 00 f4 01 64 00 0f 05 02 78 00 78 00 19 3c 3c 02 41 42 43 44 00 00 00 00 00 00 00 00 00 00 00 00 00 00 00 00 00 00 00 00 00 00 00 00 00 00 00 00 00 00 00 00 00 00 00 00 58 59 5a 41 00 00 00 00 00 00 00 00 00 00 00 00 00 00 00 00 00 00 00 00 00 00 00 00 00 00 00 00 00 00 00 00 00 00 00 00 01 00 00 7f 51 c3 00 00 01 00 00 7f 52 c3 00 00 c0 a8 a7 f4 01 70 17 03 28 02 0f 00 00 00 41 00 00 a0 40 66 66 86 40 66 66 66 40 00 00 00 00 fa 00 64 00 50 00 50 00 dc 05 64 00 32 00 00 00 03 00 c1 4a 13 f6 01 01 4c 4f 43 4f 5f 54 43 41 53 5f 42 52 41 4b 49 4e 47 00 c3 00 00 00 72 00 6e 00 61 00 6c 00 30 ed 3f 1d c3 00 00 00 29 43 a0 64 64 96 00 fa 00 0a 00 04 04 04 03 03 04 32 09 09 32 0a 0a 46 0b 0b 64 0c 0c ff 00 00 64 00 00 00 01 00 02 00 01 3c 00 00 14 1e 37 4b 03 02 04 00 00 00 79 89 f3 f0
2026-06-27T15:10:56.000,1782553256000,1_1,dop1,37572,out,na,160155.0,0c 17 17 17 17 0c 0c 0c 0c 0c 17 17 17 17 17 17
2026-06-27T15:10:56.000,1782553256000,1_1,dop2,37573,out,na,160155.0,0c 17 17 17 17 0c 0c 0c 0c 0c 17 17 17 17 17 17
2026-06-27T15:10:56.000,1782553256000,1_1,dmi,37574,out,na,160155.0,aa aa 74 02 01 0a 6f 00 79 23 00 00 00 00 00 00 00 00 00 00 1b 06 ea 07 0f 0a 38 00 00 00 00 00 00 01 00 00 00 00 00 00 00 00 01 00 00 10 00 00 00 00 00 00 00 00 00 00 00 00 00 00 00 00 00 00 00 00 00 00 00 00 fa 00 00 00 00 00 01 00 00 0d 6a 0d 00 00 00 00 00 00 00 00 00 00 00 00 f0 3c 00 f4 01 00 00 00 00 08 06 0f 00 00 01 00 83 aa 38 1f bb bb
2026-06-27T15:10:57.000,1782553257000,1_1,dop1,37575,out,na,160155.0,0c 17 17 17 17 0c 0c 0c 0c 0c 17 17 17 17 17 17
2026-06-27T15:10:57.000,1782553257000,1_1,dop2,37576,out,na,160155.0,0c 17 17 17 17 0c 0c 0c 0c 0c 17 17 17 17 17 17
2026-06-27T15:10:57.000,1782553257000,1_1,dop1,37577,out,na,160155.0,0c 17 17 17 17 0c 0c 0c 0c 0c 17 17 17 17 17 17
2026-06-27T15:10:57.000,1782553257000,1_1,dop2,37578,out,na,160155.0,0c 17 17 17 17 0c 0c 0c 0c 0c 17 17 17 17 17 17
2026-06-27T15:10:57.000,1782553257000,1_1,nms hlth,37579,out,pass,160155.0,02 06 0b 00 3f 00 00 00 bb bb 18 00 35 00 01 00 00 01 00 01 01 1b 06 1a 0f 0a 39 09 00 01 01 00 02 01 00 0d 00 00 0e 00 00 0f 00 00 10 00 00 11 00 00 00 29 00 00 39 4a 67 19 26 a0 b9 86 ed
2026-06-27T15:10:57.000,1782553257000,1_1,nms rssi,37580,out,pass,160155.0,02 06 0c 00 31 00 00 00 aa aa 20 00 29 00 01 00 00 01 00 01 01 1b 06 1a 0f 0a 39 00 00 00 00 00 00 00 00 00 00 00 00 00 00 00 00 00 00 36 13 79 0f
2026-06-27T15:10:57.000,1782553257000,1_1,linfo,37581,,pass,160155.0,01 02 01 00 00 00 a0 00 b6 03 b6 03 02 16 16 02 05 05 05 02 1e 00 00 00 1e 00 00 01 02 05 08 0a 1e 00 19 0f 05 05 00 00 00 3f 5a 00 05 03 03 06 06 02 04 0a b4 00 3c 00 f0 00 b8 0b 0e 05 1e 0f 08 5a 0f 02 1e 00 05 00 1e 00 78 00 0f 50 00 64 00 2c 01 b8 0b f4 01 dc 05 0a c8 00 2c 01 32 32 32 1e 2c 01 58 02 b8 0b b8 0b 64 00 f4 01 64 00 0f 05 02 78 00 78 00 19 3c 3c 02 41 42 43 44 00 00 00 00 00 00 00 00 00 00 00 00 00 00 00 00 00 00 00 00 00 00 00 00 00 00 00 00 00 00 00 00 00 00 00 00 58 59 5a 41 00 00 00 00 00 00 00 00 00 00 00 00 00 00 00 00 00 00 00 00 00 00 00 00 00 00 00 00 00 00 00 00 00 00 00 00 01 00 00 7f 51 c3 00 00 01 00 00 7f 52 c3 00 00 c0 a8 a7 f4 01 70 17 03 28 02 0f 00 00 00 41 00 00 a0 40 66 66 86 40 66 66 66 40 00 00 00 00 fa 00 64 00 50 00 50 00 dc 05 64 00 32 00 00 00 03 00 c1 4a 13 f6 01 01 4c 4f 43 4f 5f 54 43 41 53 5f 42 52 41 4b 49 4e 47 00 c3 00 00 00 72 00 6e 00 61 00 6c 00 30 ed 3f 1d c3 00 00 00 29 43 a0 64 64 96 00 fa 00 0a 00 04 04 04 03 03 04 32 09 09 32 0a 0a 46 0b 0b 64 0c 0c ff 00 00 64 00 00 00 01 00 02 00 01 3c 00 00 14 1e 37 4b 03 02 04 00 00 00 79 89 f3 f0
2026-06-27T15:10:58.000,1782553258000,1_1,dop1,37582,out,na,160155.0,0c 17 17 17 17 0c 0c 0c 0c 0c 17 17 17 17 17 17
2026-06-27T15:10:58.000,1782553258000,1_1,dop2,37583,out,na,160155.0,0c 17 17 17 17 0c 0c 0c 0c 0c 17 17 17 17 17 17
2026-06-27T15:10:58.000,1782553258000,1_1,dmi,37584,out,na,160155.0,aa aa 74 02 01 0a 6f 00 98 23 00 00 00 00 00 00 00 00 00 00 1b 06 ea 07 0f 0a 3a 00 00 00 00 00 00 00 00 40 00 00 00 00 00 00 01 00 00 20 00 00 00 00 00 00 00 00 00 00 00 50 00 00 00 00 00 00 00 00 00 00 00 00 fa 00 00 00 00 00 01 00 00 0d 6a 0d 00 00 00 00 00 00 00 00 00 00 00 00 f0 3c 00 f4 01 00 00 00 00 08 06 0f 00 00 01 00 a3 a7 1f 95 bb bb
2026-06-27T15:10:58.000,1782553258000,1_1,dlsys,37585,in,fail,160155.0,0c 63 0a 04 09 01 50 01 00 00 00 00 63 27 4e ae
2026-06-27T15:10:58.000,1782553258000,1_1,dop1,37586,out,na,160155.0,0c 17 17 17 17 0c 0c 0c 0c 0c 17 17 17 17 17 17
2026-06-27T15:10:58.000,1782553258000,1_1,dop2,37587,out,na,160155.0,0c 17 17 17 17 0c 0c 0c 0c 0c 17 17 17 17 17 17
2026-06-27T15:10:58.000,1782553258000,1_1,arp,37588,out,fail,160155.0,02 07 0d 00 27 00 00 00 00 00 d3 ad 58 30 00 01 40 00 00 07 d0 00 04 00 00 00 00 00 00 00 00 00 09 66 c0 a5 f6 97 63
2026-06-27T15:10:58.000,1782553258000,1_1,dop1,37589,out,na,160155.0,0c 17 17 17 17 0c 0c 0c 0c 0c 17 17 17 17 17 17
2026-06-27T15:10:58.000,1782553258000,1_1,dop2,37590,out,na,160155.0,0c 17 17 17 17 0c 0c 0c 0c 0c 17 17 17 17 17 17
2026-06-27T15:10:58.000,1782553258000,1_1,nms hlth,37591,out,pass,160155.0,02 06 0b 00 3f 00 00 00 bb bb 18 00 35 00 01 00 00 01 00 01 01 1b 06 1a 0f 0a 3a 09 00 01 01 00 02 01 00 0d 00 00 0e 00 00 0f 00 00 10 00 00 11 00 00 00 29 00 00 39 4a 67 19 26 fb ae 37 f8
2026-06-27T15:10:58.000,1782553258000,1_1,nms rssi,37592,out,pass,160155.0,02 06 0c 00 31 00 00 00 aa aa 20 00 29 00 01 00 00 01 00 01 01 1b 06 1a 0f 0a 3a 00 00 00 00 00 00 00 00 00 00 00 00 00 00 00 00 00 00 95 45 ff a6
2026-06-27T15:10:58.000,1782553258000,1_1,linfo,37593,,pass,160155.0,01 02 01 00 00 00 a0 00 b6 03 b6 03 02 16 16 02 05 05 05 02 1e 00 00 00 1e 00 00 01 02 05 08 0a 1e 00 19 0f 05 05 00 00 00 3f 5a 00 05 03 03 06 06 02 04 0a b4 00 3c 00 f0 00 b8 0b 0e 05 1e 0f 08 5a 0f 02 1e 00 05 00 1e 00 78 00 0f 50 00 64 00 2c 01 b8 0b f4 01 dc 05 0a c8 00 2c 01 32 32 32 1e 2c 01 58 02 b8 0b b8 0b 64 00 f4 01 64 00 0f 05 02 78 00 78 00 19 3c 3c 02 41 42 43 44 00 00 00 00 00 00 00 00 00 00 00 00 00 00 00 00 00 00 00 00 00 00 00 00 00 00 00 00 00 00 00 00 00 00 00 00 58 59 5a 41 00 00 00 00 00 00 00 00 00 00 00 00 00 00 00 00 00 00 00 00 00 00 00 00 00 00 00 00 00 00 00 00 00 00 00 00 01 00 00 7f 51 c3 00 00 01 00 00 7f 52 c3 00 00 c0 a8 a7 f4 01 70 17 03 28 02 0f 00 00 00 41 00 00 a0 40 66 66 86 40 66 66 66 40 00 00 00 00 fa 00 64 00 50 00 50 00 dc 05 64 00 32 00 00 00 03 00 c1 4a 13 f6 01 01 4c 4f 43 4f 5f 54 43 41 53 5f 42 52 41 4b 49 4e 47 00 c3 00 00 00 72 00 6e 00 61 00 6c 00 30 ed 3f 1d c3 00 00 00 29 43 a0 64 64 96 00 fa 00 0a 00 04 04 04 03 03 04 32 09 09 32 0a 0a 46 0b 0b 64 0c 0c ff 00 00 64 00 00 00 01 00 02 00 01 3c 00 00 14 1e 37 4b 03 02 04 00 00 00 79 89 f3 f0
2026-06-27T15:10:58.000,1782553258000,1_1,dop1,37594,out,na,160155.0,0c 17 17 17 17 0c 0c 0c 0c 0c 17 17 17 17 17 17
2026-06-27T15:10:58.000,1782553258000,1_1,dop2,37595,out,na,160155.0,0c 17 17 17 17 0c 0c 0c 0c 0c 17 17 17 17 17 17
2026-06-27T15:10:58.000,1782553258000,1_1,dmi,37596,out,na,160155.0,aa aa 74 02 01 0a 6f 00 b6 23 00 00 00 00 00 00 00 00 00 00 1b 06 ea 07 0f 0a 3a 00 00 00 00 00 00 00 00 40 00 00 00 00 00 00 01 00 00 20 00 00 00 00 00 00 00 00 00 00 00 50 00 00 00 00 00 00 00 00 00 00 00 00 fa 00 00 00 00 00 01 00 00 0d 6a 0d 00 00 00 00 00 00 00 00 00 00 00 00 f0 3c 00 f4 01 00 00 00 00 08 06 0f 00 00 01 00 5f 53 4c 93 bb bb
2026-06-27T15:10:59.000,1782553259000,1_1,dop1,37597,out,na,160155.0,0c 17 17 17 17 0c 0c 0c 0c 0c 17 17 17 17 17 17
2026-06-27T15:10:59.000,1782553259000,1_1,dop2,37598,out,na,160155.0,0c 17 17 17 17 0c 0c 0c 0c 0c 17 17 17 17 17 17
2026-06-27T15:10:59.000,1782553259000,1_1,dop1,37599,out,na,160155.0,0c 17 17 17 17 0c 0c 0c 0c 0c 17 17 17 17 17 17
2026-06-27T15:10:59.000,1782553259000,1_1,dop2,37600,out,na,160155.0,0c 17 17 17 17 0c 0c 0c 0c 0c 17 17 17 17 17 17
2026-06-27T15:10:59.000,1782553259000,1_1,nms hlth,37601,out,pass,160155.0,02 06 0b 00 3f 00 00 00 bb bb 18 00 35 00 01 00 00 01 00 01 01 1b 06 1a 0f 0a 3b 09 00 01 01 00 02 01 00 0d 00 00 0e 00 00 0f 00 00 10 00 00 11 00 00 00 29 00 00 39 4a 67 19 26 cd 5c a7 0b
2026-06-27T15:10:59.000,1782553259000,1_1,nms rssi,37602,out,pass,160155.0,02 06 0c 00 31 00 00 00 aa aa 20 00 29 00 01 00 00 01 00 01 01 1b 06 1a 0f 0a 3b 00 00 00 00 00 00 00 00 00 00 00 00 00 00 00 00 00 00 42 a7 7f fe
2026-06-27T15:10:59.000,1782553259000,1_1,linfo,37603,,pass,160155.0,01 02 01 00 00 00 a0 00 b6 03 b6 03 02 16 16 02 05 05 05 02 1e 00 00 00 1e 00 00 01 02 05 08 0a 1e 00 19 0f 05 05 00 00 00 3f 5a 00 05 03 03 06 06 02 04 0a b4 00 3c 00 f0 00 b8 0b 0e 05 1e 0f 08 5a 0f 02 1e 00 05 00 1e 00 78 00 0f 50 00 64 00 2c 01 b8 0b f4 01 dc 05 0a c8 00 2c 01 32 32 32 1e 2c 01 58 02 b8 0b b8 0b 64 00 f4 01 64 00 0f 05 02 78 00 78 00 19 3c 3c 02 41 42 43 44 00 00 00 00 00 00 00 00 00 00 00 00 00 00 00 00 00 00 00 00 00 00 00 00 00 00 00 00 00 00 00 00 00 00 00 00 58 59 5a 41 00 00 00 00 00 00 00 00 00 00 00 00 00 00 00 00 00 00 00 00 00 00 00 00 00 00 00 00 00 00 00 00 00 00 00 00 01 00 00 7f 51 c3 00 00 01 00 00 7f 52 c3 00 00 c0 a8 a7 f4 01 70 17 03 28 02 0f 00 00 00 41 00 00 a0 40 66 66 86 40 66 66 66 40 00 00 00 00 fa 00 64 00 50 00 50 00 dc 05 64 00 32 00 00 00 03 00 c1 4a 13 f6 01 01 4c 4f 43 4f 5f 54 43 41 53 5f 42 52 41 4b 49 4e 47 00 c3 00 00 00 72 00 6e 00 61 00 6c 00 30 ed 3f 1d c3 00 00 00 29 43 a0 64 64 96 00 fa 00 0a 00 04 04 04 03 03 04 32 09 09 32 0a 0a 46 0b 0b 64 0c 0c ff 00 00 64 00 00 00 01 00 02 00 01 3c 00 00 14 1e 37 4b 03 02 04 00 00 00 79 89 f3 f0
2026-06-27T15:11:00.000,1782553260000,1_1,ccsys,37604,in,fail,160155.0,03 01 01 00 00 00 00 00 00 00 00 00 00 00 00 00 00 00 00 00 00 00 00 00 00 00 00 00 00 03 01 01 00 00 00 00 00 00 03 03 00 00 00 00 1c 1c 33 33 00 00 00 00
2026-06-27T15:11:00.000,1782553260000,1_1,dop1,37605,out,na,160155.0,0c 17 17 17 17 0c 0c 0c 0c 0c 17 17 17 17 17 17
2026-06-27T15:11:00.000,1782553260000,1_1,dop2,37606,out,na,160155.0,0c 17 17 17 17 0c 0c 0c 0c 0c 17 17 17 17 17 17
2026-06-27T15:11:00.000,1782553260000,1_1,dmi,37607,out,na,160155.0,aa aa 74 02 01 0a 6f 00 d6 23 00 00 00 00 00 00 00 00 00 00 1b 06 ea 07 0f 0b 00 00 00 00 00 00 00 00 00 40 00 00 00 00 00 00 01 00 00 20 00 00 00 00 00 00 00 00 00 00 00 50 00 00 00 00 00 00 00 00 00 00 00 00 fa 00 00 00 00 00 01 00 00 0d 6a 0d 00 00 00 00 00 00 00 00 00 00 00 00 f0 3c 00 f4 01 00 00 00 00 08 06 0f 00 00 01 00 23 77 87 a3 bb bb
2026-06-27T15:11:00.000,1782553260000,1_1,dop1,37608,out,na,160155.0,0c 17 17 17 17 0c 0c 0c 0c 0c 17 17 17 17 17 17
2026-06-27T15:11:00.000,1782553260000,1_1,dop2,37609,out,na,160155.0,0c 17 17 17 17 0c 0c 0c 0c 0c 17 17 17 17 17 17
2026-06-27T15:11:00.000,1782553260000,1_1,arp,37610,out,fail,160155.0,02 07 0d 00 27 00 00 00 00 00 d3 ad 58 50 00 01 40 00 00 07 d0 00 04 00 00 00 00 00 00 00 00 00 09 66 c0 e7 27 26 67
2026-06-27T15:11:00.000,1782553260000,1_1,dop1,37611,out,na,160155.0,0c 17 17 17 17 0c 0c 0c 0c 0c 17 17 17 17 17 17
2026-06-27T15:11:00.000,1782553260000,1_1,dop2,37612,out,na,160155.0,0c 17 17 17 17 0c 0c 0c 0c 0c 17 17 17 17 17 17
2026-06-27T15:11:00.000,1782553260000,1_1,nms hlth,37613,out,pass,160155.0,02 06 0b 00 3f 00 00 00 bb bb 18 00 35 00 01 00 00 01 00 01 01 1b 06 1a 0f 0b 00 09 00 01 01 00 02 01 00 0d 00 00 0e 00 00 0f 00 00 10 00 00 11 00 00 00 29 00 00 39 4a 67 19 26 6f 00 c4 66
2026-06-27T15:11:00.000,1782553260000,1_1,nms rssi,37614,out,pass,160155.0,02 06 0c 00 31 00 00 00 aa aa 20 00 29 00 01 00 00 01 00 01 01 1b 06 1a 0f 0b 00 00 00 00 00 00 00 00 00 00 00 00 00 00 00 00 00 00 00 b8 f1 92 8a
2026-06-27T15:11:00.000,1782553260000,1_1,linfo,37615,,pass,160155.0,01 02 01 00 00 00 a0 00 b6 03 b6 03 02 16 16 02 05 05 05 02 1e 00 00 00 1e 00 00 01 02 05 08 0a 1e 00 19 0f 05 05 00 00 00 3f 5a 00 05 03 03 06 06 02 04 0a b4 00 3c 00 f0 00 b8 0b 0e 05 1e 0f 08 5a 0f 02 1e 00 05 00 1e 00 78 00 0f 50 00 64 00 2c 01 b8 0b f4 01 dc 05 0a c8 00 2c 01 32 32 32 1e 2c 01 58 02 b8 0b b8 0b 64 00 f4 01 64 00 0f 05 02 78 00 78 00 19 3c 3c 02 41 42 43 44 00 00 00 00 00 00 00 00 00 00 00 00 00 00 00 00 00 00 00 00 00 00 00 00 00 00 00 00 00 00 00 00 00 00 00 00 58 59 5a 41 00 00 00 00 00 00 00 00 00 00 00 00 00 00 00 00 00 00 00 00 00 00 00 00 00 00 00 00 00 00 00 00 00 00 00 00 01 00 00 7f 51 c3 00 00 01 00 00 7f 52 c3 00 00 c0 a8 a7 f4 01 70 17 03 28 02 0f 00 00 00 41 00 00 a0 40 66 66 86 40 66 66 66 40 00 00 00 00 fa 00 64 00 50 00 50 00 dc 05 64 00 32 00 00 00 03 00 c1 4a 13 f6 01 01 4c 4f 43 4f 5f 54 43 41 53 5f 42 52 41 4b 49 4e 47 00 c3 00 00 00 72 00 6e 00 61 00 6c 00 30 ed 3f 1d c3 00 00 00 29 43 a0 64 64 96 00 fa 00 0a 00 04 04 04 03 03 04 32 09 09 32 0a 0a 46 0b 0b 64 0c 0c ff 00 00 64 00 00 00 01 00 02 00 01 3c 00 00 14 1e 37 4b 03 02 04 00 00 00 79 89 f3 f0
2026-06-27T15:11:00.000,1782553260000,1_1,dop1,37616,out,na,160155.0,0c 17 17 17 17 0c 0c 0c 0c 0c 17 17 17 17 17 17
2026-06-27T15:11:00.000,1782553260000,1_1,dop2,37617,out,na,160155.0,0c 17 17 17 17 0c 0c 0c 0c 0c 17 17 17 17 17 17
2026-06-27T15:11:00.000,1782553260000,1_1,dmi,37618,out,na,160155.0,aa aa 74 02 01 0a 6f 00 f5 23 00 00 00 00 00 00 00 00 00 00 1b 06 ea 07 0f 0b 00 00 00 00 00 00 00 00 00 40 00 00 00 00 00 00 01 00 00 20 00 00 00 00 00 00 00 00 00 00 00 50 00 00 00 00 00 00 00 00 00 00 00 00 fa 00 00 00 00 00 01 00 00 0d 6a 0d 00 00 00 00 00 00 00 00 00 00 00 00 f0 3c 00 f4 01 00 00 00 00 08 06 0f 00 00 01 00 ca d7 1c 12 bb bb
2026-06-27T15:11:01.000,1782553261000,1_1,dop1,37619,out,na,160155.0,0c 17 17 17 17 0c 0c 0c 0c 0c 17 17 17 17 17 17
2026-06-27T15:11:01.000,1782553261000,1_1,dop2,37620,out,na,160155.0,0c 17 17 17 17 0c 0c 0c 0c 0c 17 17 17 17 17 17
2026-06-27T15:11:01.000,1782553261000,1_1,dop1,37621,out,na,160155.0,0c 17 17 17 17 0c 0c 0c 0c 0c 17 17 17 17 17 17
2026-06-27T15:11:01.000,1782553261000,1_1,dop2,37622,out,na,160155.0,0c 17 17 17 17 0c 0c 0c 0c 0c 17 17 17 17 17 17
2026-06-27T15:11:01.000,1782553261000,1_1,nms hlth,37623,out,pass,160155.0,02 06 0b 00 3f 00 00 00 bb bb 18 00 35 00 01 00 00 01 00 01 01 1b 06 1a 0f 0b 01 09 00 01 01 00 02 01 00 0d 00 00 0e 00 00 0f 00 00 10 00 00 11 00 00 00 29 00 00 39 4a 67 19 26 59 f2 54 95
2026-06-27T15:11:01.000,1782553261000,1_1,nms rssi,37624,out,pass,160155.0,02 06 0c 00 31 00 00 00 aa aa 20 00 29 00 01 00 00 01 00 01 01 1b 06 1a 0f 0b 01 00 00 00 00 00 00 00 00 00 00 00 00 00 00 00 00 00 00 6f 13 12 d2
2026-06-27T15:11:01.000,1782553261000,1_1,linfo,37625,,pass,160155.0,01 02 01 00 00 00 a0 00 b6 03 b6 03 02 16 16 02 05 05 05 02 1e 00 00 00 1e 00 00 01 02 05 08 0a 1e 00 19 0f 05 05 00 00 00 3f 5a 00 05 03 03 06 06 02 04 0a b4 00 3c 00 f0 00 b8 0b 0e 05 1e 0f 08 5a 0f 02 1e 00 05 00 1e 00 78 00 0f 50 00 64 00 2c 01 b8 0b f4 01 dc 05 0a c8 00 2c 01 32 32 32 1e 2c 01 58 02 b8 0b b8 0b 64 00 f4 01 64 00 0f 05 02 78 00 78 00 19 3c 3c 02 41 42 43 44 00 00 00 00 00 00 00 00 00 00 00 00 00 00 00 00 00 00 00 00 00 00 00 00 00 00 00 00 00 00 00 00 00 00 00 00 58 59 5a 41 00 00 00 00 00 00 00 00 00 00 00 00 00 00 00 00 00 00 00 00 00 00 00 00 00 00 00 00 00 00 00 00 00 00 00 00 01 00 00 7f 51 c3 00 00 01 00 00 7f 52 c3 00 00 c0 a8 a7 f4 01 70 17 03 28 02 0f 00 00 00 41 00 00 a0 40 66 66 86 40 66 66 66 40 00 00 00 00 fa 00 64 00 50 00 50 00 dc 05 64 00 32 00 00 00 03 00 c1 4a 13 f6 01 01 4c 4f 43 4f 5f 54 43 41 53 5f 42 52 41 4b 49 4e 47 00 c3 00 00 00 72 00 6e 00 61 00 6c 00 30 ed 3f 1d c3 00 00 00 29 43 a0 64 64 96 00 fa 00 0a 00 04 04 04 03 03 04 32 09 09 32 0a 0a 46 0b 0b 64 0c 0c ff 00 00 64 00 00 00 01 00 02 00 01 3c 00 00 14 1e 37 4b 03 02 04 00 00 00 79 89 f3 f0
2026-06-27T15:11:02.000,1782553262000,1_1,dop1,37626,out,na,160155.0,0c 17 17 17 17 0c 0c 0c 0c 0c 17 17 17 17 17 17
2026-06-27T15:11:02.000,1782553262000,1_1,dop2,37627,out,na,160155.0,0c 17 17 17 17 0c 0c 0c 0c 0c 17 17 17 17 17 17
2026-06-27T15:11:02.000,1782553262000,1_1,dmi,37628,out,na,160155.0,aa aa 74 02 01 0a 6f 00 14 24 00 00 00 00 00 00 00 00 00 00 1b 06 ea 07 0f 0b 02 00 00 00 00 00 00 00 00 40 00 00 00 00 00 00 01 00 00 20 00 00 00 00 00 00 00 00 00 00 00 50 00 00 00 00 00 00 00 00 00 00 00 00 fa 00 00 00 00 00 01 00 00 0d 6a 0d 00 00 00 00 00 00 00 00 00 00 00 00 f0 3c 00 f4 01 00 00 00 00 08 06 0f 00 00 01 00 d9 85 b9 ad bb bb
2026-06-27T15:11:02.000,1782553262000,1_1,dop1,37629,out,na,160155.0,0c 17 17 17 17 0c 0c 0c 0c 0c 17 17 17 17 17 17
2026-06-27T15:11:02.000,1782553262000,1_1,dop2,37630,out,na,160155.0,0c 17 17 17 17 0c 0c 0c 0c 0c 17 17 17 17 17 17
2026-06-27T15:11:02.000,1782553262000,1_1,arp,37631,out,fail,160155.0,02 07 0d 00 27 00 00 00 00 00 d3 ad 58 70 00 01 40 00 00 07 d0 00 04 00 00 00 00 00 00 00 00 00 09 66 c0 6f b8 b4 a4
2026-06-27T15:11:02.000,1782553262000,1_1,dop1,37632,out,na,160155.0,0c 17 17 17 17 0c 0c 0c 0c 0c 17 17 17 17 17 17
2026-06-27T15:11:02.000,1782553262000,1_1,dop2,37633,out,na,160155.0,0c 17 17 17 17 0c 0c 0c 0c 0c 17 17 17 17 17 17
2026-06-27T15:11:02.000,1782553262000,1_1,nms hlth,37634,out,pass,160155.0,02 06 0b 00 3f 00 00 00 bb bb 18 00 35 00 01 00 00 01 00 01 01 1b 06 1a 0f 0b 02 09 00 01 01 00 02 01 00 0d 00 00 0e 00 00 0f 00 00 10 00 00 11 00 00 00 29 00 00 39 4a 67 19 26 02 e5 e5 80
2026-06-27T15:11:02.000,1782553262000,1_1,nms rssi,37635,out,pass,160155.0,02 06 0c 00 31 00 00 00 aa aa 20 00 29 00 01 00 00 01 00 01 01 1b 06 1a 0f 0b 02 00 00 00 00 00 00 00 00 00 00 00 00 00 00 00 00 00 00 cc 45 94 7b
2026-06-27T15:11:02.000,1782553262000,1_1,linfo,37636,,pass,160155.0,01 02 01 00 00 00 a0 00 b6 03 b6 03 02 16 16 02 05 05 05 02 1e 00 00 00 1e 00 00 01 02 05 08 0a 1e 00 19 0f 05 05 00 00 00 3f 5a 00 05 03 03 06 06 02 04 0a b4 00 3c 00 f0 00 b8 0b 0e 05 1e 0f 08 5a 0f 02 1e 00 05 00 1e 00 78 00 0f 50 00 64 00 2c 01 b8 0b f4 01 dc 05 0a c8 00 2c 01 32 32 32 1e 2c 01 58 02 b8 0b b8 0b 64 00 f4 01 64 00 0f 05 02 78 00 78 00 19 3c 3c 02 41 42 43 44 00 00 00 00 00 00 00 00 00 00 00 00 00 00 00 00 00 00 00 00 00 00 00 00 00 00 00 00 00 00 00 00 00 00 00 00 58 59 5a 41 00 00 00 00 00 00 00 00 00 00 00 00 00 00 00 00 00 00 00 00 00 00 00 00 00 00 00 00 00 00 00 00 00 00 00 00 01 00 00 7f 51 c3 00 00 01 00 00 7f 52 c3 00 00 c0 a8 a7 f4 01 70 17 03 28 02 0f 00 00 00 41 00 00 a0 40 66 66 86 40 66 66 66 40 00 00 00 00 fa 00 64 00 50 00 50 00 dc 05 64 00 32 00 00 00 03 00 c1 4a 13 f6 01 01 4c 4f 43 4f 5f 54 43 41 53 5f 42 52 41 4b 49 4e 47 00 c3 00 00 00 72 00 6e 00 61 00 6c 00 30 ed 3f 1d c3 00 00 00 29 43 a0 64 64 96 00 fa 00 0a 00 04 04 04 03 03 04 32 09 09 32 0a 0a 46 0b 0b 64 0c 0c ff 00 00 64 00 00 00 01 00 02 00 01 3c 00 00 14 1e 37 4b 03 02 04 00 00 00 79 89 f3 f0
2026-06-27T15:11:02.000,1782553262000,1_1,dop1,37637,out,na,160155.0,0c 17 17 17 17 0c 0c 0c 0c 0c 17 17 17 17 17 17
2026-06-27T15:11:02.000,1782553262000,1_1,dop2,37638,out,na,160155.0,0c 17 17 17 17 0c 0c 0c 0c 0c 17 17 17 17 17 17
2026-06-27T15:11:02.000,1782553262000,1_1,dmi,37639,out,na,160155.0,aa aa 74 02 01 0a 6f 00 32 24 00 00 00 00 00 00 00 00 00 00 1b 06 ea 07 0f 0b 02 00 00 00 00 00 00 00 00 40 00 00 00 00 00 00 01 00 00 20 00 00 00 00 00 00 00 00 00 00 00 50 00 00 00 00 00 00 00 00 00 00 00 00 fa 00 00 00 00 00 01 00 00 0d 6a 0d 00 00 00 00 00 00 00 00 00 00 00 00 f0 3c 00 f4 01 00 00 00 00 08 06 0f 00 00 01 00 8a 50 fa 1c bb bb
2026-06-27T15:11:03.000,1782553263000,1_1,dop1,37640,out,na,160155.0,0c 17 17 17 17 0c 0c 0c 0c 0c 17 17 17 17 17 17
2026-06-27T15:11:03.000,1782553263000,1_1,dop2,37641,out,na,160155.0,0c 17 17 17 17 0c 0c 0c 0c 0c 17 17 17 17 17 17
2026-06-27T15:11:03.000,1782553263000,1_1,dop1,37642,out,na,160155.0,0c 17 17 17 17 0c 0c 0c 0c 0c 17 17 17 17 17 17
2026-06-27T15:11:03.000,1782553263000,1_1,dop2,37643,out,na,160155.0,0c 17 17 17 17 0c 0c 0c 0c 0c 17 17 17 17 17 17
2026-06-27T15:11:03.000,1782553263000,1_1,nms hlth,37644,out,pass,160155.0,02 06 0b 00 3f 00 00 00 bb bb 18 00 35 00 01 00 00 01 00 01 01 1b 06 1a 0f 0b 03 09 00 01 01 00 02 01 00 0d 00 00 0e 00 00 0f 00 00 10 00 00 11 00 00 00 29 00 00 39 4a 67 19 26 34 17 75 73
2026-06-27T15:11:03.000,1782553263000,1_1,nms rssi,37645,out,pass,160155.0,02 06 0c 00 31 00 00 00 aa aa 20 00 29 00 01 00 00 01 00 01 01 1b 06 1a 0f 0b 03 00 00 00 00 00 00 00 00 00 00 00 00 00 00 00 00 00 00 1b a7 14 23
2026-06-27T15:11:03.000,1782553263000,1_1,linfo,37646,,pass,160155.0,01 02 01 00 00 00 a0 00 b6 03 b6 03 02 16 16 02 05 05 05 02 1e 00 00 00 1e 00 00 01 02 05 08 0a 1e 00 19 0f 05 05 00 00 00 3f 5a 00 05 03 03 06 06 02 04 0a b4 00 3c 00 f0 00 b8 0b 0e 05 1e 0f 08 5a 0f 02 1e 00 05 00 1e 00 78 00 0f 50 00 64 00 2c 01 b8 0b f4 01 dc 05 0a c8 00 2c 01 32 32 32 1e 2c 01 58 02 b8 0b b8 0b 64 00 f4 01 64 00 0f 05 02 78 00 78 00 19 3c 3c 02 41 42 43 44 00 00 00 00 00 00 00 00 00 00 00 00 00 00 00 00 00 00 00 00 00 00 00 00 00 00 00 00 00 00 00 00 00 00 00 00 58 59 5a 41 00 00 00 00 00 00 00 00 00 00 00 00 00 00 00 00 00 00 00 00 00 00 00 00 00 00 00 00 00 00 00 00 00 00 00 00 01 00 00 7f 51 c3 00 00 01 00 00 7f 52 c3 00 00 c0 a8 a7 f4 01 70 17 03 28 02 0f 00 00 00 41 00 00 a0 40 66 66 86 40 66 66 66 40 00 00 00 00 fa 00 64 00 50 00 50 00 dc 05 64 00 32 00 00 00 03 00 c1 4a 13 f6 01 01 4c 4f 43 4f 5f 54 43 41 53 5f 42 52 41 4b 49 4e 47 00 c3 00 00 00 72 00 6e 00 61 00 6c 00 30 ed 3f 1d c3 00 00 00 29 43 a0 64 64 96 00 fa 00 0a 00 04 04 04 03 03 04 32 09 09 32 0a 0a 46 0b 0b 64 0c 0c ff 00 00 64 00 00 00 01 00 02 00 01 3c 00 00 14 1e 37 4b 03 02 04 00 00 00 79 89 f3 f0
2026-06-27T15:11:04.000,1782553264000,1_1,dop1,37647,out,na,160155.0,0c 17 17 17 17 0c 0c 0c 0c 0c 17 17 17 17 17 17
2026-06-27T15:11:04.000,1782553264000,1_1,dop2,37648,out,na,160155.0,0c 17 17 17 17 0c 0c 0c 0c 0c 17 17 17 17 17 17
2026-06-27T15:11:04.000,1782553264000,1_1,dmi,37649,out,na,160155.0,aa aa 74 02 01 0a 6f 00 51 24 00 00 00 00 00 00 00 00 00 00 1b 06 ea 07 0f 0b 04 00 00 00 00 00 00 00 00 40 00 00 00 00 00 00 01 00 00 20 00 00 00 00 00 00 00 00 00 00 00 50 00 00 00 00 00 00 00 00 00 00 00 00 fa 00 00 00 00 00 01 00 00 0d 6a 0d 00 00 00 00 00 00 00 00 00 00 00 00 f0 3c 00 f4 01 00 00 00 00 08 06 0f 00 00 01 00 3f 2a cf 12 bb bb
2026-06-27T15:11:04.000,1782553264000,1_1,dop1,37650,out,na,160155.0,0c 17 17 17 17 0c 0c 0c 0c 0c 17 17 17 17 17 17
2026-06-27T15:11:04.000,1782553264000,1_1,dop2,37651,out,na,160155.0,0c 17 17 17 17 0c 0c 0c 0c 0c 17 17 17 17 17 17
2026-06-27T15:11:04.000,1782553264000,1_1,arp,37652,out,fail,160155.0,02 07 0d 00 27 00 00 00 00 00 d3 ad 58 90 00 01 40 00 00 07 d0 00 04 00 00 00 00 00 00 00 00 00 09 66 c0 62 84 44 6f
2026-06-27T15:11:04.000,1782553264000,1_1,dop1,37653,out,na,160155.0,0c 17 17 17 17 0c 0c 0c 0c 0c 17 17 17 17 17 17
2026-06-27T15:11:04.000,1782553264000,1_1,dop2,37654,out,na,160155.0,0c 17 17 17 17 0c 0c 0c 0c 0c 17 17 17 17 17 17
2026-06-27T15:11:04.000,1782553264000,1_1,nms hlth,37655,out,pass,160155.0,02 06 0b 00 3f 00 00 00 bb bb 18 00 35 00 01 00 00 01 00 01 01 1b 06 1a 0f 0b 04 09 00 01 01 00 02 01 00 0d 00 00 0e 00 00 0f 00 00 10 00 00 11 00 00 00 29 00 00 39 4a 67 19 26 b4 ca 87 aa
2026-06-27T15:11:04.000,1782553264000,1_1,nms rssi,37656,out,pass,160155.0,02 06 0c 00 31 00 00 00 aa aa 20 00 29 00 01 00 00 01 00 01 01 1b 06 1a 0f 0b 04 00 00 00 00 00 00 00 00 00 00 00 00 00 00 00 00 00 00 51 99 9f 68
2026-06-27T15:11:04.000,1782553264000,1_1,linfo,37657,,pass,160155.0,01 02 01 00 00 00 a0 00 b6 03 b6 03 02 16 16 02 05 05 05 02 1e 00 00 00 1e 00 00 01 02 05 08 0a 1e 00 19 0f 05 05 00 00 00 3f 5a 00 05 03 03 06 06 02 04 0a b4 00 3c 00 f0 00 b8 0b 0e 05 1e 0f 08 5a 0f 02 1e 00 05 00 1e 00 78 00 0f 50 00 64 00 2c 01 b8 0b f4 01 dc 05 0a c8 00 2c 01 32 32 32 1e 2c 01 58 02 b8 0b b8 0b 64 00 f4 01 64 00 0f 05 02 78 00 78 00 19 3c 3c 02 41 42 43 44 00 00 00 00 00 00 00 00 00 00 00 00 00 00 00 00 00 00 00 00 00 00 00 00 00 00 00 00 00 00 00 00 00 00 00 00 58 59 5a 41 00 00 00 00 00 00 00 00 00 00 00 00 00 00 00 00 00 00 00 00 00 00 00 00 00 00 00 00 00 00 00 00 00 00 00 00 01 00 00 7f 51 c3 00 00 01 00 00 7f 52 c3 00 00 c0 a8 a7 f4 01 70 17 03 28 02 0f 00 00 00 41 00 00 a0 40 66 66 86 40 66 66 66 40 00 00 00 00 fa 00 64 00 50 00 50 00 dc 05 64 00 32 00 00 00 03 00 c1 4a 13 f6 01 01 4c 4f 43 4f 5f 54 43 41 53 5f 42 52 41 4b 49 4e 47 00 c3 00 00 00 72 00 6e 00 61 00 6c 00 30 ed 3f 1d c3 00 00 00 29 43 a0 64 64 96 00 fa 00 0a 00 04 04 04 03 03 04 32 09 09 32 0a 0a 46 0b 0b 64 0c 0c ff 00 00 64 00 00 00 01 00 02 00 01 3c 00 00 14 1e 37 4b 03 02 04 00 00 00 79 89 f3 f0
2026-06-27T15:11:04.000,1782553264000,1_1,ccsys,37658,in,fail,160155.0,03 01 01 00 00 00 00 00 00 00 00 00 00 00 00 00 00 00 00 00 00 00 00 00 00 00 00 00 00 03 01 01 05 05 00 00 00 00 03 03 00 00 00 00 1c 1c 33 33 00 00 00 00
2026-06-27T15:11:04.000,1782553264000,1_1,dop1,37659,out,na,160155.0,0c 17 17 17 17 0c 0c 0c 0c 0c 17 17 17 17 17 17
2026-06-27T15:11:04.000,1782553264000,1_1,dop2,37660,out,na,160155.0,0c 17 17 17 17 0c 0c 0c 0c 0c 17 17 17 17 17 17
2026-06-27T15:11:04.000,1782553264000,1_1,dmi,37661,out,na,160155.0,aa aa 74 02 01 0a 6f 00 70 24 00 00 00 00 00 00 00 00 00 00 1b 06 ea 07 0f 0b 04 00 00 00 00 00 00 00 00 40 00 00 00 00 00 00 01 00 00 20 00 00 00 00 00 00 00 00 00 00 00 50 00 00 00 00 00 00 00 00 00 00 00 00 fa 00 00 00 00 00 01 00 00 0d 6a 0d 00 00 00 00 00 00 00 00 00 00 00 00 f0 3c 00 f4 01 00 00 00 00 08 06 0f 00 00 01 00 0d 40 f4 15 bb bb
2026-06-27T15:11:05.000,1782553265000,1_1,dop1,37662,out,na,160155.0,0c 17 17 17 17 0c 0c 0c 0c 0c 17 17 17 17 17 17
2026-06-27T15:11:05.000,1782553265000,1_1,dop2,37663,out,na,160155.0,0c 17 17 17 17 0c 0c 0c 0c 0c 17 17 17 17 17 17
2026-06-27T15:11:05.000,1782553265000,1_1,dop1,37664,out,na,160155.0,0c 17 17 17 17 0c 0c 0c 0c 0c 17 17 17 17 17 17
2026-06-27T15:11:05.000,1782553265000,1_1,dop2,37665,out,na,160155.0,0c 17 17 17 17 0c 0c 0c 0c 0c 17 17 17 17 17 17
2026-06-27T15:11:05.000,1782553265000,1_1,nms hlth,37666,out,pass,160155.0,02 06 0b 00 3f 00 00 00 bb bb 18 00 35 00 01 00 00 01 00 01 01 1b 06 1a 0f 0b 05 09 00 01 01 00 02 01 00 0d 00 00 0e 00 00 0f 00 00 10 00 00 11 00 00 00 29 00 00 39 4a 67 19 26 82 38 17 59
2026-06-27T15:11:05.000,1782553265000,1_1,nms rssi,37667,out,pass,160155.0,02 06 0c 00 31 00 00 00 aa aa 20 00 29 00 01 00 00 01 00 01 01 1b 06 1a 0f 0b 05 00 00 00 00 00 00 00 00 00 00 00 00 00 00 00 00 00 00 86 7b 1f 30
2026-06-27T15:11:05.000,1782553265000,1_1,linfo,37668,,pass,160155.0,01 02 01 00 00 00 a0 00 b6 03 b6 03 02 16 16 02 05 05 05 02 1e 00 00 00 1e 00 00 01 02 05 08 0a 1e 00 19 0f 05 05 00 00 00 3f 5a 00 05 03 03 06 06 02 04 0a b4 00 3c 00 f0 00 b8 0b 0e 05 1e 0f 08 5a 0f 02 1e 00 05 00 1e 00 78 00 0f 50 00 64 00 2c 01 b8 0b f4 01 dc 05 0a c8 00 2c 01 32 32 32 1e 2c 01 58 02 b8 0b b8 0b 64 00 f4 01 64 00 0f 05 02 78 00 78 00 19 3c 3c 02 41 42 43 44 00 00 00 00 00 00 00 00 00 00 00 00 00 00 00 00 00 00 00 00 00 00 00 00 00 00 00 00 00 00 00 00 00 00 00 00 58 59 5a 41 00 00 00 00 00 00 00 00 00 00 00 00 00 00 00 00 00 00 00 00 00 00 00 00 00 00 00 00 00 00 00 00 00 00 00 00 01 00 00 7f 51 c3 00 00 01 00 00 7f 52 c3 00 00 c0 a8 a7 f4 01 70 17 03 28 02 0f 00 00 00 41 00 00 a0 40 66 66 86 40 66 66 66 40 00 00 00 00 fa 00 64 00 50 00 50 00 dc 05 64 00 32 00 00 00 03 00 c1 4a 13 f6 01 01 4c 4f 43 4f 5f 54 43 41 53 5f 42 52 41 4b 49 4e 47 00 c3 00 00 00 72 00 6e 00 61 00 6c 00 30 ed 3f 1d c3 00 00 00 29 43 a0 64 64 96 00 fa 00 0a 00 04 04 04 03 03 04 32 09 09 32 0a 0a 46 0b 0b 64 0c 0c ff 00 00 64 00 00 00 01 00 02 00 01 3c 00 00 14 1e 37 4b 03 02 04 00 00 00 79 89 f3 f0
2026-06-27T15:11:06.000,1782553266000,1_1,dop1,37669,out,na,160155.0,0c 17 17 17 17 0c 0c 0c 0c 0c 17 17 17 17 17 17
2026-06-27T15:11:06.000,1782553266000,1_1,dop2,37670,out,na,160155.0,0c 17 17 17 17 0c 0c 0c 0c 0c 17 17 17 17 17 17
2026-06-27T15:11:06.000,1782553266000,1_1,dmi,37671,out,na,160155.0,aa aa 74 02 01 0a 6f 00 8f 24 00 00 00 00 00 00 00 00 00 00 1b 06 ea 07 0f 0b 06 00 00 00 00 00 00 00 00 40 00 00 00 00 00 00 01 00 00 20 00 00 00 00 00 00 00 00 00 00 00 50 00 00 00 00 00 00 00 00 00 00 00 00 fa 00 00 00 00 00 01 00 00 0d 6a 0d 00 00 00 00 00 00 00 00 00 00 00 00 f0 3c 00 f4 01 00 00 00 00 08 06 0f 00 00 01 00 bd 73 12 b6 bb bb
2026-06-27T15:11:06.000,1782553266000,1_1,dop1,37672,out,na,160155.0,0c 17 17 17 17 0c 0c 0c 0c 0c 17 17 17 17 17 17
2026-06-27T15:11:06.000,1782553266000,1_1,dop2,37673,out,na,160155.0,0c 17 17 17 17 0c 0c 0c 0c 0c 17 17 17 17 17 17
2026-06-27T15:11:06.000,1782553266000,1_1,arp,37674,out,fail,160155.0,02 07 0d 00 27 00 00 00 00 00 d3 ad 58 b0 00 01 40 00 00 07 d0 00 04 00 00 00 00 00 00 00 00 00 09 66 c0 ea 1b d6 ac
2026-06-27T15:11:06.000,1782553266000,1_1,dop1,37675,out,na,160155.0,0c 17 17 17 17 0c 0c 0c 0c 0c 17 17 17 17 17 17
2026-06-27T15:11:06.000,1782553266000,1_1,dop2,37676,out,na,160155.0,0c 17 17 17 17 0c 0c 0c 0c 0c 17 17 17 17 17 17
2026-06-27T15:11:06.000,1782553266000,1_1,nms hlth,37677,out,pass,160155.0,02 06 0b 00 3f 00 00 00 bb bb 18 00 35 00 01 00 00 01 00 01 01 1b 06 1a 0f 0b 06 09 00 01 01 00 02 01 00 0d 00 00 0e 00 00 0f 00 00 10 00 00 11 00 00 00 29 00 00 39 4a 67 19 26 d9 2f a6 4c
2026-06-27T15:11:06.000,1782553266000,1_1,nms rssi,37678,out,pass,160155.0,02 06 0c 00 31 00 00 00 aa aa 20 00 29 00 01 00 00 01 00 01 01 1b 06 1a 0f 0b 06 00 00 00 00 00 00 00 00 00 00 00 00 00 00 00 00 00 00 25 2d 99 99
2026-06-27T15:11:06.000,1782553266000,1_1,linfo,37679,,pass,160155.0,01 02 01 00 00 00 a0 00 b6 03 b6 03 02 16 16 02 05 05 05 02 1e 00 00 00 1e 00 00 01 02 05 08 0a 1e 00 19 0f 05 05 00 00 00 3f 5a 00 05 03 03 06 06 02 04 0a b4 00 3c 00 f0 00 b8 0b 0e 05 1e 0f 08 5a 0f 02 1e 00 05 00 1e 00 78 00 0f 50 00 64 00 2c 01 b8 0b f4 01 dc 05 0a c8 00 2c 01 32 32 32 1e 2c 01 58 02 b8 0b b8 0b 64 00 f4 01 64 00 0f 05 02 78 00 78 00 19 3c 3c 02 41 42 43 44 00 00 00 00 00 00 00 00 00 00 00 00 00 00 00 00 00 00 00 00 00 00 00 00 00 00 00 00 00 00 00 00 00 00 00 00 58 59 5a 41 00 00 00 00 00 00 00 00 00 00 00 00 00 00 00 00 00 00 00 00 00 00 00 00 00 00 00 00 00 00 00 00 00 00 00 00 01 00 00 7f 51 c3 00 00 01 00 00 7f 52 c3 00 00 c0 a8 a7 f4 01 70 17 03 28 02 0f 00 00 00 41 00 00 a0 40 66 66 86 40 66 66 66 40 00 00 00 00 fa 00 64 00 50 00 50 00 dc 05 64 00 32 00 00 00 03 00 c1 4a 13 f6 01 01 4c 4f 43 4f 5f 54 43 41 53 5f 42 52 41 4b 49 4e 47 00 c3 00 00 00 72 00 6e 00 61 00 6c 00 30 ed 3f 1d c3 00 00 00 29 43 a0 64 64 96 00 fa 00 0a 00 04 04 04 03 03 04 32 09 09 32 0a 0a 46 0b 0b 64 0c 0c ff 00 00 64 00 00 00 01 00 02 00 01 3c 00 00 14 1e 37 4b 03 02 04 00 00 00 79 89 f3 f0
2026-06-27T15:11:06.000,1782553266000,1_1,dop1,37680,out,na,160155.0,0c 17 17 17 17 0c 0c 0c 0c 0c 17 17 17 17 17 17
2026-06-27T15:11:06.000,1782553266000,1_1,dop2,37681,out,na,160155.0,0c 17 17 17 17 0c 0c 0c 0c 0c 17 17 17 17 17 17
2026-06-27T15:11:06.000,1782553266000,1_1,dmi,37682,out,na,160155.0,aa aa 74 02 01 0a 6f 00 ae 24 00 00 00 00 00 00 00 00 00 00 1b 06 ea 07 0f 0b 06 00 00 00 00 00 00 00 00 40 00 00 00 00 00 00 01 00 00 20 00 00 00 00 00 00 00 00 00 00 00 50 00 00 00 00 00 00 00 00 00 00 00 00 fa 00 00 00 00 00 01 00 00 0d 6a 0d 00 00 00 00 00 00 00 00 00 00 00 00 f0 3c 00 f4 01 00 00 00 00 08 06 0f 00 00 01 00 8f 19 29 b1 bb bb
2026-06-27T15:11:07.000,1782553267000,1_1,dop1,37683,out,na,160155.0,0c 17 17 17 17 0c 0c 0c 0c 0c 17 17 17 17 17 17
2026-06-27T15:11:07.000,1782553267000,1_1,dop2,37684,out,na,160155.0,0c 17 17 17 17 0c 0c 0c 0c 0c 17 17 17 17 17 17
2026-06-27T15:11:07.000,1782553267000,1_1,dop1,37685,out,na,160155.0,0c 17 17 17 17 0c 0c 0c 0c 0c 17 17 17 17 17 17
2026-06-27T15:11:07.000,1782553267000,1_1,dop2,37686,out,na,160155.0,0c 17 17 17 17 0c 0c 0c 0c 0c 17 17 17 17 17 17
2026-06-27T15:11:08.000,1782553268000,1_1,nms hlth,37687,out,pass,160155.0,02 06 0b 00 3f 00 00 00 bb bb 18 00 35 00 01 00 00 01 00 01 01 1b 06 1a 0f 0b 08 09 00 01 01 00 02 01 00 0d 00 00 0e 00 00 0f 00 00 10 00 00 11 00 00 00 29 00 00 39 4a 67 19 26 03 e5 45 bf
2026-06-27T15:11:08.000,1782553268000,1_1,nms rssi,37688,out,pass,160155.0,02 06 0c 00 31 00 00 00 aa aa 20 00 29 00 01 00 00 01 00 01 01 1b 06 1a 0f 0b 08 00 00 00 00 00 00 00 00 00 00 00 00 00 00 00 00 00 00 b1 50 8f 0f
2026-06-27T15:11:08.000,1782553268000,1_1,linfo,37689,,pass,160155.0,01 02 01 00 00 00 a0 00 b6 03 b6 03 02 16 16 02 05 05 05 02 1e 00 00 00 1e 00 00 01 02 05 08 0a 1e 00 19 0f 05 05 00 00 00 3f 5a 00 05 03 03 06 06 02 04 0a b4 00 3c 00 f0 00 b8 0b 0e 05 1e 0f 08 5a 0f 02 1e 00 05 00 1e 00 78 00 0f 50 00 64 00 2c 01 b8 0b f4 01 dc 05 0a c8 00 2c 01 32 32 32 1e 2c 01 58 02 b8 0b b8 0b 64 00 f4 01 64 00 0f 05 02 78 00 78 00 19 3c 3c 02 41 42 43 44 00 00 00 00 00 00 00 00 00 00 00 00 00 00 00 00 00 00 00 00 00 00 00 00 00 00 00 00 00 00 00 00 00 00 00 00 58 59 5a 41 00 00 00 00 00 00 00 00 00 00 00 00 00 00 00 00 00 00 00 00 00 00 00 00 00 00 00 00 00 00 00 00 00 00 00 00 01 00 00 7f 51 c3 00 00 01 00 00 7f 52 c3 00 00 c0 a8 a7 f4 01 70 17 03 28 02 0f 00 00 00 41 00 00 a0 40 66 66 86 40 66 66 66 40 00 00 00 00 fa 00 64 00 50 00 50 00 dc 05 64 00 32 00 00 00 03 00 c1 4a 13 f6 01 01 4c 4f 43 4f 5f 54 43 41 53 5f 42 52 41 4b 49 4e 47 00 c3 00 00 00 72 00 6e 00 61 00 6c 00 30 ed 3f 1d c3 00 00 00 29 43 a0 64 64 96 00 fa 00 0a 00 04 04 04 03 03 04 32 09 09 32 0a 0a 46 0b 0b 64 0c 0c ff 00 00 64 00 00 00 01 00 02 00 01 3c 00 00 14 1e 37 4b 03 02 04 00 00 00 79 89 f3 f0
2026-06-27T15:11:08.000,1782553268000,1_1,dmi,37690,out,na,160155.0,aa aa 74 02 01 0a 6f 00 cd 24 00 00 00 00 00 00 00 00 00 00 1b 06 ea 07 0f 0b 08 00 00 00 00 00 00 00 00 40 00 00 00 00 00 00 01 00 00 20 00 00 00 00 00 00 00 00 00 00 00 50 00 00 00 00 00 00 00 00 00 00 00 00 fa 00 00 00 00 00 01 00 00 0d 6a 0d 00 00 00 00 00 00 00 00 00 00 00 00 f0 3c 00 f4 01 00 00 00 00 08 06 0f 00 00 01 00 81 6f 92 02 bb bb
2026-06-27T15:11:08.000,1782553268000,1_1,dop1,37691,out,na,160155.0,0c 17 17 17 17 0c 0c 0c 0c 0c 17 17 17 17 17 17
2026-06-27T15:11:08.000,1782553268000,1_1,dop2,37692,out,na,160155.0,0c 17 17 17 17 0c 0c 0c 0c 0c 17 17 17 17 17 17
2026-06-27T15:11:08.000,1782553268000,1_1,dlsys,37693,in,fail,160155.0,0c 63 0a 04 09 01 50 01 00 00 00 00 15 c6 41 33
2026-06-27T15:11:08.000,1782553268000,1_1,arp,37694,out,fail,160155.0,02 07 0d 00 27 00 00 00 00 00 d3 ad 58 d0 00 01 40 00 00 07 d0 00 04 00 00 00 00 00 00 00 00 00 09 66 c0 a8 ca 67 a8
2026-06-27T15:11:08.000,1782553268000,1_1,dop1,37695,out,na,160155.0,0c 17 17 17 17 0c 0c 0c 0c 0c 17 17 17 17 17 17
2026-06-27T15:11:08.000,1782553268000,1_1,dop2,37696,out,na,160155.0,0c 17 17 17 17 0c 0c 0c 0c 0c 17 17 17 17 17 17
2026-06-27T15:11:08.000,1782553268000,1_1,dop1,37697,out,na,160155.0,0c 17 17 17 17 0c 0c 0c 0c 0c 17 17 17 17 17 17
2026-06-27T15:11:08.000,1782553268000,1_1,dop2,37698,out,na,160155.0,0c 17 17 17 17 0c 0c 0c 0c 0c 17 17 17 17 17 17
2026-06-27T15:11:08.000,1782553268000,1_1,nms hlth,37699,out,pass,160155.0,02 06 0b 00 3f 00 00 00 bb bb 18 00 35 00 01 00 00 01 00 01 01 1b 06 1a 0f 0b 08 09 00 01 01 00 02 01 00 0d 00 00 0e 00 00 0f 00 00 10 00 00 11 00 00 00 29 00 00 39 4a 67 19 26 03 e5 45 bf
2026-06-27T15:11:08.000,1782553268000,1_1,nms rssi,37700,out,pass,160155.0,02 06 0c 00 31 00 00 00 aa aa 20 00 29 00 01 00 00 01 00 01 01 1b 06 1a 0f 0b 08 00 00 00 00 00 00 00 00 00 00 00 00 00 00 00 00 00 00 b1 50 8f 0f
2026-06-27T15:11:08.000,1782553268000,1_1,linfo,37701,,pass,160155.0,01 02 01 00 00 00 a0 00 b6 03 b6 03 02 16 16 02 05 05 05 02 1e 00 00 00 1e 00 00 01 02 05 08 0a 1e 00 19 0f 05 05 00 00 00 3f 5a 00 05 03 03 06 06 02 04 0a b4 00 3c 00 f0 00 b8 0b 0e 05 1e 0f 08 5a 0f 02 1e 00 05 00 1e 00 78 00 0f 50 00 64 00 2c 01 b8 0b f4 01 dc 05 0a c8 00 2c 01 32 32 32 1e 2c 01 58 02 b8 0b b8 0b 64 00 f4 01 64 00 0f 05 02 78 00 78 00 19 3c 3c 02 41 42 43 44 00 00 00 00 00 00 00 00 00 00 00 00 00 00 00 00 00 00 00 00 00 00 00 00 00 00 00 00 00 00 00 00 00 00 00 00 58 59 5a 41 00 00 00 00 00 00 00 00 00 00 00 00 00 00 00 00 00 00 00 00 00 00 00 00 00 00 00 00 00 00 00 00 00 00 00 00 01 00 00 7f 51 c3 00 00 01 00 00 7f 52 c3 00 00 c0 a8 a7 f4 01 70 17 03 28 02 0f 00 00 00 41 00 00 a0 40 66 66 86 40 66 66 66 40 00 00 00 00 fa 00 64 00 50 00 50 00 dc 05 64 00 32 00 00 00 03 00 c1 4a 13 f6 01 01 4c 4f 43 4f 5f 54 43 41 53 5f 42 52 41 4b 49 4e 47 00 c3 00 00 00 72 00 6e 00 61 00 6c 00 30 ed 3f 1d c3 00 00 00 29 43 a0 64 64 96 00 fa 00 0a 00 04 04 04 03 03 04 32 09 09 32 0a 0a 46 0b 0b 64 0c 0c ff 00 00 64 00 00 00 01 00 02 00 01 3c 00 00 14 1e 37 4b 03 02 04 00 00 00 79 89 f3 f0
2026-06-27T15:11:08.000,1782553268000,1_1,dmi,37702,out,na,160155.0,aa aa 74 02 01 0a 6f 00 ec 24 00 00 00 00 00 00 00 00 00 00 1b 06 ea 07 0f 0b 08 00 00 00 00 00 00 00 00 40 00 00 00 00 00 00 01 00 00 20 00 00 00 00 00 00 00 00 00 00 00 50 00 00 00 00 00 00 00 00 00 00 00 00 fa 00 00 00 00 00 01 00 00 0d 6a 0d 00 00 00 00 00 00 00 00 00 00 00 00 f0 3c 00 f4 01 00 00 00 00 08 06 0f 00 00 01 00 b3 05 a9 05 bb bb
2026-06-27T15:11:09.000,1782553269000,1_1,dop1,37703,out,na,160155.0,0c 17 17 17 17 0c 0c 0c 0c 0c 17 17 17 17 17 17
2026-06-27T15:11:09.000,1782553269000,1_1,dop2,37704,out,na,160155.0,0c 17 17 17 17 0c 0c 0c 0c 0c 17 17 17 17 17 17
2026-06-27T15:11:09.000,1782553269000,1_1,dop1,37705,out,na,160155.0,0c 17 17 17 17 0c 0c 0c 0c 0c 17 17 17 17 17 17
2026-06-27T15:11:09.000,1782553269000,1_1,dop2,37706,out,na,160155.0,0c 17 17 17 17 0c 0c 0c 0c 0c 17 17 17 17 17 17
2026-06-27T15:11:09.000,1782553269000,1_1,dop1,37707,out,na,160155.0,0c 17 17 17 17 0c 0c 0c 0c 0c 17 17 17 17 17 17
2026-06-27T15:11:09.000,1782553269000,1_1,dop2,37708,out,na,160155.0,0c 17 17 17 17 0c 0c 0c 0c 0c 17 17 17 17 17 17
2026-06-27T15:11:10.000,1782553270000,1_1,ccsys,37709,in,fail,160155.0,03 01 01 00 00 00 00 00 00 00 00 00 00 00 00 00 00 00 00 00 00 00 00 00 00 00 00 00 00 03 01 01 0a 0a 00 00 00 00 03 03 00 00 00 00 1c 1c 33 33 00 00 00 00
2026-06-27T15:11:10.000,1782553270000,1_1,nms hlth,37710,out,pass,160155.0,02 06 0b 00 3f 00 00 00 bb bb 18 00 35 00 01 00 00 01 00 01 01 1b 06 1a 0f 0b 0a 09 00 01 01 00 02 01 00 0d 00 00 0e 00 00 0f 00 00 10 00 00 11 00 00 00 29 00 00 39 4a 67 19 26 6e 00 64 59
2026-06-27T15:11:10.000,1782553270000,1_1,nms rssi,37711,out,pass,160155.0,02 06 0c 00 31 00 00 00 aa aa 20 00 29 00 01 00 00 01 00 01 01 1b 06 1a 0f 0b 0a 00 00 00 00 00 00 00 00 00 00 00 00 00 00 00 00 00 00 c5 e4 89 fe
2026-06-27T15:11:10.000,1782553270000,1_1,linfo,37712,,pass,160155.0,01 02 01 00 00 00 a0 00 b6 03 b6 03 02 16 16 02 05 05 05 02 1e 00 00 00 1e 00 00 01 02 05 08 0a 1e 00 19 0f 05 05 00 00 00 3f 5a 00 05 03 03 06 06 02 04 0a b4 00 3c 00 f0 00 b8 0b 0e 05 1e 0f 08 5a 0f 02 1e 00 05 00 1e 00 78 00 0f 50 00 64 00 2c 01 b8 0b f4 01 dc 05 0a c8 00 2c 01 32 32 32 1e 2c 01 58 02 b8 0b b8 0b 64 00 f4 01 64 00 0f 05 02 78 00 78 00 19 3c 3c 02 41 42 43 44 00 00 00 00 00 00 00 00 00 00 00 00 00 00 00 00 00 00 00 00 00 00 00 00 00 00 00 00 00 00 00 00 00 00 00 00 58 59 5a 41 00 00 00 00 00 00 00 00 00 00 00 00 00 00 00 00 00 00 00 00 00 00 00 00 00 00 00 00 00 00 00 00 00 00 00 00 01 00 00 7f 51 c3 00 00 01 00 00 7f 52 c3 00 00 c0 a8 a7 f4 01 70 17 03 28 02 0f 00 00 00 41 00 00 a0 40 66 66 86 40 66 66 66 40 00 00 00 00 fa 00 64 00 50 00 50 00 dc 05 64 00 32 00 00 00 03 00 c1 4a 13 f6 01 01 4c 4f 43 4f 5f 54 43 41 53 5f 42 52 41 4b 49 4e 47 00 c3 00 00 00 72 00 6e 00 61 00 6c 00 30 ed 3f 1d c3 00 00 00 29 43 a0 64 64 96 00 fa 00 0a 00 04 04 04 03 03 04 32 09 09 32 0a 0a 46 0b 0b 64 0c 0c ff 00 00 64 00 00 00 01 00 02 00 01 3c 00 00 14 1e 37 4b 03 02 04 00 00 00 79 89 f3 f0
2026-06-27T15:11:10.000,1782553270000,1_1,dmi,37713,out,na,160155.0,aa aa 74 02 01 0a 6f 00 0b 25 00 00 00 00 00 00 00 00 00 00 1b 06 ea 07 0f 0b 0a 00 00 00 00 00 00 00 00 40 00 00 00 00 00 00 01 00 00 20 00 00 00 00 00 00 00 00 00 00 00 50 00 00 00 00 00 00 00 00 00 00 00 00 fa 00 00 00 00 00 01 00 00 0d 6a 0d 00 00 00 00 00 00 00 00 00 00 00 00 f0 3c 00 f4 01 00 00 00 00 08 06 0f 00 00 01 00 8c 22 c5 2a bb bb
2026-06-27T15:11:10.000,1782553270000,1_1,dop1,37714,out,na,160155.0,0c 17 17 17 17 0c 0c 0c 0c 0c 17 17 17 17 17 17
2026-06-27T15:11:10.000,1782553270000,1_1,dop2,37715,out,na,160155.0,0c 17 17 17 17 0c 0c 0c 0c 0c 17 17 17 17 17 17
2026-06-27T15:11:10.000,1782553270000,1_1,arp,37716,out,fail,160155.0,02 07 0d 00 27 00 00 00 00 00 d3 ad 58 f0 00 01 40 00 00 07 d0 00 04 00 00 00 00 00 00 00 00 00 09 66 c0 20 55 f5 6b
2026-06-27T15:11:10.000,1782553270000,1_1,dop1,37717,out,na,160155.0,0c 17 17 17 17 0c 0c 0c 0c 0c 17 17 17 17 17 17
2026-06-27T15:11:10.000,1782553270000,1_1,dop2,37718,out,na,160155.0,0c 17 17 17 17 0c 0c 0c 0c 0c 17 17 17 17 17 17
2026-06-27T15:11:10.000,1782553270000,1_1,dop1,37719,out,na,160155.0,0c 17 17 17 17 0c 0c 0c 0c 0c 17 17 17 17 17 17
2026-06-27T15:11:10.000,1782553270000,1_1,dop2,37720,out,na,160155.0,0c 17 17 17 17 0c 0c 0c 0c 0c 17 17 17 17 17 17
2026-06-27T15:11:10.000,1782553270000,1_1,nms hlth,37721,out,pass,160155.0,02 06 0b 00 3f 00 00 00 bb bb 18 00 35 00 01 00 00 01 00 01 01 1b 06 1a 0f 0b 0a 09 00 01 01 00 02 01 00 0d 00 00 0e 00 00 0f 00 00 10 00 00 11 00 00 00 29 00 00 39 4a 67 19 26 6e 00 64 59
2026-06-27T15:11:10.000,1782553270000,1_1,nms rssi,37722,out,pass,160155.0,02 06 0c 00 31 00 00 00 aa aa 20 00 29 00 01 00 00 01 00 01 01 1b 06 1a 0f 0b 0a 00 00 00 00 00 00 00 00 00 00 00 00 00 00 00 00 00 00 c5 e4 89 fe
2026-06-27T15:11:10.000,1782553270000,1_1,linfo,37723,,pass,160155.0,01 02 01 00 00 00 a0 00 b6 03 b6 03 02 16 16 02 05 05 05 02 1e 00 00 00 1e 00 00 01 02 05 08 0a 1e 00 19 0f 05 05 00 00 00 3f 5a 00 05 03 03 06 06 02 04 0a b4 00 3c 00 f0 00 b8 0b 0e 05 1e 0f 08 5a 0f 02 1e 00 05 00 1e 00 78 00 0f 50 00 64 00 2c 01 b8 0b f4 01 dc 05 0a c8 00 2c 01 32 32 32 1e 2c 01 58 02 b8 0b b8 0b 64 00 f4 01 64 00 0f 05 02 78 00 78 00 19 3c 3c 02 41 42 43 44 00 00 00 00 00 00 00 00 00 00 00 00 00 00 00 00 00 00 00 00 00 00 00 00 00 00 00 00 00 00 00 00 00 00 00 00 58 59 5a 41 00 00 00 00 00 00 00 00 00 00 00 00 00 00 00 00 00 00 00 00 00 00 00 00 00 00 00 00 00 00 00 00 00 00 00 00 01 00 00 7f 51 c3 00 00 01 00 00 7f 52 c3 00 00 c0 a8 a7 f4 01 70 17 03 28 02 0f 00 00 00 41 00 00 a0 40 66 66 86 40 66 66 66 40 00 00 00 00 fa 00 64 00 50 00 50 00 dc 05 64 00 32 00 00 00 03 00 c1 4a 13 f6 01 01 4c 4f 43 4f 5f 54 43 41 53 5f 42 52 41 4b 49 4e 47 00 c3 00 00 00 72 00 6e 00 61 00 6c 00 30 ed 3f 1d c3 00 00 00 29 43 a0 64 64 96 00 fa 00 0a 00 04 04 04 03 03 04 32 09 09 32 0a 0a 46 0b 0b 64 0c 0c ff 00 00 64 00 00 00 01 00 02 00 01 3c 00 00 14 1e 37 4b 03 02 04 00 00 00 79 89 f3 f0
2026-06-27T15:11:10.000,1782553270000,1_1,dmi,37724,out,na,160155.0,aa aa 74 02 01 0a 6f 00 2a 25 00 00 00 00 00 00 00 00 00 00 1b 06 ea 07 0f 0b 0a 00 00 00 00 00 00 00 00 40 00 00 00 00 00 00 01 00 00 20 00 00 00 00 00 00 00 00 00 00 00 50 00 00 00 00 00 00 00 00 00 00 00 00 fa 00 00 00 00 00 01 00 00 0d 6a 0d 00 00 00 00 00 00 00 00 00 00 00 00 f0 3c 00 f4 01 00 00 00 00 08 06 0f 00 00 01 00 be 48 fe 2d bb bb
2026-06-27T15:11:10.000,1782553270000,1_1,dop1,37725,out,na,160155.0,0c 17 17 17 17 0c 0c 0c 0c 0c 17 17 17 17 17 17
2026-06-27T15:11:10.000,1782553270000,1_1,dop2,37726,out,na,160155.0,0c 17 17 17 17 0c 0c 0c 0c 0c 17 17 17 17 17 17
2026-06-27T15:11:11.000,1782553271000,1_1,dop1,37727,out,na,160155.0,0c 17 17 17 17 0c 0c 0c 0c 0c 17 17 17 17 17 17
2026-06-27T15:11:11.000,1782553271000,1_1,dop2,37728,out,na,160155.0,0c 17 17 17 17 0c 0c 0c 0c 0c 17 17 17 17 17 17
2026-06-27T15:11:11.000,1782553271000,1_1,dop1,37729,out,na,160155.0,0c 17 17 17 17 0c 0c 0c 0c 0c 17 17 17 17 17 17
2026-06-27T15:11:11.000,1782553271000,1_1,dop2,37730,out,na,160155.0,0c 17 17 17 17 0c 0c 0c 0c 0c 17 17 17 17 17 17
2026-06-27T15:11:12.000,1782553272000,1_1,nms hlth,37731,out,pass,160155.0,02 06 0b 00 3f 00 00 00 bb bb 18 00 35 00 01 00 00 01 00 01 01 1b 06 1a 0f 0b 0c 09 00 01 01 00 02 01 00 0d 00 00 0e 00 00 0f 00 00 10 00 00 11 00 00 00 29 00 00 39 4a 67 19 26 d8 2f 06 73
2026-06-27T15:11:12.000,1782553272000,1_1,nms rssi,37732,out,pass,160155.0,02 06 0c 00 31 00 00 00 aa aa 20 00 29 00 01 00 00 01 00 01 01 1b 06 1a 0f 0b 0c 00 00 00 00 00 00 00 00 00 00 00 00 00 00 00 00 00 00 58 38 82 ed
2026-06-27T15:11:12.000,1782553272000,1_1,linfo,37733,,pass,160155.0,01 02 01 00 00 00 a0 00 b6 03 b6 03 02 16 16 02 05 05 05 02 1e 00 00 00 1e 00 00 01 02 05 08 0a 1e 00 19 0f 05 05 00 00 00 3f 5a 00 05 03 03 06 06 02 04 0a b4 00 3c 00 f0 00 b8 0b 0e 05 1e 0f 08 5a 0f 02 1e 00 05 00 1e 00 78 00 0f 50 00 64 00 2c 01 b8 0b f4 01 dc 05 0a c8 00 2c 01 32 32 32 1e 2c 01 58 02 b8 0b b8 0b 64 00 f4 01 64 00 0f 05 02 78 00 78 00 19 3c 3c 02 41 42 43 44 00 00 00 00 00 00 00 00 00 00 00 00 00 00 00 00 00 00 00 00 00 00 00 00 00 00 00 00 00 00 00 00 00 00 00 00 58 59 5a 41 00 00 00 00 00 00 00 00 00 00 00 00 00 00 00 00 00 00 00 00 00 00 00 00 00 00 00 00 00 00 00 00 00 00 00 00 01 00 00 7f 51 c3 00 00 01 00 00 7f 52 c3 00 00 c0 a8 a7 f4 01 70 17 03 28 02 0f 00 00 00 41 00 00 a0 40 66 66 86 40 66 66 66 40 00 00 00 00 fa 00 64 00 50 00 50 00 dc 05 64 00 32 00 00 00 03 00 c1 4a 13 f6 01 01 4c 4f 43 4f 5f 54 43 41 53 5f 42 52 41 4b 49 4e 47 00 c3 00 00 00 72 00 6e 00 61 00 6c 00 30 ed 3f 1d c3 00 00 00 29 43 a0 64 64 96 00 fa 00 0a 00 04 04 04 03 03 04 32 09 09 32 0a 0a 46 0b 0b 64 0c 0c ff 00 00 64 00 00 00 01 00 02 00 01 3c 00 00 14 1e 37 4b 03 02 04 00 00 00 79 89 f3 f0
2026-06-27T15:11:12.000,1782553272000,1_1,dmi,37734,out,na,160155.0,aa aa 74 02 01 0a 6f 00 49 25 00 00 00 00 00 00 00 00 00 00 1b 06 ea 07 0f 0b 0c 00 00 00 00 00 00 00 00 40 00 00 00 00 00 00 01 00 00 20 00 00 00 00 00 00 00 00 00 00 00 50 00 00 00 00 00 00 00 00 00 00 00 00 fa 00 00 00 00 00 01 00 00 0d 6a 0d 00 00 00 00 00 00 00 00 00 00 00 00 f0 3c 00 f4 01 00 00 00 00 08 06 0f 00 00 01 00 0b 32 cb 23 bb bb
2026-06-27T15:11:12.000,1782553272000,1_1,dop1,37735,out,na,160155.0,0c 17 17 17 17 0c 0c 0c 0c 0c 17 17 17 17 17 17
2026-06-27T15:11:12.000,1782553272000,1_1,dop2,37736,out,na,160155.0,0c 17 17 17 17 0c 0c 0c 0c 0c 17 17 17 17 17 17
2026-06-27T15:11:12.000,1782553272000,1_1,arp,37737,out,fail,160155.0,02 07 0d 00 27 00 00 00 00 00 d3 ad 59 10 00 01 40 00 00 07 d0 00 04 00 00 00 00 00 00 00 00 00 09 66 c0 b6 1a ef 74
2026-06-27T15:11:12.000,1782553272000,1_1,dop1,37738,out,na,160155.0,0c 17 17 17 17 0c 0c 0c 0c 0c 17 17 17 17 17 17
2026-06-27T15:11:12.000,1782553272000,1_1,dop2,37739,out,na,160155.0,0c 17 17 17 17 0c 0c 0c 0c 0c 17 17 17 17 17 17
2026-06-27T15:11:12.000,1782553272000,1_1,dop1,37740,out,na,160155.0,0c 17 17 17 17 0c 0c 0c 0c 0c 17 17 17 17 17 17
2026-06-27T15:11:12.000,1782553272000,1_1,dop2,37741,out,na,160155.0,0c 17 17 17 17 0c 0c 0c 0c 0c 17 17 17 17 17 17
2026-06-27T15:11:12.000,1782553272000,1_1,nms hlth,37742,out,pass,160155.0,02 06 0b 00 3f 00 00 00 bb bb 18 00 35 00 01 00 00 01 00 01 01 1b 06 1a 0f 0b 0c 09 00 01 01 00 02 01 00 0d 00 00 0e 00 00 0f 00 00 10 00 00 11 00 00 00 29 00 00 39 4a 67 19 26 d8 2f 06 73
2026-06-27T15:11:12.000,1782553272000,1_1,nms rssi,37743,out,pass,160155.0,02 06 0c 00 31 00 00 00 aa aa 20 00 29 00 01 00 00 01 00 01 01 1b 06 1a 0f 0b 0c 00 00 00 00 00 00 00 00 00 00 00 00 00 00 00 00 00 00 58 38 82 ed
2026-06-27T15:11:12.000,1782553272000,1_1,linfo,37744,,pass,160155.0,01 02 01 00 00 00 a0 00 b6 03 b6 03 02 16 16 02 05 05 05 02 1e 00 00 00 1e 00 00 01 02 05 08 0a 1e 00 19 0f 05 05 00 00 00 3f 5a 00 05 03 03 06 06 02 04 0a b4 00 3c 00 f0 00 b8 0b 0e 05 1e 0f 08 5a 0f 02 1e 00 05 00 1e 00 78 00 0f 50 00 64 00 2c 01 b8 0b f4 01 dc 05 0a c8 00 2c 01 32 32 32 1e 2c 01 58 02 b8 0b b8 0b 64 00 f4 01 64 00 0f 05 02 78 00 78 00 19 3c 3c 02 41 42 43 44 00 00 00 00 00 00 00 00 00 00 00 00 00 00 00 00 00 00 00 00 00 00 00 00 00 00 00 00 00 00 00 00 00 00 00 00 58 59 5a 41 00 00 00 00 00 00 00 00 00 00 00 00 00 00 00 00 00 00 00 00 00 00 00 00 00 00 00 00 00 00 00 00 00 00 00 00 01 00 00 7f 51 c3 00 00 01 00 00 7f 52 c3 00 00 c0 a8 a7 f4 01 70 17 03 28 02 0f 00 00 00 41 00 00 a0 40 66 66 86 40 66 66 66 40 00 00 00 00 fa 00 64 00 50 00 50 00 dc 05 64 00 32 00 00 00 03 00 c1 4a 13 f6 01 01 4c 4f 43 4f 5f 54 43 41 53 5f 42 52 41 4b 49 4e 47 00 c3 00 00 00 72 00 6e 00 61 00 6c 00 30 ed 3f 1d c3 00 00 00 29 43 a0 64 64 96 00 fa 00 0a 00 04 04 04 03 03 04 32 09 09 32 0a 0a 46 0b 0b 64 0c 0c ff 00 00 64 00 00 00 01 00 02 00 01 3c 00 00 14 1e 37 4b 03 02 04 00 00 00 79 89 f3 f0
2026-06-27T15:11:12.000,1782553272000,1_1,dmi,37745,out,na,160155.0,aa aa 74 02 01 0a 6f 00 68 25 00 00 00 00 00 00 00 00 00 00 1b 06 ea 07 0f 0b 0c 00 00 00 00 00 00 00 00 40 00 00 00 00 00 00 01 00 00 20 00 00 00 00 00 00 00 00 00 00 00 50 00 00 00 00 00 00 00 00 00 00 00 00 fa 00 00 00 00 00 01 00 00 0d 6a 0d 00 00 00 00 00 00 00 00 00 00 00 00 f0 3c 00 f4 01 00 00 00 00 08 06 0f 00 00 01 00 39 58 f0 24 bb bb
2026-06-27T15:11:13.000,1782553273000,1_1,dop1,37746,out,na,160155.0,0c 17 17 17 17 0c 0c 0c 0c 0c 17 17 17 17 17 17
2026-06-27T15:11:13.000,1782553273000,1_1,dop2,37747,out,na,160155.0,0c 17 17 17 17 0c 0c 0c 0c 0c 17 17 17 17 17 17
2026-06-27T15:11:13.000,1782553273000,1_1,dop1,37748,out,na,160155.0,0c 17 17 17 17 0c 0c 0c 0c 0c 17 17 17 17 17 17
2026-06-27T15:11:13.000,1782553273000,1_1,dop2,37749,out,na,160155.0,0c 17 17 17 17 0c 0c 0c 0c 0c 17 17 17 17 17 17
2026-06-27T15:11:13.000,1782553273000,1_1,dop1,37750,out,na,160155.0,0c 17 17 17 17 0c 0c 0c 0c 0c 17 17 17 17 17 17
2026-06-27T15:11:13.000,1782553273000,1_1,dop2,37751,out,na,160155.0,0c 17 17 17 17 0c 0c 0c 0c 0c 17 17 17 17 17 17
2026-06-27T15:11:14.000,1782553274000,1_1,nms hlth,37752,out,pass,160155.0,02 06 0b 00 3f 00 00 00 bb bb 18 00 35 00 01 00 00 01 00 01 01 1b 06 1a 0f 0b 0e 09 00 01 01 00 02 01 00 0d 00 00 0e 00 00 0f 00 00 10 00 00 11 00 00 00 29 00 00 39 4a 67 19 26 b5 ca 27 95
2026-06-27T15:11:14.000,1782553274000,1_1,nms rssi,37753,out,pass,160155.0,02 06 0c 00 31 00 00 00 aa aa 20 00 29 00 01 00 00 01 00 01 01 1b 06 1a 0f 0b 0e 00 00 00 00 00 00 00 00 00 00 00 00 00 00 00 00 00 00 2c 8c 84 1c
2026-06-27T15:11:14.000,1782553274000,1_1,linfo,37754,,pass,160155.0,01 02 01 00 00 00 a0 00 b6 03 b6 03 02 16 16 02 05 05 05 02 1e 00 00 00 1e 00 00 01 02 05 08 0a 1e 00 19 0f 05 05 00 00 00 3f 5a 00 05 03 03 06 06 02 04 0a b4 00 3c 00 f0 00 b8 0b 0e 05 1e 0f 08 5a 0f 02 1e 00 05 00 1e 00 78 00 0f 50 00 64 00 2c 01 b8 0b f4 01 dc 05 0a c8 00 2c 01 32 32 32 1e 2c 01 58 02 b8 0b b8 0b 64 00 f4 01 64 00 0f 05 02 78 00 78 00 19 3c 3c 02 41 42 43 44 00 00 00 00 00 00 00 00 00 00 00 00 00 00 00 00 00 00 00 00 00 00 00 00 00 00 00 00 00 00 00 00 00 00 00 00 58 59 5a 41 00 00 00 00 00 00 00 00 00 00 00 00 00 00 00 00 00 00 00 00 00 00 00 00 00 00 00 00 00 00 00 00 00 00 00 00 01 00 00 7f 51 c3 00 00 01 00 00 7f 52 c3 00 00 c0 a8 a7 f4 01 70 17 03 28 02 0f 00 00 00 41 00 00 a0 40 66 66 86 40 66 66 66 40 00 00 00 00 fa 00 64 00 50 00 50 00 dc 05 64 00 32 00 00 00 03 00 c1 4a 13 f6 01 01 4c 4f 43 4f 5f 54 43 41 53 5f 42 52 41 4b 49 4e 47 00 c3 00 00 00 72 00 6e 00 61 00 6c 00 30 ed 3f 1d c3 00 00 00 29 43 a0 64 64 96 00 fa 00 0a 00 04 04 04 03 03 04 32 09 09 32 0a 0a 46 0b 0b 64 0c 0c ff 00 00 64 00 00 00 01 00 02 00 01 3c 00 00 14 1e 37 4b 03 02 04 00 00 00 79 89 f3 f0
2026-06-27T15:11:14.000,1782553274000,1_1,dmi,37755,out,na,160155.0,aa aa 74 02 01 0a 6f 00 87 25 00 00 00 00 00 00 00 00 00 00 1b 06 ea 07 0f 0b 0e 00 00 00 00 00 00 00 00 40 00 00 00 00 00 00 01 00 00 20 00 00 00 00 00 00 00 00 00 00 00 50 00 00 00 00 00 00 00 00 00 00 00 00 fa 00 00 00 00 00 01 00 00 0d 6a 0d 00 00 00 00 00 00 00 00 00 00 00 00 f0 3c 00 f4 01 00 00 00 00 08 06 0f 00 00 01 00 96 2e 47 32 bb bb
2026-06-27T15:11:14.000,1782553274000,1_1,dop1,37756,out,na,160155.0,0c 17 17 17 17 0c 0c 0c 0c 0c 17 17 17 17 17 17
2026-06-27T15:11:14.000,1782553274000,1_1,dop2,37757,out,na,160155.0,0c 17 17 17 17 0c 0c 0c 0c 0c 17 17 17 17 17 17
2026-06-27T15:11:14.000,1782553274000,1_1,arp,37758,out,fail,160155.0,02 07 0d 00 27 00 00 00 00 00 d3 ad 59 30 00 01 40 00 00 07 d0 00 04 00 00 00 00 00 00 00 00 00 09 66 c0 3e 85 7d b7
2026-06-27T15:11:14.000,1782553274000,1_1,dop1,37759,out,na,160155.0,0c 17 17 17 17 0c 0c 0c 0c 0c 17 17 17 17 17 17
2026-06-27T15:11:14.000,1782553274000,1_1,dop2,37760,out,na,160155.0,0c 17 17 17 17 0c 0c 0c 0c 0c 17 17 17 17 17 17
2026-06-27T15:11:14.000,1782553274000,1_1,dop1,37761,out,na,160155.0,0c 17 17 17 17 0c 0c 0c 0c 0c 17 17 17 17 17 17
2026-06-27T15:11:14.000,1782553274000,1_1,dop2,37762,out,na,160155.0,0c 17 17 17 17 0c 0c 0c 0c 0c 17 17 17 17 17 17
2026-06-27T15:11:14.000,1782553274000,1_1,ccsys,37763,in,fail,160155.0,03 01 01 00 00 00 00 00 00 00 00 00 00 00 00 00 00 00 00 00 00 00 00 00 00 00 00 00 00 03 01 01 0f 0f 00 00 00 00 03 03 00 00 00 00 1c 1c 33 33 00 00 00 00
2026-06-27T15:11:14.000,1782553274000,1_1,nms hlth,37764,out,pass,160155.0,02 06 0b 00 3f 00 00 00 bb bb 18 00 35 00 01 00 00 01 00 01 01 1b 06 1a 0f 0b 0e 09 00 01 01 00 02 01 00 0d 00 00 0e 00 00 0f 00 00 10 00 00 11 00 00 00 29 00 00 39 4a 67 19 26 b5 ca 27 95
2026-06-27T15:11:14.000,1782553274000,1_1,nms rssi,37765,out,pass,160155.0,02 06 0c 00 31 00 00 00 aa aa 20 00 29 00 01 00 00 01 00 01 01 1b 06 1a 0f 0b 0e 00 00 00 00 00 00 00 00 00 00 00 00 00 00 00 00 00 00 2c 8c 84 1c
2026-06-27T15:11:14.000,1782553274000,1_1,linfo,37766,,pass,160155.0,01 02 01 00 00 00 a0 00 b6 03 b6 03 02 16 16 02 05 05 05 02 1e 00 00 00 1e 00 00 01 02 05 08 0a 1e 00 19 0f 05 05 00 00 00 3f 5a 00 05 03 03 06 06 02 04 0a b4 00 3c 00 f0 00 b8 0b 0e 05 1e 0f 08 5a 0f 02 1e 00 05 00 1e 00 78 00 0f 50 00 64 00 2c 01 b8 0b f4 01 dc 05 0a c8 00 2c 01 32 32 32 1e 2c 01 58 02 b8 0b b8 0b 64 00 f4 01 64 00 0f 05 02 78 00 78 00 19 3c 3c 02 41 42 43 44 00 00 00 00 00 00 00 00 00 00 00 00 00 00 00 00 00 00 00 00 00 00 00 00 00 00 00 00 00 00 00 00 00 00 00 00 58 59 5a 41 00 00 00 00 00 00 00 00 00 00 00 00 00 00 00 00 00 00 00 00 00 00 00 00 00 00 00 00 00 00 00 00 00 00 00 00 01 00 00 7f 51 c3 00 00 01 00 00 7f 52 c3 00 00 c0 a8 a7 f4 01 70 17 03 28 02 0f 00 00 00 41 00 00 a0 40 66 66 86 40 66 66 66 40 00 00 00 00 fa 00 64 00 50 00 50 00 dc 05 64 00 32 00 00 00 03 00 c1 4a 13 f6 01 01 4c 4f 43 4f 5f 54 43 41 53 5f 42 52 41 4b 49 4e 47 00 c3 00 00 00 72 00 6e 00 61 00 6c 00 30 ed 3f 1d c3 00 00 00 29 43 a0 64 64 96 00 fa 00 0a 00 04 04 04 03 03 04 32 09 09 32 0a 0a 46 0b 0b 64 0c 0c ff 00 00 64 00 00 00 01 00 02 00 01 3c 00 00 14 1e 37 4b 03 02 04 00 00 00 79 89 f3 f0
2026-06-27T15:11:14.000,1782553274000,1_1,dmi,37767,out,na,160155.0,aa aa 74 02 01 0a 6f 00 a6 25 00 00 00 00 00 00 00 00 00 00 1b 06 ea 07 0f 0b 0e 00 00 00 00 00 00 00 00 40 00 00 00 00 00 00 01 00 00 20 00 00 00 00 00 00 00 00 00 00 00 50 00 00 00 00 00 00 00 00 00 00 00 00 fa 00 00 00 00 00 01 00 00 0d 6a 0d 00 00 00 00 00 00 00 00 00 00 00 00 f0 3c 00 f4 01 00 00 00 00 08 06 0f 00 00 01 00 a4 44 7c 35 bb bb
2026-06-27T15:11:15.000,1782553275000,1_1,dop1,37768,out,na,160155.0,0c 17 17 17 17 0c 0c 0c 0c 0c 17 17 17 17 17 17
2026-06-27T15:11:15.000,1782553275000,1_1,dop2,37769,out,na,160155.0,0c 17 17 17 17 0c 0c 0c 0c 0c 17 17 17 17 17 17
2026-06-27T15:11:15.000,1782553275000,1_1,dop1,37770,out,na,160155.0,0c 17 17 17 17 0c 0c 0c 0c 0c 17 17 17 17 17 17
2026-06-27T15:11:15.000,1782553275000,1_1,dop2,37771,out,na,160155.0,0c 17 17 17 17 0c 0c 0c 0c 0c 17 17 17 17 17 17
2026-06-27T15:11:15.000,1782553275000,1_1,dop1,37772,out,na,160155.0,0c 17 17 17 17 0c 0c 0c 0c 0c 17 17 17 17 17 17
2026-06-27T15:11:15.000,1782553275000,1_1,dop2,37773,out,na,160155.0,0c 17 17 17 17 0c 0c 0c 0c 0c 17 17 17 17 17 17
2026-06-27T15:11:16.000,1782553276000,1_1,nms hlth,37774,out,pass,160155.0,02 06 0b 00 3f 00 00 00 bb bb 18 00 35 00 01 00 00 01 00 01 01 1b 06 1a 0f 0b 10 09 00 01 01 00 02 01 00 0d 00 00 0e 00 00 0f 00 00 10 00 00 11 00 00 00 29 00 00 39 4a 67 19 26 b6 cb c7 d4
2026-06-27T15:11:16.000,1782553276000,1_1,nms rssi,37775,out,pass,160155.0,02 06 0c 00 31 00 00 00 aa aa 20 00 29 00 01 00 00 01 00 01 01 1b 06 1a 0f 0b 10 00 00 00 00 00 00 00 00 00 00 00 00 00 00 00 00 00 00 ab b3 a9 80
2026-06-27T15:11:16.000,1782553276000,1_1,linfo,37776,,pass,160155.0,01 02 01 00 00 00 a0 00 b6 03 b6 03 02 16 16 02 05 05 05 02 1e 00 00 00 1e 00 00 01 02 05 08 0a 1e 00 19 0f 05 05 00 00 00 3f 5a 00 05 03 03 06 06 02 04 0a b4 00 3c 00 f0 00 b8 0b 0e 05 1e 0f 08 5a 0f 02 1e 00 05 00 1e 00 78 00 0f 50 00 64 00 2c 01 b8 0b f4 01 dc 05 0a c8 00 2c 01 32 32 32 1e 2c 01 58 02 b8 0b b8 0b 64 00 f4 01 64 00 0f 05 02 78 00 78 00 19 3c 3c 02 41 42 43 44 00 00 00 00 00 00 00 00 00 00 00 00 00 00 00 00 00 00 00 00 00 00 00 00 00 00 00 00 00 00 00 00 00 00 00 00 58 59 5a 41 00 00 00 00 00 00 00 00 00 00 00 00 00 00 00 00 00 00 00 00 00 00 00 00 00 00 00 00 00 00 00 00 00 00 00 00 01 00 00 7f 51 c3 00 00 01 00 00 7f 52 c3 00 00 c0 a8 a7 f4 01 70 17 03 28 02 0f 00 00 00 41 00 00 a0 40 66 66 86 40 66 66 66 40 00 00 00 00 fa 00 64 00 50 00 50 00 dc 05 64 00 32 00 00 00 03 00 c1 4a 13 f6 01 01 4c 4f 43 4f 5f 54 43 41 53 5f 42 52 41 4b 49 4e 47 00 c3 00 00 00 72 00 6e 00 61 00 6c 00 30 ed 3f 1d c3 00 00 00 29 43 a0 64 64 96 00 fa 00 0a 00 04 04 04 03 03 04 32 09 09 32 0a 0a 46 0b 0b 64 0c 0c ff 00 00 64 00 00 00 01 00 02 00 01 3c 00 00 14 1e 37 4b 03 02 04 00 00 00 79 89 f3 f0
2026-06-27T15:11:16.000,1782553276000,1_1,dmi,37777,out,na,160155.0,aa aa 74 02 01 0a 6f 00 c5 25 00 00 00 00 00 00 00 00 00 00 1b 06 ea 07 0f 0b 10 00 00 00 00 00 00 00 00 40 00 00 00 00 00 00 01 00 00 20 00 00 00 00 00 00 00 00 00 00 00 50 00 00 00 00 00 00 00 00 00 00 00 00 fa 00 00 00 00 00 01 00 00 0d 6a 0d 00 00 00 00 00 00 00 00 00 00 00 00 f0 3c 00 f4 01 00 00 00 00 08 06 0f 00 00 01 00 9d 2d aa 26 bb bb
2026-06-27T15:11:16.000,1782553276000,1_1,dop1,37778,out,na,160155.0,0c 17 17 17 17 0c 0c 0c 0c 0c 17 17 17 17 17 17
2026-06-27T15:11:16.000,1782553276000,1_1,dop2,37779,out,na,160155.0,0c 17 17 17 17 0c 0c 0c 0c 0c 17 17 17 17 17 17
2026-06-27T15:11:16.000,1782553276000,1_1,arp,37780,out,fail,160155.0,02 07 0d 00 27 00 00 00 00 00 d3 ad 59 50 00 01 40 00 00 07 d0 00 04 00 00 00 00 00 00 00 00 00 09 66 c0 7c 54 cc b3
2026-06-27T15:11:16.000,1782553276000,1_1,dop1,37781,out,na,160155.0,0c 17 17 17 17 0c 0c 0c 0c 0c 17 17 17 17 17 17
2026-06-27T15:11:16.000,1782553276000,1_1,dop2,37782,out,na,160155.0,0c 17 17 17 17 0c 0c 0c 0c 0c 17 17 17 17 17 17
2026-06-27T15:11:16.000,1782553276000,1_1,dop1,37783,out,na,160155.0,0c 17 17 17 17 0c 0c 0c 0c 0c 17 17 17 17 17 17
2026-06-27T15:11:16.000,1782553276000,1_1,dop2,37784,out,na,160155.0,0c 17 17 17 17 0c 0c 0c 0c 0c 17 17 17 17 17 17
2026-06-27T15:11:16.000,1782553276000,1_1,nms hlth,37785,out,pass,160155.0,02 06 0b 00 3f 00 00 00 bb bb 18 00 35 00 01 00 00 01 00 01 01 1b 06 1a 0f 0b 10 09 00 01 01 00 02 01 00 0d 00 00 0e 00 00 0f 00 00 10 00 00 11 00 00 00 29 00 00 39 4a 67 19 26 b6 cb c7 d4
2026-06-27T15:11:16.000,1782553276000,1_1,nms rssi,37786,out,pass,160155.0,02 06 0c 00 31 00 00 00 aa aa 20 00 29 00 01 00 00 01 00 01 01 1b 06 1a 0f 0b 10 00 00 00 00 00 00 00 00 00 00 00 00 00 00 00 00 00 00 ab b3 a9 80
2026-06-27T15:11:16.000,1782553276000,1_1,linfo,37787,,pass,160155.0,01 02 01 00 00 00 a0 00 b6 03 b6 03 02 16 16 02 05 05 05 02 1e 00 00 00 1e 00 00 01 02 05 08 0a 1e 00 19 0f 05 05 00 00 00 3f 5a 00 05 03 03 06 06 02 04 0a b4 00 3c 00 f0 00 b8 0b 0e 05 1e 0f 08 5a 0f 02 1e 00 05 00 1e 00 78 00 0f 50 00 64 00 2c 01 b8 0b f4 01 dc 05 0a c8 00 2c 01 32 32 32 1e 2c 01 58 02 b8 0b b8 0b 64 00 f4 01 64 00 0f 05 02 78 00 78 00 19 3c 3c 02 41 42 43 44 00 00 00 00 00 00 00 00 00 00 00 00 00 00 00 00 00 00 00 00 00 00 00 00 00 00 00 00 00 00 00 00 00 00 00 00 58 59 5a 41 00 00 00 00 00 00 00 00 00 00 00 00 00 00 00 00 00 00 00 00 00 00 00 00 00 00 00 00 00 00 00 00 00 00 00 00 01 00 00 7f 51 c3 00 00 01 00 00 7f 52 c3 00 00 c0 a8 a7 f4 01 70 17 03 28 02 0f 00 00 00 41 00 00 a0 40 66 66 86 40 66 66 66 40 00 00 00 00 fa 00 64 00 50 00 50 00 dc 05 64 00 32 00 00 00 03 00 c1 4a 13 f6 01 01 4c 4f 43 4f 5f 54 43 41 53 5f 42 52 41 4b 49 4e 47 00 c3 00 00 00 72 00 6e 00 61 00 6c 00 30 ed 3f 1d c3 00 00 00 29 43 a0 64 64 96 00 fa 00 0a 00 04 04 04 03 03 04 32 09 09 32 0a 0a 46 0b 0b 64 0c 0c ff 00 00 64 00 00 00 01 00 02 00 01 3c 00 00 14 1e 37 4b 03 02 04 00 00 00 79 89 f3 f0
2026-06-27T15:11:16.000,1782553276000,1_1,dmi,37788,out,na,160155.0,aa aa 74 02 01 0a 6f 00 e5 25 00 00 00 00 00 00 00 00 00 00 1b 06 ea 07 0f 0b 10 00 00 00 00 00 00 00 00 40 00 00 00 00 00 00 01 00 00 20 00 00 00 00 00 00 00 00 00 00 00 50 00 00 00 00 00 00 00 00 00 00 00 00 fa 00 00 00 00 00 01 00 00 0d 6a 0d 00 00 00 00 00 00 00 00 00 00 00 00 f0 3c 00 f4 01 00 00 00 00 08 06 0f 00 00 01 00 e2 a1 79 97 bb bb
2026-06-27T15:11:17.000,1782553277000,1_1,dop1,37789,out,na,160155.0,0c 17 17 17 17 0c 0c 0c 0c 0c 17 17 17 17 17 17
2026-06-27T15:11:17.000,1782553277000,1_1,dop2,37790,out,na,160155.0,0c 17 17 17 17 0c 0c 0c 0c 0c 17 17 17 17 17 17
2026-06-27T15:11:17.000,1782553277000,1_1,dop1,37791,out,na,160155.0,0c 17 17 17 17 0c 0c 0c 0c 0c 17 17 17 17 17 17
2026-06-27T15:11:17.000,1782553277000,1_1,dop2,37792,out,na,160155.0,0c 17 17 17 17 0c 0c 0c 0c 0c 17 17 17 17 17 17
2026-06-27T15:11:17.000,1782553277000,1_1,dop1,37793,out,na,160155.0,0c 17 17 17 17 0c 0c 0c 0c 0c 17 17 17 17 17 17
2026-06-27T15:11:17.000,1782553277000,1_1,dop2,37794,out,na,160155.0,0c 17 17 17 17 0c 0c 0c 0c 0c 17 17 17 17 17 17
2026-06-27T15:11:18.000,1782553278000,1_1,nms hlth,37795,out,pass,160155.0,02 06 0b 00 3f 00 00 00 bb bb 18 00 35 00 01 00 00 01 00 01 01 1b 06 1a 0f 0b 12 09 00 01 01 00 02 01 00 0d 00 00 0e 00 00 0f 00 00 10 00 00 11 00 00 00 29 00 00 39 4a 67 19 26 db 2e e6 32
2026-06-27T15:11:18.000,1782553278000,1_1,nms rssi,37796,out,pass,160155.0,02 06 0c 00 31 00 00 00 aa aa 20 00 29 00 01 00 00 01 00 01 01 1b 06 1a 0f 0b 12 00 00 00 00 00 00 00 00 00 00 00 00 00 00 00 00 00 00 df 07 af 71
2026-06-27T15:11:18.000,1782553278000,1_1,linfo,37797,,pass,160155.0,01 02 01 00 00 00 a0 00 b6 03 b6 03 02 16 16 02 05 05 05 02 1e 00 00 00 1e 00 00 01 02 05 08 0a 1e 00 19 0f 05 05 00 00 00 3f 5a 00 05 03 03 06 06 02 04 0a b4 00 3c 00 f0 00 b8 0b 0e 05 1e 0f 08 5a 0f 02 1e 00 05 00 1e 00 78 00 0f 50 00 64 00 2c 01 b8 0b f4 01 dc 05 0a c8 00 2c 01 32 32 32 1e 2c 01 58 02 b8 0b b8 0b 64 00 f4 01 64 00 0f 05 02 78 00 78 00 19 3c 3c 02 41 42 43 44 00 00 00 00 00 00 00 00 00 00 00 00 00 00 00 00 00 00 00 00 00 00 00 00 00 00 00 00 00 00 00 00 00 00 00 00 58 59 5a 41 00 00 00 00 00 00 00 00 00 00 00 00 00 00 00 00 00 00 00 00 00 00 00 00 00 00 00 00 00 00 00 00 00 00 00 00 01 00 00 7f 51 c3 00 00 01 00 00 7f 52 c3 00 00 c0 a8 a7 f4 01 70 17 03 28 02 0f 00 00 00 41 00 00 a0 40 66 66 86 40 66 66 66 40 00 00 00 00 fa 00 64 00 50 00 50 00 dc 05 64 00 32 00 00 00 03 00 c1 4a 13 f6 01 01 4c 4f 43 4f 5f 54 43 41 53 5f 42 52 41 4b 49 4e 47 00 c3 00 00 00 72 00 6e 00 61 00 6c 00 30 ed 3f 1d c3 00 00 00 29 43 a0 64 64 96 00 fa 00 0a 00 04 04 04 03 03 04 32 09 09 32 0a 0a 46 0b 0b 64 0c 0c ff 00 00 64 00 00 00 01 00 02 00 01 3c 00 00 14 1e 37 4b 03 02 04 00 00 00 79 89 f3 f0
2026-06-27T15:11:18.000,1782553278000,1_1,dmi,37798,out,na,160155.0,aa aa 74 02 01 0a 6f 00 03 26 00 00 00 00 00 00 00 00 00 00 1b 06 ea 07 0f 0b 12 00 00 00 00 00 00 00 00 40 00 00 00 00 00 00 01 00 00 20 00 00 00 00 00 00 00 00 00 00 00 50 00 00 00 00 00 00 00 00 00 00 00 00 fa 00 00 00 00 00 01 00 00 0d 6a 0d 00 00 00 00 00 00 00 00 00 00 00 00 f0 3c 00 f4 01 00 00 00 00 08 06 0f 00 00 01 00 af 86 1a c8 bb bb
2026-06-27T15:11:18.000,1782553278000,1_1,dop1,37799,out,na,160155.0,0c 17 17 17 17 0c 0c 0c 0c 0c 17 17 17 17 17 17
2026-06-27T15:11:18.000,1782553278000,1_1,dop2,37800,out,na,160155.0,0c 17 17 17 17 0c 0c 0c 0c 0c 17 17 17 17 17 17
2026-06-27T15:11:18.000,1782553278000,1_1,dlsys,37801,in,fail,160155.0,0c 63 0a 04 09 01 50 01 00 00 00 00 ce e3 20 4f
2026-06-27T15:11:18.000,1782553278000,1_1,arp,37802,out,fail,160155.0,02 07 0d 00 27 00 00 00 00 00 d3 ad 59 70 00 01 40 00 00 07 d0 00 04 00 00 00 00 00 00 00 00 00 09 66 c0 f4 cb 5e 70
2026-06-27T15:11:18.000,1782553278000,1_1,dop1,37803,out,na,160155.0,0c 17 17 17 17 0c 0c 0c 0c 0c 17 17 17 17 17 17
2026-06-27T15:11:18.000,1782553278000,1_1,dop2,37804,out,na,160155.0,0c 17 17 17 17 0c 0c 0c 0c 0c 17 17 17 17 17 17
2026-06-27T15:11:18.000,1782553278000,1_1,dop1,37805,out,na,160155.0,0c 17 17 17 17 0c 0c 0c 0c 0c 17 17 17 17 17 17
2026-06-27T15:11:18.000,1782553278000,1_1,dop2,37806,out,na,160155.0,0c 17 17 17 17 0c 0c 0c 0c 0c 17 17 17 17 17 17
2026-06-27T15:11:18.000,1782553278000,1_1,nms hlth,37807,out,pass,160155.0,02 06 0b 00 3f 00 00 00 bb bb 18 00 35 00 01 00 00 01 00 01 01 1b 06 1a 0f 0b 12 09 00 01 01 00 02 01 00 0d 00 00 0e 00 00 0f 00 00 10 00 00 11 00 00 00 29 00 00 39 4a 67 19 26 db 2e e6 32
2026-06-27T15:11:18.000,1782553278000,1_1,nms rssi,37808,out,pass,160155.0,02 06 0c 00 31 00 00 00 aa aa 20 00 29 00 01 00 00 01 00 01 01 1b 06 1a 0f 0b 12 00 00 00 00 00 00 00 00 00 00 00 00 00 00 00 00 00 00 df 07 af 71
2026-06-27T15:11:18.000,1782553278000,1_1,linfo,37809,,pass,160155.0,01 02 01 00 00 00 a0 00 b6 03 b6 03 02 16 16 02 05 05 05 02 1e 00 00 00 1e 00 00 01 02 05 08 0a 1e 00 19 0f 05 05 00 00 00 3f 5a 00 05 03 03 06 06 02 04 0a b4 00 3c 00 f0 00 b8 0b 0e 05 1e 0f 08 5a 0f 02 1e 00 05 00 1e 00 78 00 0f 50 00 64 00 2c 01 b8 0b f4 01 dc 05 0a c8 00 2c 01 32 32 32 1e 2c 01 58 02 b8 0b b8 0b 64 00 f4 01 64 00 0f 05 02 78 00 78 00 19 3c 3c 02 41 42 43 44 00 00 00 00 00 00 00 00 00 00 00 00 00 00 00 00 00 00 00 00 00 00 00 00 00 00 00 00 00 00 00 00 00 00 00 00 58 59 5a 41 00 00 00 00 00 00 00 00 00 00 00 00 00 00 00 00 00 00 00 00 00 00 00 00 00 00 00 00 00 00 00 00 00 00 00 00 01 00 00 7f 51 c3 00 00 01 00 00 7f 52 c3 00 00 c0 a8 a7 f4 01 70 17 03 28 02 0f 00 00 00 41 00 00 a0 40 66 66 86 40 66 66 66 40 00 00 00 00 fa 00 64 00 50 00 50 00 dc 05 64 00 32 00 00 00 03 00 c1 4a 13 f6 01 01 4c 4f 43 4f 5f 54 43 41 53 5f 42 52 41 4b 49 4e 47 00 c3 00 00 00 72 00 6e 00 61 00 6c 00 30 ed 3f 1d c3 00 00 00 29 43 a0 64 64 96 00 fa 00 0a 00 04 04 04 03 03 04 32 09 09 32 0a 0a 46 0b 0b 64 0c 0c ff 00 00 64 00 00 00 01 00 02 00 01 3c 00 00 14 1e 37 4b 03 02 04 00 00 00 79 89 f3 f0
2026-06-27T15:11:18.000,1782553278000,1_1,dmi,37810,out,na,160155.0,aa aa 74 02 01 0a 6f 00 23 26 00 00 00 00 00 00 00 00 00 00 1b 06 ea 07 0f 0b 12 00 00 00 00 00 00 00 00 40 00 00 00 00 00 00 01 00 00 20 00 00 00 00 00 00 00 00 00 00 00 50 00 00 00 00 00 00 00 00 00 00 00 00 fa 00 00 00 00 00 01 00 00 0d 6a 0d 00 00 00 00 00 00 00 00 00 00 00 00 f0 3c 00 f4 01 00 00 00 00 08 06 0f 00 00 01 00 d0 0a c9 79 bb bb
2026-06-27T15:11:19.000,1782553279000,1_1,dop1,37811,out,na,160155.0,0c 17 17 17 17 0c 0c 0c 0c 0c 17 17 17 17 17 17
2026-06-27T15:11:19.000,1782553279000,1_1,dop2,37812,out,na,160155.0,0c 17 17 17 17 0c 0c 0c 0c 0c 17 17 17 17 17 17
2026-06-27T15:11:19.000,1782553279000,1_1,dop1,37813,out,na,160155.0,0c 17 17 17 17 0c 0c 0c 0c 0c 17 17 17 17 17 17
2026-06-27T15:11:19.000,1782553279000,1_1,dop2,37814,out,na,160155.0,0c 17 17 17 17 0c 0c 0c 0c 0c 17 17 17 17 17 17
2026-06-27T15:11:19.000,1782553279000,1_1,dop1,37815,out,na,160155.0,0c 17 17 17 17 0c 0c 0c 0c 0c 17 17 17 17 17 17
2026-06-27T15:11:19.000,1782553279000,1_1,dop2,37816,out,na,160155.0,0c 17 17 17 17 0c 0c 0c 0c 0c 17 17 17 17 17 17
2026-06-27T15:11:20.000,1782553280000,1_1,ccsys,37817,in,fail,160155.0,03 01 01 00 00 00 00 00 00 00 00 00 00 00 00 00 00 00 00 00 00 00 00 00 00 00 00 00 00 03 01 01 14 14 00 00 00 00 03 03 00 00 00 00 1c 1c 33 33 00 00 00 00
2026-06-27T15:11:20.000,1782553280000,1_1,nms hlth,37818,out,pass,160155.0,02 06 0b 00 3f 00 00 00 bb bb 18 00 35 00 01 00 00 01 00 01 01 1b 06 1a 0f 0b 14 09 00 01 01 00 02 01 00 0d 00 00 0e 00 00 0f 00 00 10 00 00 11 00 00 00 29 00 00 39 4a 67 19 26 6d 01 84 18
2026-06-27T15:11:20.000,1782553280000,1_1,nms rssi,37819,out,pass,160155.0,02 06 0c 00 31 00 00 00 aa aa 20 00 29 00 01 00 00 01 00 01 01 1b 06 1a 0f 0b 14 00 00 00 00 00 00 00 00 00 00 00 00 00 00 00 00 00 00 42 db a4 62
2026-06-27T15:11:20.000,1782553280000,1_1,linfo,37820,,pass,160155.0,01 02 01 00 00 00 a0 00 b6 03 b6 03 02 16 16 02 05 05 05 02 1e 00 00 00 1e 00 00 01 02 05 08 0a 1e 00 19 0f 05 05 00 00 00 3f 5a 00 05 03 03 06 06 02 04 0a b4 00 3c 00 f0 00 b8 0b 0e 05 1e 0f 08 5a 0f 02 1e 00 05 00 1e 00 78 00 0f 50 00 64 00 2c 01 b8 0b f4 01 dc 05 0a c8 00 2c 01 32 32 32 1e 2c 01 58 02 b8 0b b8 0b 64 00 f4 01 64 00 0f 05 02 78 00 78 00 19 3c 3c 02 41 42 43 44 00 00 00 00 00 00 00 00 00 00 00 00 00 00 00 00 00 00 00 00 00 00 00 00 00 00 00 00 00 00 00 00 00 00 00 00 58 59 5a 41 00 00 00 00 00 00 00 00 00 00 00 00 00 00 00 00 00 00 00 00 00 00 00 00 00 00 00 00 00 00 00 00 00 00 00 00 01 00 00 7f 51 c3 00 00 01 00 00 7f 52 c3 00 00 c0 a8 a7 f4 01 70 17 03 28 02 0f 00 00 00 41 00 00 a0 40 66 66 86 40 66 66 66 40 00 00 00 00 fa 00 64 00 50 00 50 00 dc 05 64 00 32 00 00 00 03 00 c1 4a 13 f6 01 01 4c 4f 43 4f 5f 54 43 41 53 5f 42 52 41 4b 49 4e 47 00 c3 00 00 00 72 00 6e 00 61 00 6c 00 30 ed 3f 1d c3 00 00 00 29 43 a0 64 64 96 00 fa 00 0a 00 04 04 04 03 03 04 32 09 09 32 0a 0a 46 0b 0b 64 0c 0c ff 00 00 64 00 00 00 01 00 02 00 01 3c 00 00 14 1e 37 4b 03 02 04 00 00 00 79 89 f3 f0
2026-06-27T15:11:20.000,1782553280000,1_1,dmi,37821,out,na,160155.0,aa aa 74 02 01 0a 6f 00 41 26 00 00 00 00 00 00 00 00 00 00 1b 06 ea 07 0f 0b 14 00 00 00 00 00 00 00 00 40 00 00 00 00 00 00 01 00 00 20 00 00 00 00 00 00 00 00 00 00 00 50 00 00 00 00 00 00 00 00 00 00 00 00 fa 00 00 00 00 00 01 00 00 0d 6a 0d 00 00 00 00 00 00 00 00 00 00 00 00 f0 3c 00 f4 01 00 00 00 00 08 06 0f 00 00 01 00 28 96 14 c1 bb bb
2026-06-27T15:11:20.000,1782553280000,1_1,dop1,37822,out,na,160155.0,0c 17 17 17 17 0c 0c 0c 0c 0c 17 17 17 17 17 17
2026-06-27T15:11:20.000,1782553280000,1_1,dop2,37823,out,na,160155.0,0c 17 17 17 17 0c 0c 0c 0c 0c 17 17 17 17 17 17
2026-06-27T15:11:20.000,1782553280000,1_1,arp,37824,out,fail,160155.0,02 07 0d 00 27 00 00 00 00 00 d3 ad 59 90 00 01 40 00 00 07 d0 00 04 00 00 00 00 00 00 00 00 00 09 66 c0 f9 f7 ae bb
2026-06-27T15:11:20.000,1782553280000,1_1,dop1,37825,out,na,160155.0,0c 17 17 17 17 0c 0c 0c 0c 0c 17 17 17 17 17 17
2026-06-27T15:11:20.000,1782553280000,1_1,dop2,37826,out,na,160155.0,0c 17 17 17 17 0c 0c 0c 0c 0c 17 17 17 17 17 17
2026-06-27T15:11:20.000,1782553280000,1_1,dop1,37827,out,na,160155.0,0c 17 17 17 17 0c 0c 0c 0c 0c 17 17 17 17 17 17
2026-06-27T15:11:20.000,1782553280000,1_1,dop2,37828,out,na,160155.0,0c 17 17 17 17 0c 0c 0c 0c 0c 17 17 17 17 17 17
2026-06-27T15:11:20.000,1782553280000,1_1,nms hlth,37829,out,pass,160155.0,02 06 0b 00 3f 00 00 00 bb bb 18 00 35 00 01 00 00 01 00 01 01 1b 06 1a 0f 0b 14 09 00 01 01 00 02 01 00 0d 00 00 0e 00 00 0f 00 00 10 00 00 11 00 00 00 29 00 00 39 4a 67 19 26 6d 01 84 18
2026-06-27T15:11:20.000,1782553280000,1_1,nms rssi,37830,out,pass,160155.0,02 06 0c 00 31 00 00 00 aa aa 20 00 29 00 01 00 00 01 00 01 01 1b 06 1a 0f 0b 14 00 00 00 00 00 00 00 00 00 00 00 00 00 00 00 00 00 00 42 db a4 62
2026-06-27T15:11:20.000,1782553280000,1_1,linfo,37831,,pass,160155.0,01 02 01 00 00 00 a0 00 b6 03 b6 03 02 16 16 02 05 05 05 02 1e 00 00 00 1e 00 00 01 02 05 08 0a 1e 00 19 0f 05 05 00 00 00 3f 5a 00 05 03 03 06 06 02 04 0a b4 00 3c 00 f0 00 b8 0b 0e 05 1e 0f 08 5a 0f 02 1e 00 05 00 1e 00 78 00 0f 50 00 64 00 2c 01 b8 0b f4 01 dc 05 0a c8 00 2c 01 32 32 32 1e 2c 01 58 02 b8 0b b8 0b 64 00 f4 01 64 00 0f 05 02 78 00 78 00 19 3c 3c 02 41 42 43 44 00 00 00 00 00 00 00 00 00 00 00 00 00 00 00 00 00 00 00 00 00 00 00 00 00 00 00 00 00 00 00 00 00 00 00 00 58 59 5a 41 00 00 00 00 00 00 00 00 00 00 00 00 00 00 00 00 00 00 00 00 00 00 00 00 00 00 00 00 00 00 00 00 00 00 00 00 01 00 00 7f 51 c3 00 00 01 00 00 7f 52 c3 00 00 c0 a8 a7 f4 01 70 17 03 28 02 0f 00 00 00 41 00 00 a0 40 66 66 86 40 66 66 66 40 00 00 00 00 fa 00 64 00 50 00 50 00 dc 05 64 00 32 00 00 00 03 00 c1 4a 13 f6 01 01 4c 4f 43 4f 5f 54 43 41 53 5f 42 52 41 4b 49 4e 47 00 c3 00 00 00 72 00 6e 00 61 00 6c 00 30 ed 3f 1d c3 00 00 00 29 43 a0 64 64 96 00 fa 00 0a 00 04 04 04 03 03 04 32 09 09 32 0a 0a 46 0b 0b 64 0c 0c ff 00 00 64 00 00 00 01 00 02 00 01 3c 00 00 14 1e 37 4b 03 02 04 00 00 00 79 89 f3 f0
2026-06-27T15:11:20.000,1782553280000,1_1,dmi,37832,out,na,160155.0,aa aa 74 02 01 0a 6f 00 61 26 00 00 00 00 00 00 00 00 00 00 1b 06 ea 07 0f 0b 14 00 00 00 00 00 00 00 00 40 00 00 00 00 00 00 01 00 00 20 00 00 00 00 00 00 00 00 00 00 00 50 00 00 00 00 00 00 00 00 00 00 00 00 fa 00 00 00 00 00 01 00 00 0d 6a 0d 00 00 00 00 00 00 00 00 00 00 00 00 f0 3c 00 f4 01 00 00 00 00 08 06 0f 00 00 01 00 57 1a c7 70 bb bb
2026-06-27T15:11:21.000,1782553281000,1_1,dop1,37833,out,na,160155.0,0c 17 17 17 17 0c 0c 0c 0c 0c 17 17 17 17 17 17
2026-06-27T15:11:21.000,1782553281000,1_1,dop2,37834,out,na,160155.0,0c 17 17 17 17 0c 0c 0c 0c 0c 17 17 17 17 17 17
2026-06-27T15:11:21.000,1782553281000,1_1,dop1,37835,out,na,160155.0,0c 17 17 17 17 0c 0c 0c 0c 0c 17 17 17 17 17 17
2026-06-27T15:11:21.000,1782553281000,1_1,dop2,37836,out,na,160155.0,0c 17 17 17 17 0c 0c 0c 0c 0c 17 17 17 17 17 17
2026-06-27T15:11:21.000,1782553281000,1_1,dop1,37837,out,na,160155.0,0c 17 17 17 17 0c 0c 0c 0c 0c 17 17 17 17 17 17
2026-06-27T15:11:21.000,1782553281000,1_1,dop2,37838,out,na,160155.0,0c 17 17 17 17 0c 0c 0c 0c 0c 17 17 17 17 17 17
2026-06-27T15:11:22.000,1782553282000,1_1,nms hlth,37839,out,pass,160155.0,02 06 0b 00 3f 00 00 00 bb bb 18 00 35 00 01 00 00 01 00 01 01 1b 06 1a 0f 0b 16 09 00 01 01 00 02 01 00 0d 00 00 0e 00 00 0f 00 00 10 00 00 11 00 00 00 29 00 00 39 4a 67 19 26 00 e4 a5 fe
2026-06-27T15:11:22.000,1782553282000,1_1,nms rssi,37840,out,pass,160155.0,02 06 0c 00 31 00 00 00 aa aa 20 00 29 00 01 00 00 01 00 01 01 1b 06 1a 0f 0b 16 00 00 00 00 00 00 00 00 00 00 00 00 00 00 00 00 00 00 36 6f a2 93
2026-06-27T15:11:22.000,1782553282000,1_1,linfo,37841,,pass,160155.0,01 02 01 00 00 00 a0 00 b6 03 b6 03 02 16 16 02 05 05 05 02 1e 00 00 00 1e 00 00 01 02 05 08 0a 1e 00 19 0f 05 05 00 00 00 3f 5a 00 05 03 03 06 06 02 04 0a b4 00 3c 00 f0 00 b8 0b 0e 05 1e 0f 08 5a 0f 02 1e 00 05 00 1e 00 78 00 0f 50 00 64 00 2c 01 b8 0b f4 01 dc 05 0a c8 00 2c 01 32 32 32 1e 2c 01 58 02 b8 0b b8 0b 64 00 f4 01 64 00 0f 05 02 78 00 78 00 19 3c 3c 02 41 42 43 44 00 00 00 00 00 00 00 00 00 00 00 00 00 00 00 00 00 00 00 00 00 00 00 00 00 00 00 00 00 00 00 00 00 00 00 00 58 59 5a 41 00 00 00 00 00 00 00 00 00 00 00 00 00 00 00 00 00 00 00 00 00 00 00 00 00 00 00 00 00 00 00 00 00 00 00 00 01 00 00 7f 51 c3 00 00 01 00 00 7f 52 c3 00 00 c0 a8 a7 f4 01 70 17 03 28 02 0f 00 00 00 41 00 00 a0 40 66 66 86 40 66 66 66 40 00 00 00 00 fa 00 64 00 50 00 50 00 dc 05 64 00 32 00 00 00 03 00 c1 4a 13 f6 01 01 4c 4f 43 4f 5f 54 43 41 53 5f 42 52 41 4b 49 4e 47 00 c3 00 00 00 72 00 6e 00 61 00 6c 00 30 ed 3f 1d c3 00 00 00 29 43 a0 64 64 96 00 fa 00 0a 00 04 04 04 03 03 04 32 09 09 32 0a 0a 46 0b 0b 64 0c 0c ff 00 00 64 00 00 00 01 00 02 00 01 3c 00 00 14 1e 37 4b 03 02 04 00 00 00 79 89 f3 f0
2026-06-27T15:11:22.000,1782553282000,1_1,dmi,37842,out,na,160155.0,aa aa 74 02 01 0a 6f 00 80 26 00 00 00 00 00 00 00 00 00 00 1b 06 ea 07 0f 0b 16 00 00 00 00 00 00 00 00 40 00 00 00 00 00 00 01 00 00 20 00 00 00 00 00 00 00 00 00 00 00 50 00 00 00 00 00 00 00 00 00 00 00 00 fa 00 00 00 00 00 01 00 00 0d 6a 0d 00 00 00 00 00 00 00 00 00 00 00 00 f0 3c 00 f4 01 00 00 00 00 08 06 0f 00 00 01 00 7b 14 f0 d1 bb bb
2026-06-27T15:11:22.000,1782553282000,1_1,dop1,37843,out,na,160155.0,0c 17 17 17 17 0c 0c 0c 0c 0c 17 17 17 17 17 17
2026-06-27T15:11:22.000,1782553282000,1_1,dop2,37844,out,na,160155.0,0c 17 17 17 17 0c 0c 0c 0c 0c 17 17 17 17 17 17
2026-06-27T15:11:22.000,1782553282000,1_1,arp,37845,out,fail,160155.0,02 07 0d 00 27 00 00 00 00 00 d3 ad 59 b0 00 01 40 00 00 07 d0 00 04 00 00 00 00 00 00 00 00 00 09 66 c0 71 68 3c 78
2026-06-27T15:11:22.000,1782553282000,1_1,dop1,37846,out,na,160155.0,0c 17 17 17 17 0c 0c 0c 0c 0c 17 17 17 17 17 17
2026-06-27T15:11:22.000,1782553282000,1_1,dop2,37847,out,na,160155.0,0c 17 17 17 17 0c 0c 0c 0c 0c 17 17 17 17 17 17
2026-06-27T15:11:22.000,1782553282000,1_1,dop1,37848,out,na,160155.0,0c 17 17 17 17 0c 0c 0c 0c 0c 17 17 17 17 17 17
2026-06-27T15:11:22.000,1782553282000,1_1,dop2,37849,out,na,160155.0,0c 17 17 17 17 0c 0c 0c 0c 0c 17 17 17 17 17 17
2026-06-27T15:11:22.000,1782553282000,1_1,nms hlth,37850,out,pass,160155.0,02 06 0b 00 3f 00 00 00 bb bb 18 00 35 00 01 00 00 01 00 01 01 1b 06 1a 0f 0b 16 09 00 01 01 00 02 01 00 0d 00 00 0e 00 00 0f 00 00 10 00 00 11 00 00 00 29 00 00 39 4a 67 19 26 00 e4 a5 fe
2026-06-27T15:11:22.000,1782553282000,1_1,nms rssi,37851,out,pass,160155.0,02 06 0c 00 31 00 00 00 aa aa 20 00 29 00 01 00 00 01 00 01 01 1b 06 1a 0f 0b 16 00 00 00 00 00 00 00 00 00 00 00 00 00 00 00 00 00 00 36 6f a2 93
2026-06-27T15:11:22.000,1782553282000,1_1,linfo,37852,,pass,160155.0,01 02 01 00 00 00 a0 00 b6 03 b6 03 02 16 16 02 05 05 05 02 1e 00 00 00 1e 00 00 01 02 05 08 0a 1e 00 19 0f 05 05 00 00 00 3f 5a 00 05 03 03 06 06 02 04 0a b4 00 3c 00 f0 00 b8 0b 0e 05 1e 0f 08 5a 0f 02 1e 00 05 00 1e 00 78 00 0f 50 00 64 00 2c 01 b8 0b f4 01 dc 05 0a c8 00 2c 01 32 32 32 1e 2c 01 58 02 b8 0b b8 0b 64 00 f4 01 64 00 0f 05 02 78 00 78 00 19 3c 3c 02 41 42 43 44 00 00 00 00 00 00 00 00 00 00 00 00 00 00 00 00 00 00 00 00 00 00 00 00 00 00 00 00 00 00 00 00 00 00 00 00 58 59 5a 41 00 00 00 00 00 00 00 00 00 00 00 00 00 00 00 00 00 00 00 00 00 00 00 00 00 00 00 00 00 00 00 00 00 00 00 00 01 00 00 7f 51 c3 00 00 01 00 00 7f 52 c3 00 00 c0 a8 a7 f4 01 70 17 03 28 02 0f 00 00 00 41 00 00 a0 40 66 66 86 40 66 66 66 40 00 00 00 00 fa 00 64 00 50 00 50 00 dc 05 64 00 32 00 00 00 03 00 c1 4a 13 f6 01 01 4c 4f 43 4f 5f 54 43 41 53 5f 42 52 41 4b 49 4e 47 00 c3 00 00 00 72 00 6e 00 61 00 6c 00 30 ed 3f 1d c3 00 00 00 29 43 a0 64 64 96 00 fa 00 0a 00 04 04 04 03 03 04 32 09 09 32 0a 0a 46 0b 0b 64 0c 0c ff 00 00 64 00 00 00 01 00 02 00 01 3c 00 00 14 1e 37 4b 03 02 04 00 00 00 79 89 f3 f0
2026-06-27T15:11:22.000,1782553282000,1_1,dmi,37853,out,na,160155.0,aa aa 74 02 01 0a 6f 00 a0 26 00 00 00 00 00 00 00 00 00 00 1b 06 ea 07 0f 0b 16 00 00 00 00 00 00 00 00 40 00 00 00 00 00 00 01 00 00 20 00 00 00 00 00 00 00 00 00 00 00 50 00 00 00 00 00 00 00 00 00 00 00 00 fa 00 00 00 00 00 01 00 00 0d 6a 0d 00 00 00 00 00 00 00 00 00 00 00 00 f0 3c 00 f4 01 00 00 00 00 08 06 0f 00 00 01 00 04 98 23 60 bb bb
2026-06-27T15:11:23.000,1782553283000,1_1,dop1,37854,out,na,160155.0,0c 17 17 17 17 0c 0c 0c 0c 0c 17 17 17 17 17 17
2026-06-27T15:11:23.000,1782553283000,1_1,dop2,37855,out,na,160155.0,0c 17 17 17 17 0c 0c 0c 0c 0c 17 17 17 17 17 17
2026-06-27T15:11:23.000,1782553283000,1_1,dop1,37856,out,na,160155.0,0c 17 17 17 17 0c 0c 0c 0c 0c 17 17 17 17 17 17
2026-06-27T15:11:23.000,1782553283000,1_1,dop2,37857,out,na,160155.0,0c 17 17 17 17 0c 0c 0c 0c 0c 17 17 17 17 17 17
2026-06-27T15:11:23.000,1782553283000,1_1,dop1,37858,out,na,160155.0,0c 17 17 17 17 0c 0c 0c 0c 0c 17 17 17 17 17 17
2026-06-27T15:11:23.000,1782553283000,1_1,dop2,37859,out,na,160155.0,0c 17 17 17 17 0c 0c 0c 0c 0c 17 17 17 17 17 17
2026-06-27T15:11:24.000,1782553284000,1_1,nms hlth,37860,out,pass,160155.0,02 06 0b 00 3f 00 00 00 bb bb 18 00 35 00 01 00 00 01 00 01 01 1b 06 1a 0f 0b 18 09 00 01 01 00 02 01 00 0d 00 00 0e 00 00 0f 00 00 10 00 00 11 00 00 00 29 00 00 39 4a 67 19 26 da 2e 46 0d
2026-06-27T15:11:24.000,1782553284000,1_1,nms rssi,37861,out,pass,160155.0,02 06 0c 00 31 00 00 00 aa aa 20 00 29 00 01 00 00 01 00 01 01 1b 06 1a 0f 0b 18 00 00 00 00 00 00 00 00 00 00 00 00 00 00 00 00 00 00 a2 12 b4 05
2026-06-27T15:11:24.000,1782553284000,1_1,linfo,37862,,pass,160155.0,01 02 01 00 00 00 a0 00 b6 03 b6 03 02 16 16 02 05 05 05 02 1e 00 00 00 1e 00 00 01 02 05 08 0a 1e 00 19 0f 05 05 00 00 00 3f 5a 00 05 03 03 06 06 02 04 0a b4 00 3c 00 f0 00 b8 0b 0e 05 1e 0f 08 5a 0f 02 1e 00 05 00 1e 00 78 00 0f 50 00 64 00 2c 01 b8 0b f4 01 dc 05 0a c8 00 2c 01 32 32 32 1e 2c 01 58 02 b8 0b b8 0b 64 00 f4 01 64 00 0f 05 02 78 00 78 00 19 3c 3c 02 41 42 43 44 00 00 00 00 00 00 00 00 00 00 00 00 00 00 00 00 00 00 00 00 00 00 00 00 00 00 00 00 00 00 00 00 00 00 00 00 58 59 5a 41 00 00 00 00 00 00 00 00 00 00 00 00 00 00 00 00 00 00 00 00 00 00 00 00 00 00 00 00 00 00 00 00 00 00 00 00 01 00 00 7f 51 c3 00 00 01 00 00 7f 52 c3 00 00 c0 a8 a7 f4 01 70 17 03 28 02 0f 00 00 00 41 00 00 a0 40 66 66 86 40 66 66 66 40 00 00 00 00 fa 00 64 00 50 00 50 00 dc 05 64 00 32 00 00 00 03 00 c1 4a 13 f6 01 01 4c 4f 43 4f 5f 54 43 41 53 5f 42 52 41 4b 49 4e 47 00 c3 00 00 00 72 00 6e 00 61 00 6c 00 30 ed 3f 1d c3 00 00 00 29 43 a0 64 64 96 00 fa 00 0a 00 04 04 04 03 03 04 32 09 09 32 0a 0a 46 0b 0b 64 0c 0c ff 00 00 64 00 00 00 01 00 02 00 01 3c 00 00 14 1e 37 4b 03 02 04 00 00 00 79 89 f3 f0
2026-06-27T15:11:24.000,1782553284000,1_1,dmi,37863,out,na,160155.0,aa aa 74 02 01 0a 6f 00 bf 26 00 00 00 00 00 00 00 00 00 00 1b 06 ea 07 0f 0b 18 00 00 00 00 00 00 00 00 40 00 00 00 00 00 00 01 00 00 20 00 00 00 00 00 00 00 00 00 00 00 50 00 00 00 00 00 00 00 00 00 00 00 00 fa 00 00 00 00 00 01 00 00 0d 6a 0d 00 00 00 00 00 00 00 00 00 00 00 00 f0 3c 00 f4 01 00 00 00 00 08 06 0f 00 00 01 00 8d 8b ec 6e bb bb
2026-06-27T15:11:24.000,1782553284000,1_1,dop1,37864,out,na,160155.0,0c 17 17 17 17 0c 0c 0c 0c 0c 17 17 17 17 17 17
2026-06-27T15:11:24.000,1782553284000,1_1,dop2,37865,out,na,160155.0,0c 17 17 17 17 0c 0c 0c 0c 0c 17 17 17 17 17 17
2026-06-27T15:11:24.000,1782553284000,1_1,arp,37866,out,fail,160155.0,02 07 0d 00 27 00 00 00 00 00 d3 ad 59 d0 00 01 40 00 00 07 d0 00 04 00 00 00 00 00 00 00 00 00 09 66 c0 33 b9 8d 7c
2026-06-27T15:11:24.000,1782553284000,1_1,dop1,37867,out,na,160155.0,0c 17 17 17 17 0c 0c 0c 0c 0c 17 17 17 17 17 17
2026-06-27T15:11:24.000,1782553284000,1_1,dop2,37868,out,na,160155.0,0c 17 17 17 17 0c 0c 0c 0c 0c 17 17 17 17 17 17
2026-06-27T15:11:24.000,1782553284000,1_1,dop1,37869,out,na,160155.0,0c 17 17 17 17 0c 0c 0c 0c 0c 17 17 17 17 17 17
2026-06-27T15:11:24.000,1782553284000,1_1,dop2,37870,out,na,160155.0,0c 17 17 17 17 0c 0c 0c 0c 0c 17 17 17 17 17 17
2026-06-27T15:11:24.000,1782553284000,1_1,ccsys,37871,in,fail,160155.0,03 01 01 00 00 00 00 00 00 00 00 00 00 00 00 00 00 00 00 00 00 00 00 00 00 00 00 00 00 03 01 01 19 19 00 00 00 00 03 03 00 00 00 00 1c 1c 33 33 00 00 00 00
2026-06-27T15:11:24.000,1782553284000,1_1,dmi,37872,out,na,160155.0,aa aa 74 02 01 0a 6f 00 dd 26 00 00 00 00 00 00 00 00 00 00 1b 06 ea 07 0f 0b 18 00 00 00 00 00 00 00 00 40 00 00 00 00 00 00 01 00 00 20 00 00 00 00 00 00 00 00 00 00 00 50 00 00 00 00 00 00 00 00 00 00 00 00 fa 00 00 00 00 00 01 00 00 0d 6a 0d 00 00 00 00 00 00 00 00 00 00 00 00 f0 3c 00 f4 01 00 00 00 00 08 06 0f 00 00 01 00 96 d3 49 d1 bb bb
2026-06-27T15:11:24.000,1782553284000,1_1,nms hlth,37873,out,pass,160155.0,02 06 0b 00 3f 00 00 00 bb bb 18 00 35 00 01 00 00 01 00 01 01 1b 06 1a 0f 0b 18 09 00 01 01 00 02 01 00 0d 00 00 0e 00 00 0f 00 00 10 00 00 11 00 00 00 29 00 00 39 4a 67 19 26 da 2e 46 0d
2026-06-27T15:11:24.000,1782553284000,1_1,nms rssi,37874,out,pass,160155.0,02 06 0c 00 31 00 00 00 aa aa 20 00 29 00 01 00 00 01 00 01 01 1b 06 1a 0f 0b 18 00 00 00 00 00 00 00 00 00 00 00 00 00 00 00 00 00 00 a2 12 b4 05
2026-06-27T15:11:24.000,1782553284000,1_1,linfo,37875,,pass,160155.0,01 02 01 00 00 00 a0 00 b6 03 b6 03 02 16 16 02 05 05 05 02 1e 00 00 00 1e 00 00 01 02 05 08 0a 1e 00 19 0f 05 05 00 00 00 3f 5a 00 05 03 03 06 06 02 04 0a b4 00 3c 00 f0 00 b8 0b 0e 05 1e 0f 08 5a 0f 02 1e 00 05 00 1e 00 78 00 0f 50 00 64 00 2c 01 b8 0b f4 01 dc 05 0a c8 00 2c 01 32 32 32 1e 2c 01 58 02 b8 0b b8 0b 64 00 f4 01 64 00 0f 05 02 78 00 78 00 19 3c 3c 02 41 42 43 44 00 00 00 00 00 00 00 00 00 00 00 00 00 00 00 00 00 00 00 00 00 00 00 00 00 00 00 00 00 00 00 00 00 00 00 00 58 59 5a 41 00 00 00 00 00 00 00 00 00 00 00 00 00 00 00 00 00 00 00 00 00 00 00 00 00 00 00 00 00 00 00 00 00 00 00 00 01 00 00 7f 51 c3 00 00 01 00 00 7f 52 c3 00 00 c0 a8 a7 f4 01 70 17 03 28 02 0f 00 00 00 41 00 00 a0 40 66 66 86 40 66 66 66 40 00 00 00 00 fa 00 64 00 50 00 50 00 dc 05 64 00 32 00 00 00 03 00 c1 4a 13 f6 01 01 4c 4f 43 4f 5f 54 43 41 53 5f 42 52 41 4b 49 4e 47 00 c3 00 00 00 72 00 6e 00 61 00 6c 00 30 ed 3f 1d c3 00 00 00 29 43 a0 64 64 96 00 fa 00 0a 00 04 04 04 03 03 04 32 09 09 32 0a 0a 46 0b 0b 64 0c 0c ff 00 00 64 00 00 00 01 00 02 00 01 3c 00 00 14 1e 37 4b 03 02 04 00 00 00 79 89 f3 f0
2026-06-27T15:11:25.000,1782553285000,1_1,dop1,37876,out,na,160155.0,0c 17 17 17 17 0c 0c 0c 0c 0c 17 17 17 17 17 17
2026-06-27T15:11:25.000,1782553285000,1_1,dop2,37877,out,na,160155.0,0c 17 17 17 17 0c 0c 0c 0c 0c 17 17 17 17 17 17
2026-06-27T15:11:25.000,1782553285000,1_1,dop1,37878,out,na,160155.0,0c 17 17 17 17 0c 0c 0c 0c 0c 17 17 17 17 17 17
2026-06-27T15:11:25.000,1782553285000,1_1,dop2,37879,out,na,160155.0,0c 17 17 17 17 0c 0c 0c 0c 0c 17 17 17 17 17 17
2026-06-27T15:11:25.000,1782553285000,1_1,dop1,37880,out,na,160155.0,0c 17 17 17 17 0c 0c 0c 0c 0c 17 17 17 17 17 17
2026-06-27T15:11:25.000,1782553285000,1_1,dop2,37881,out,na,160155.0,0c 17 17 17 17 0c 0c 0c 0c 0c 17 17 17 17 17 17
2026-06-27T15:11:26.000,1782553286000,1_1,nms hlth,37882,out,pass,160155.0,02 06 0b 00 3f 00 00 00 bb bb 18 00 35 00 01 00 00 01 00 01 01 1b 06 1a 0f 0b 1a 09 00 01 01 00 02 01 00 0d 00 00 0e 00 00 0f 00 00 10 00 00 11 00 00 00 29 00 00 39 4a 67 19 26 b7 cb 67 eb
2026-06-27T15:11:26.000,1782553286000,1_1,nms rssi,37883,out,pass,160155.0,02 06 0c 00 31 00 00 00 aa aa 20 00 29 00 01 00 00 01 00 01 01 1b 06 1a 0f 0b 1a 00 00 00 00 00 00 00 00 00 00 00 00 00 00 00 00 00 00 d6 a6 b2 f4
2026-06-27T15:11:26.000,1782553286000,1_1,linfo,37884,,pass,160155.0,01 02 01 00 00 00 a0 00 b6 03 b6 03 02 16 16 02 05 05 05 02 1e 00 00 00 1e 00 00 01 02 05 08 0a 1e 00 19 0f 05 05 00 00 00 3f 5a 00 05 03 03 06 06 02 04 0a b4 00 3c 00 f0 00 b8 0b 0e 05 1e 0f 08 5a 0f 02 1e 00 05 00 1e 00 78 00 0f 50 00 64 00 2c 01 b8 0b f4 01 dc 05 0a c8 00 2c 01 32 32 32 1e 2c 01 58 02 b8 0b b8 0b 64 00 f4 01 64 00 0f 05 02 78 00 78 00 19 3c 3c 02 41 42 43 44 00 00 00 00 00 00 00 00 00 00 00 00 00 00 00 00 00 00 00 00 00 00 00 00 00 00 00 00 00 00 00 00 00 00 00 00 58 59 5a 41 00 00 00 00 00 00 00 00 00 00 00 00 00 00 00 00 00 00 00 00 00 00 00 00 00 00 00 00 00 00 00 00 00 00 00 00 01 00 00 7f 51 c3 00 00 01 00 00 7f 52 c3 00 00 c0 a8 a7 f4 01 70 17 03 28 02 0f 00 00 00 41 00 00 a0 40 66 66 86 40 66 66 66 40 00 00 00 00 fa 00 64 00 50 00 50 00 dc 05 64 00 32 00 00 00 03 00 c1 4a 13 f6 01 01 4c 4f 43 4f 5f 54 43 41 53 5f 42 52 41 4b 49 4e 47 00 c3 00 00 00 72 00 6e 00 61 00 6c 00 30 ed 3f 1d c3 00 00 00 29 43 a0 64 64 96 00 fa 00 0a 00 04 04 04 03 03 04 32 09 09 32 0a 0a 46 0b 0b 64 0c 0c ff 00 00 64 00 00 00 01 00 02 00 01 3c 00 00 14 1e 37 4b 03 02 04 00 00 00 79 89 f3 f0
2026-06-27T15:11:26.000,1782553286000,1_1,dmi,37885,out,na,160155.0,aa aa 74 02 01 0a 6f 00 fd 26 00 00 00 00 00 00 00 00 00 00 1b 06 ea 07 0f 0b 1a 00 00 00 00 00 00 00 00 40 00 00 00 00 00 00 01 00 00 20 00 00 00 00 00 00 00 00 00 00 00 50 00 00 00 00 00 00 00 00 00 00 00 00 fa 00 00 00 00 00 01 00 00 0d 6a 0d 00 00 00 00 00 00 00 00 00 00 00 00 f0 3c 00 f4 01 00 00 00 00 08 06 0f 00 00 01 00 77 1e 9d d4 bb bb
2026-06-27T15:11:26.000,1782553286000,1_1,dop1,37886,out,na,160155.0,0c 17 17 17 17 0c 0c 0c 0c 0c 17 17 17 17 17 17
2026-06-27T15:11:26.000,1782553286000,1_1,dop2,37887,out,na,160155.0,0c 17 17 17 17 0c 0c 0c 0c 0c 17 17 17 17 17 17
2026-06-27T15:11:26.000,1782553286000,1_1,arp,37888,out,fail,160155.0,02 07 0d 00 27 00 00 00 00 00 d3 ad 59 f0 00 01 40 00 00 07 d0 00 04 00 00 00 00 00 00 00 00 00 09 66 c0 bb 26 1f bf
2026-06-27T15:11:26.000,1782553286000,1_1,dop1,37889,out,na,160155.0,0c 17 17 17 17 0c 0c 0c 0c 0c 17 17 17 17 17 17
2026-06-27T15:11:26.000,1782553286000,1_1,dop2,37890,out,na,160155.0,0c 17 17 17 17 0c 0c 0c 0c 0c 17 17 17 17 17 17
2026-06-27T15:11:26.000,1782553286000,1_1,dop1,37891,out,na,160155.0,0c 17 17 17 17 0c 0c 0c 0c 0c 17 17 17 17 17 17
2026-06-27T15:11:26.000,1782553286000,1_1,dop2,37892,out,na,160155.0,0c 17 17 17 17 0c 0c 0c 0c 0c 17 17 17 17 17 17
2026-06-27T15:11:26.000,1782553286000,1_1,nms hlth,37893,out,pass,160155.0,02 06 0b 00 3f 00 00 00 bb bb 18 00 35 00 01 00 00 01 00 01 01 1b 06 1a 0f 0b 1a 09 00 01 01 00 02 01 00 0d 00 00 0e 00 00 0f 00 00 10 00 00 11 00 00 00 29 00 00 39 4a 67 19 26 b7 cb 67 eb
2026-06-27T15:11:26.000,1782553286000,1_1,nms rssi,37894,out,pass,160155.0,02 06 0c 00 31 00 00 00 aa aa 20 00 29 00 01 00 00 01 00 01 01 1b 06 1a 0f 0b 1a 00 00 00 00 00 00 00 00 00 00 00 00 00 00 00 00 00 00 d6 a6 b2 f4
2026-06-27T15:11:26.000,1782553286000,1_1,linfo,37895,,pass,160155.0,01 02 01 00 00 00 a0 00 b6 03 b6 03 02 16 16 02 05 05 05 02 1e 00 00 00 1e 00 00 01 02 05 08 0a 1e 00 19 0f 05 05 00 00 00 3f 5a 00 05 03 03 06 06 02 04 0a b4 00 3c 00 f0 00 b8 0b 0e 05 1e 0f 08 5a 0f 02 1e 00 05 00 1e 00 78 00 0f 50 00 64 00 2c 01 b8 0b f4 01 dc 05 0a c8 00 2c 01 32 32 32 1e 2c 01 58 02 b8 0b b8 0b 64 00 f4 01 64 00 0f 05 02 78 00 78 00 19 3c 3c 02 41 42 43 44 00 00 00 00 00 00 00 00 00 00 00 00 00 00 00 00 00 00 00 00 00 00 00 00 00 00 00 00 00 00 00 00 00 00 00 00 58 59 5a 41 00 00 00 00 00 00 00 00 00 00 00 00 00 00 00 00 00 00 00 00 00 00 00 00 00 00 00 00 00 00 00 00 00 00 00 00 01 00 00 7f 51 c3 00 00 01 00 00 7f 52 c3 00 00 c0 a8 a7 f4 01 70 17 03 28 02 0f 00 00 00 41 00 00 a0 40 66 66 86 40 66 66 66 40 00 00 00 00 fa 00 64 00 50 00 50 00 dc 05 64 00 32 00 00 00 03 00 c1 4a 13 f6 01 01 4c 4f 43 4f 5f 54 43 41 53 5f 42 52 41 4b 49 4e 47 00 c3 00 00 00 72 00 6e 00 61 00 6c 00 30 ed 3f 1d c3 00 00 00 29 43 a0 64 64 96 00 fa 00 0a 00 04 04 04 03 03 04 32 09 09 32 0a 0a 46 0b 0b 64 0c 0c ff 00 00 64 00 00 00 01 00 02 00 01 3c 00 00 14 1e 37 4b 03 02 04 00 00 00 79 89 f3 f0
2026-06-27T15:11:26.000,1782553286000,1_1,dmi,37896,out,na,160155.0,aa aa 74 02 01 0a 6f 00 1c 27 00 00 00 00 00 00 00 00 00 00 1b 06 ea 07 0f 0b 1a 00 00 00 00 00 00 00 00 40 00 00 00 00 00 00 01 00 00 20 00 00 00 00 00 00 00 00 00 00 00 50 00 00 00 00 00 00 00 00 00 00 00 00 fa 00 00 00 00 00 01 00 00 0d 6a 0d 00 00 00 00 00 00 00 00 00 00 00 00 f0 3c 00 f4 01 00 00 00 00 08 06 0f 00 00 01 00 fa 21 66 4f bb bb
2026-06-27T15:11:27.000,1782553287000,1_1,dop1,37897,out,na,160155.0,0c 17 17 17 17 0c 0c 0c 0c 0c 17 17 17 17 17 17
2026-06-27T15:11:27.000,1782553287000,1_1,dop2,37898,out,na,160155.0,0c 17 17 17 17 0c 0c 0c 0c 0c 17 17 17 17 17 17
2026-06-27T15:11:27.000,1782553287000,1_1,dop1,37899,out,na,160155.0,0c 17 17 17 17 0c 0c 0c 0c 0c 17 17 17 17 17 17
2026-06-27T15:11:27.000,1782553287000,1_1,dop2,37900,out,na,160155.0,0c 17 17 17 17 0c 0c 0c 0c 0c 17 17 17 17 17 17
2026-06-27T15:11:28.000,1782553288000,1_1,dop1,37901,out,na,160155.0,0c 17 17 17 17 0c 0c 0c 0c 0c 17 17 17 17 17 17
2026-06-27T15:11:28.000,1782553288000,1_1,dop2,37902,out,na,160155.0,0c 17 17 17 17 0c 0c 0c 0c 0c 17 17 17 17 17 17
2026-06-27T15:11:28.000,1782553288000,1_1,nms hlth,37903,out,pass,160155.0,02 06 0b 00 3f 00 00 00 bb bb 18 00 35 00 01 00 00 01 00 01 01 1b 06 1a 0f 0b 1c 09 00 01 01 00 02 01 00 0d 00 00 0e 00 00 0f 00 00 10 00 00 11 00 00 00 29 00 00 39 4a 67 19 26 01 e4 05 c1
2026-06-27T15:11:28.000,1782553288000,1_1,nms rssi,37904,out,pass,160155.0,02 06 0c 00 31 00 00 00 aa aa 20 00 29 00 01 00 00 01 00 01 01 1b 06 1a 0f 0b 1c 00 00 00 00 00 00 00 00 00 00 00 00 00 00 00 00 00 00 4b 7a b9 e7
2026-06-27T15:11:28.000,1782553288000,1_1,linfo,37905,,pass,160155.0,01 02 01 00 00 00 a0 00 b6 03 b6 03 02 16 16 02 05 05 05 02 1e 00 00 00 1e 00 00 01 02 05 08 0a 1e 00 19 0f 05 05 00 00 00 3f 5a 00 05 03 03 06 06 02 04 0a b4 00 3c 00 f0 00 b8 0b 0e 05 1e 0f 08 5a 0f 02 1e 00 05 00 1e 00 78 00 0f 50 00 64 00 2c 01 b8 0b f4 01 dc 05 0a c8 00 2c 01 32 32 32 1e 2c 01 58 02 b8 0b b8 0b 64 00 f4 01 64 00 0f 05 02 78 00 78 00 19 3c 3c 02 41 42 43 44 00 00 00 00 00 00 00 00 00 00 00 00 00 00 00 00 00 00 00 00 00 00 00 00 00 00 00 00 00 00 00 00 00 00 00 00 58 59 5a 41 00 00 00 00 00 00 00 00 00 00 00 00 00 00 00 00 00 00 00 00 00 00 00 00 00 00 00 00 00 00 00 00 00 00 00 00 01 00 00 7f 51 c3 00 00 01 00 00 7f 52 c3 00 00 c0 a8 a7 f4 01 70 17 03 28 02 0f 00 00 00 41 00 00 a0 40 66 66 86 40 66 66 66 40 00 00 00 00 fa 00 64 00 50 00 50 00 dc 05 64 00 32 00 00 00 03 00 c1 4a 13 f6 01 01 4c 4f 43 4f 5f 54 43 41 53 5f 42 52 41 4b 49 4e 47 00 c3 00 00 00 72 00 6e 00 61 00 6c 00 30 ed 3f 1d c3 00 00 00 29 43 a0 64 64 96 00 fa 00 0a 00 04 04 04 03 03 04 32 09 09 32 0a 0a 46 0b 0b 64 0c 0c ff 00 00 64 00 00 00 01 00 02 00 01 3c 00 00 14 1e 37 4b 03 02 04 00 00 00 79 89 f3 f0
2026-06-27T15:11:28.000,1782553288000,1_1,dmi,37906,out,na,160155.0,aa aa 74 02 01 0a 6f 00 3c 27 00 00 00 00 00 00 00 00 00 00 1b 06 ea 07 0f 0b 1c 00 00 00 00 00 00 00 00 40 00 00 00 00 00 00 01 00 00 20 00 00 00 00 00 00 00 00 00 00 00 50 00 00 00 00 00 00 00 00 00 00 00 00 fa 00 00 00 00 00 01 00 00 0d 6a 0d 00 00 00 00 00 00 00 00 00 00 00 00 f0 3c 00 f4 01 00 00 00 00 08 06 0f 00 00 01 00 66 69 cd f9 bb bb
2026-06-27T15:11:28.000,1782553288000,1_1,dlsys,37907,in,fail,160155.0,0c 63 0a 04 09 01 50 01 00 00 00 00 b8 02 2f d2
2026-06-27T15:11:28.000,1782553288000,1_1,dop1,37908,out,na,160155.0,0c 17 17 17 17 0c 0c 0c 0c 0c 17 17 17 17 17 17
2026-06-27T15:11:28.000,1782553288000,1_1,dop2,37909,out,na,160155.0,0c 17 17 17 17 0c 0c 0c 0c 0c 17 17 17 17 17 17
2026-06-27T15:11:28.000,1782553288000,1_1,arp,37910,out,fail,160155.0,02 07 0d 00 27 00 00 00 00 00 d3 ad 5a 10 00 01 40 00 00 07 d0 00 04 00 00 00 00 00 00 00 00 00 09 66 c0 c0 ff d6 49
2026-06-27T15:11:28.000,1782553288000,1_1,dop1,37911,out,na,160155.0,0c 17 17 17 17 0c 0c 0c 0c 0c 17 17 17 17 17 17
2026-06-27T15:11:28.000,1782553288000,1_1,dop2,37912,out,na,160155.0,0c 17 17 17 17 0c 0c 0c 0c 0c 17 17 17 17 17 17
2026-06-27T15:11:28.000,1782553288000,1_1,dop1,37913,out,na,160155.0,0c 17 17 17 17 0c 0c 0c 0c 0c 17 17 17 17 17 17
2026-06-27T15:11:28.000,1782553288000,1_1,dop2,37914,out,na,160155.0,0c 17 17 17 17 0c 0c 0c 0c 0c 17 17 17 17 17 17
2026-06-27T15:11:28.000,1782553288000,1_1,nms hlth,37915,out,pass,160155.0,02 06 0b 00 3f 00 00 00 bb bb 18 00 35 00 01 00 00 01 00 01 01 1b 06 1a 0f 0b 1c 09 00 01 01 00 02 01 00 0d 00 00 0e 00 00 0f 00 00 10 00 00 11 00 00 00 29 00 00 39 4a 67 19 26 01 e4 05 c1
2026-06-27T15:11:28.000,1782553288000,1_1,nms rssi,37916,out,pass,160155.0,02 06 0c 00 31 00 00 00 aa aa 20 00 29 00 01 00 00 01 00 01 01 1b 06 1a 0f 0b 1c 00 00 00 00 00 00 00 00 00 00 00 00 00 00 00 00 00 00 4b 7a b9 e7
2026-06-27T15:11:28.000,1782553288000,1_1,linfo,37917,,pass,160155.0,01 02 01 00 00 00 a0 00 b6 03 b6 03 02 16 16 02 05 05 05 02 1e 00 00 00 1e 00 00 01 02 05 08 0a 1e 00 19 0f 05 05 00 00 00 3f 5a 00 05 03 03 06 06 02 04 0a b4 00 3c 00 f0 00 b8 0b 0e 05 1e 0f 08 5a 0f 02 1e 00 05 00 1e 00 78 00 0f 50 00 64 00 2c 01 b8 0b f4 01 dc 05 0a c8 00 2c 01 32 32 32 1e 2c 01 58 02 b8 0b b8 0b 64 00 f4 01 64 00 0f 05 02 78 00 78 00 19 3c 3c 02 41 42 43 44 00 00 00 00 00 00 00 00 00 00 00 00 00 00 00 00 00 00 00 00 00 00 00 00 00 00 00 00 00 00 00 00 00 00 00 00 58 59 5a 41 00 00 00 00 00 00 00 00 00 00 00 00 00 00 00 00 00 00 00 00 00 00 00 00 00 00 00 00 00 00 00 00 00 00 00 00 01 00 00 7f 51 c3 00 00 01 00 00 7f 52 c3 00 00 c0 a8 a7 f4 01 70 17 03 28 02 0f 00 00 00 41 00 00 a0 40 66 66 86 40 66 66 66 40 00 00 00 00 fa 00 64 00 50 00 50 00 dc 05 64 00 32 00 00 00 03 00 c1 4a 13 f6 01 01 4c 4f 43 4f 5f 54 43 41 53 5f 42 52 41 4b 49 4e 47 00 c3 00 00 00 72 00 6e 00 61 00 6c 00 30 ed 3f 1d c3 00 00 00 29 43 a0 64 64 96 00 fa 00 0a 00 04 04 04 03 03 04 32 09 09 32 0a 0a 46 0b 0b 64 0c 0c ff 00 00 64 00 00 00 01 00 02 00 01 3c 00 00 14 1e 37 4b 03 02 04 00 00 00 79 89 f3 f0
2026-06-27T15:11:28.000,1782553288000,1_1,dmi,37918,out,na,160155.0,aa aa 74 02 01 0a 6f 00 5c 27 00 00 00 00 00 00 00 00 00 00 1b 06 ea 07 0f 0b 1c 00 00 00 00 00 00 00 00 40 00 00 00 00 00 00 01 00 00 20 00 00 00 00 00 00 00 00 00 00 00 50 00 00 00 00 00 00 00 00 00 00 00 00 fa 00 00 00 00 00 01 00 00 0d 6a 0d 00 00 00 00 00 00 00 00 00 00 00 00 f0 3c 00 f4 01 00 00 00 00 08 06 0f 00 00 01 00 a6 fb c8 f0 bb bb
2026-06-27T15:11:29.000,1782553289000,1_1,dop1,37919,out,na,160155.0,0c 17 17 17 17 0c 0c 0c 0c 0c 17 17 17 17 17 17
2026-06-27T15:11:29.000,1782553289000,1_1,dop2,37920,out,na,160155.0,0c 17 17 17 17 0c 0c 0c 0c 0c 17 17 17 17 17 17
2026-06-27T15:11:29.000,1782553289000,1_1,dop1,37921,out,na,160155.0,0c 17 17 17 17 0c 0c 0c 0c 0c 17 17 17 17 17 17
2026-06-27T15:11:29.000,1782553289000,1_1,dop2,37922,out,na,160155.0,0c 17 17 17 17 0c 0c 0c 0c 0c 17 17 17 17 17 17
2026-06-27T15:11:30.000,1782553290000,1_1,ccsys,37923,in,fail,160155.0,03 01 01 00 00 00 00 00 00 00 00 00 00 00 00 00 00 00 00 00 00 00 00 00 00 00 00 00 00 03 01 01 1e 1e 00 00 00 00 03 03 00 00 00 00 1c 1c 33 33 00 00 00 00
2026-06-27T15:11:30.000,1782553290000,1_1,nms hlth,37924,out,pass,160155.0,02 06 0b 00 3f 00 00 00 bb bb 18 00 35 00 01 00 00 01 00 01 01 1b 06 1a 0f 0b 1e 09 00 01 01 00 02 01 00 0d 00 00 0e 00 00 0f 00 00 10 00 00 11 00 00 00 29 00 00 39 4a 67 19 26 6c 01 24 27
2026-06-27T15:11:30.000,1782553290000,1_1,nms rssi,37925,out,pass,160155.0,02 06 0c 00 31 00 00 00 aa aa 20 00 29 00 01 00 00 01 00 01 01 1b 06 1a 0f 0b 1e 00 00 00 00 00 00 00 00 00 00 00 00 00 00 00 00 00 00 3f ce bf 16
2026-06-27T15:11:30.000,1782553290000,1_1,linfo,37926,,pass,160155.0,01 02 01 00 00 00 a0 00 b6 03 b6 03 02 16 16 02 05 05 05 02 1e 00 00 00 1e 00 00 01 02 05 08 0a 1e 00 19 0f 05 05 00 00 00 3f 5a 00 05 03 03 06 06 02 04 0a b4 00 3c 00 f0 00 b8 0b 0e 05 1e 0f 08 5a 0f 02 1e 00 05 00 1e 00 78 00 0f 50 00 64 00 2c 01 b8 0b f4 01 dc 05 0a c8 00 2c 01 32 32 32 1e 2c 01 58 02 b8 0b b8 0b 64 00 f4 01 64 00 0f 05 02 78 00 78 00 19 3c 3c 02 41 42 43 44 00 00 00 00 00 00 00 00 00 00 00 00 00 00 00 00 00 00 00 00 00 00 00 00 00 00 00 00 00 00 00 00 00 00 00 00 58 59 5a 41 00 00 00 00 00 00 00 00 00 00 00 00 00 00 00 00 00 00 00 00 00 00 00 00 00 00 00 00 00 00 00 00 00 00 00 00 01 00 00 7f 51 c3 00 00 01 00 00 7f 52 c3 00 00 c0 a8 a7 f4 01 70 17 03 28 02 0f 00 00 00 41 00 00 a0 40 66 66 86 40 66 66 66 40 00 00 00 00 fa 00 64 00 50 00 50 00 dc 05 64 00 32 00 00 00 03 00 c1 4a 13 f6 01 01 4c 4f 43 4f 5f 54 43 41 53 5f 42 52 41 4b 49 4e 47 00 c3 00 00 00 72 00 6e 00 61 00 6c 00 30 ed 3f 1d c3 00 00 00 29 43 a0 64 64 96 00 fa 00 0a 00 04 04 04 03 03 04 32 09 09 32 0a 0a 46 0b 0b 64 0c 0c ff 00 00 64 00 00 00 01 00 02 00 01 3c 00 00 14 1e 37 4b 03 02 04 00 00 00 79 89 f3 f0
2026-06-27T15:11:30.000,1782553290000,1_1,dmi,37927,out,na,160155.0,aa aa 74 02 01 0a 6f 00 7b 27 00 00 00 00 00 00 00 00 00 00 1b 06 ea 07 0f 0b 1e 00 00 00 00 00 00 00 00 40 00 00 00 00 00 00 01 00 00 20 00 00 00 00 00 00 00 00 00 00 00 50 00 00 00 00 00 00 00 00 00 00 00 00 fa 00 00 00 00 00 01 00 00 0d 6a 0d 00 00 00 00 00 00 00 00 00 00 00 00 f0 3c 00 f4 01 00 00 00 00 08 06 0f 00 00 01 00 26 89 64 43 bb bb
2026-06-27T15:11:30.000,1782553290000,1_1,dop1,37928,out,na,160155.0,0c 17 17 17 17 0c 0c 0c 0c 0c 17 17 17 17 17 17
2026-06-27T15:11:30.000,1782553290000,1_1,dop2,37929,out,na,160155.0,0c 17 17 17 17 0c 0c 0c 0c 0c 17 17 17 17 17 17
2026-06-27T15:11:30.000,1782553290000,1_1,arp,37930,out,fail,160155.0,02 07 0d 00 27 00 00 00 00 00 d3 ad 5a 30 00 01 40 00 00 07 d0 00 04 00 00 00 00 00 00 00 00 00 09 66 c0 48 60 44 8a
2026-06-27T15:11:30.000,1782553290000,1_1,dop1,37931,out,na,160155.0,0c 17 17 17 17 0c 0c 0c 0c 0c 17 17 17 17 17 17
2026-06-27T15:11:30.000,1782553290000,1_1,dop2,37932,out,na,160155.0,0c 17 17 17 17 0c 0c 0c 0c 0c 17 17 17 17 17 17
2026-06-27T15:11:30.000,1782553290000,1_1,dop1,37933,out,na,160155.0,0c 17 17 17 17 0c 0c 0c 0c 0c 17 17 17 17 17 17
2026-06-27T15:11:30.000,1782553290000,1_1,dop2,37934,out,na,160155.0,0c 17 17 17 17 0c 0c 0c 0c 0c 17 17 17 17 17 17
2026-06-27T15:11:30.000,1782553290000,1_1,nms hlth,37935,out,pass,160155.0,02 06 0b 00 3f 00 00 00 bb bb 18 00 35 00 01 00 00 01 00 01 01 1b 06 1a 0f 0b 1e 09 00 01 01 00 02 01 00 0d 00 00 0e 00 00 0f 00 00 10 00 00 11 00 00 00 29 00 00 39 4a 67 19 26 6c 01 24 27
2026-06-27T15:11:30.000,1782553290000,1_1,nms rssi,37936,out,pass,160155.0,02 06 0c 00 31 00 00 00 aa aa 20 00 29 00 01 00 00 01 00 01 01 1b 06 1a 0f 0b 1e 00 00 00 00 00 00 00 00 00 00 00 00 00 00 00 00 00 00 3f ce bf 16
2026-06-27T15:11:30.000,1782553290000,1_1,linfo,37937,,pass,160155.0,01 02 01 00 00 00 a0 00 b6 03 b6 03 02 16 16 02 05 05 05 02 1e 00 00 00 1e 00 00 01 02 05 08 0a 1e 00 19 0f 05 05 00 00 00 3f 5a 00 05 03 03 06 06 02 04 0a b4 00 3c 00 f0 00 b8 0b 0e 05 1e 0f 08 5a 0f 02 1e 00 05 00 1e 00 78 00 0f 50 00 64 00 2c 01 b8 0b f4 01 dc 05 0a c8 00 2c 01 32 32 32 1e 2c 01 58 02 b8 0b b8 0b 64 00 f4 01 64 00 0f 05 02 78 00 78 00 19 3c 3c 02 41 42 43 44 00 00 00 00 00 00 00 00 00 00 00 00 00 00 00 00 00 00 00 00 00 00 00 00 00 00 00 00 00 00 00 00 00 00 00 00 58 59 5a 41 00 00 00 00 00 00 00 00 00 00 00 00 00 00 00 00 00 00 00 00 00 00 00 00 00 00 00 00 00 00 00 00 00 00 00 00 01 00 00 7f 51 c3 00 00 01 00 00 7f 52 c3 00 00 c0 a8 a7 f4 01 70 17 03 28 02 0f 00 00 00 41 00 00 a0 40 66 66 86 40 66 66 66 40 00 00 00 00 fa 00 64 00 50 00 50 00 dc 05 64 00 32 00 00 00 03 00 c1 4a 13 f6 01 01 4c 4f 43 4f 5f 54 43 41 53 5f 42 52 41 4b 49 4e 47 00 c3 00 00 00 72 00 6e 00 61 00 6c 00 30 ed 3f 1d c3 00 00 00 29 43 a0 64 64 96 00 fa 00 0a 00 04 04 04 03 03 04 32 09 09 32 0a 0a 46 0b 0b 64 0c 0c ff 00 00 64 00 00 00 01 00 02 00 01 3c 00 00 14 1e 37 4b 03 02 04 00 00 00 79 89 f3 f0
2026-06-27T15:11:30.000,1782553290000,1_1,dmi,37938,out,na,160155.0,aa aa 74 02 01 0a 6f 00 9a 27 00 00 00 00 00 00 00 00 00 00 1b 06 ea 07 0f 0b 1e 00 00 00 00 00 00 00 00 40 00 00 00 00 00 00 01 00 00 20 00 00 00 00 00 00 00 00 00 00 00 50 00 00 00 00 00 00 00 00 00 00 00 00 fa 00 00 00 00 00 01 00 00 0d 6a 0d 00 00 00 00 00 00 00 00 00 00 00 00 f0 3c 00 f4 01 00 00 00 00 08 06 0f 00 00 01 00 94 c6 54 56 bb bb
2026-06-27T15:11:30.000,1782553290000,1_1,dop1,37939,out,na,160155.0,0c 17 17 17 17 0c 0c 0c 0c 0c 17 17 17 17 17 17
2026-06-27T15:11:30.000,1782553290000,1_1,dop2,37940,out,na,160155.0,0c 17 17 17 17 0c 0c 0c 0c 0c 17 17 17 17 17 17
2026-06-27T15:11:31.000,1782553291000,1_1,dop1,37941,out,na,160155.0,0c 17 17 17 17 0c 0c 0c 0c 0c 17 17 17 17 17 17
2026-06-27T15:11:31.000,1782553291000,1_1,dop2,37942,out,na,160155.0,0c 17 17 17 17 0c 0c 0c 0c 0c 17 17 17 17 17 17
2026-06-27T15:11:31.000,1782553291000,1_1,dop1,37943,out,na,160155.0,0c 17 17 17 17 0c 0c 0c 0c 0c 17 17 17 17 17 17
2026-06-27T15:11:31.000,1782553291000,1_1,dop2,37944,out,na,160155.0,0c 17 17 17 17 0c 0c 0c 0c 0c 17 17 17 17 17 17
2026-06-27T15:11:32.000,1782553292000,1_1,dmi,37945,out,na,160155.0,aa aa 74 02 01 0a 6f 00 b9 27 00 00 00 00 00 00 00 00 00 00 1b 06 ea 07 0f 0b 20 00 00 00 00 00 00 00 00 40 00 00 00 00 00 00 01 00 00 20 00 00 00 00 00 00 00 00 00 00 00 50 00 00 00 00 00 00 00 00 00 00 00 00 fa 00 00 00 00 00 01 00 00 0d 6a 0d 00 00 00 00 00 00 00 00 00 00 00 00 f0 3c 00 f4 01 00 00 00 00 08 06 0f 00 00 01 00 3d 89 ff 66 bb bb
2026-06-27T15:11:32.000,1782553292000,1_1,nms hlth,37946,out,pass,160155.0,02 06 0b 00 3f 00 00 00 bb bb 18 00 35 00 01 00 00 01 00 01 01 1b 06 1a 0f 0b 20 09 00 01 01 00 02 01 00 0d 00 00 0e 00 00 0f 00 00 10 00 00 11 00 00 00 29 00 00 39 4a 67 19 26 07 e7 c5 43
2026-06-27T15:11:32.000,1782553292000,1_1,nms rssi,37947,out,pass,160155.0,02 06 0c 00 31 00 00 00 aa aa 20 00 29 00 01 00 00 01 00 01 01 1b 06 1a 0f 0b 20 00 00 00 00 00 00 00 00 00 00 00 00 00 00 00 00 00 00 9e 75 e4 9e
2026-06-27T15:11:32.000,1782553292000,1_1,linfo,37948,,pass,160155.0,01 02 01 00 00 00 a0 00 b6 03 b6 03 02 16 16 02 05 05 05 02 1e 00 00 00 1e 00 00 01 02 05 08 0a 1e 00 19 0f 05 05 00 00 00 3f 5a 00 05 03 03 06 06 02 04 0a b4 00 3c 00 f0 00 b8 0b 0e 05 1e 0f 08 5a 0f 02 1e 00 05 00 1e 00 78 00 0f 50 00 64 00 2c 01 b8 0b f4 01 dc 05 0a c8 00 2c 01 32 32 32 1e 2c 01 58 02 b8 0b b8 0b 64 00 f4 01 64 00 0f 05 02 78 00 78 00 19 3c 3c 02 41 42 43 44 00 00 00 00 00 00 00 00 00 00 00 00 00 00 00 00 00 00 00 00 00 00 00 00 00 00 00 00 00 00 00 00 00 00 00 00 58 59 5a 41 00 00 00 00 00 00 00 00 00 00 00 00 00 00 00 00 00 00 00 00 00 00 00 00 00 00 00 00 00 00 00 00 00 00 00 00 01 00 00 7f 51 c3 00 00 01 00 00 7f 52 c3 00 00 c0 a8 a7 f4 01 70 17 03 28 02 0f 00 00 00 41 00 00 a0 40 66 66 86 40 66 66 66 40 00 00 00 00 fa 00 64 00 50 00 50 00 dc 05 64 00 32 00 00 00 03 00 c1 4a 13 f6 01 01 4c 4f 43 4f 5f 54 43 41 53 5f 42 52 41 4b 49 4e 47 00 c3 00 00 00 72 00 6e 00 61 00 6c 00 30 ed 3f 1d c3 00 00 00 29 43 a0 64 64 96 00 fa 00 0a 00 04 04 04 03 03 04 32 09 09 32 0a 0a 46 0b 0b 64 0c 0c ff 00 00 64 00 00 00 01 00 02 00 01 3c 00 00 14 1e 37 4b 03 02 04 00 00 00 79 89 f3 f0
2026-06-27T15:11:32.000,1782553292000,1_1,dop1,37949,out,na,160155.0,0c 17 17 17 17 0c 0c 0c 0c 0c 17 17 17 17 17 17
2026-06-27T15:11:32.000,1782553292000,1_1,dop2,37950,out,na,160155.0,0c 17 17 17 17 0c 0c 0c 0c 0c 17 17 17 17 17 17
2026-06-27T15:11:32.000,1782553292000,1_1,arp,37951,out,fail,160155.0,02 07 0d 00 27 00 00 00 00 00 d3 ad 5a 50 00 01 40 00 00 07 d0 00 04 00 00 00 00 00 00 00 00 00 09 66 c0 0a b1 f5 8e
2026-06-27T15:11:32.000,1782553292000,1_1,dop1,37952,out,na,160155.0,0c 17 17 17 17 0c 0c 0c 0c 0c 17 17 17 17 17 17
2026-06-27T15:11:32.000,1782553292000,1_1,dop2,37953,out,na,160155.0,0c 17 17 17 17 0c 0c 0c 0c 0c 17 17 17 17 17 17
2026-06-27T15:11:32.000,1782553292000,1_1,dop1,37954,out,na,160155.0,0c 17 17 17 17 0c 0c 0c 0c 0c 17 17 17 17 17 17
2026-06-27T15:11:32.000,1782553292000,1_1,dop2,37955,out,na,160155.0,0c 17 17 17 17 0c 0c 0c 0c 0c 17 17 17 17 17 17
2026-06-27T15:11:32.000,1782553292000,1_1,dmi,37956,out,na,160155.0,aa aa 74 02 01 0a 6f 00 d8 27 00 00 00 00 00 00 00 00 00 00 1b 06 ea 07 0f 0b 20 00 00 00 00 00 00 00 00 40 00 00 00 00 00 00 01 00 00 20 00 00 00 00 00 00 00 00 00 00 00 50 00 00 00 00 00 00 00 00 00 00 00 00 fa 00 00 00 00 00 01 00 00 0d 6a 0d 00 00 00 00 00 00 00 00 00 00 00 00 f0 3c 00 f4 01 00 00 00 00 08 06 0f 00 00 01 00 b0 fd 12 d9 bb bb
2026-06-27T15:11:32.000,1782553292000,1_1,nms hlth,37957,out,pass,160155.0,02 06 0b 00 3f 00 00 00 bb bb 18 00 35 00 01 00 00 01 00 01 01 1b 06 1a 0f 0b 20 09 00 01 01 00 02 01 00 0d 00 00 0e 00 00 0f 00 00 10 00 00 11 00 00 00 29 00 00 39 4a 67 19 26 07 e7 c5 43
2026-06-27T15:11:32.000,1782553292000,1_1,nms rssi,37958,out,pass,160155.0,02 06 0c 00 31 00 00 00 aa aa 20 00 29 00 01 00 00 01 00 01 01 1b 06 1a 0f 0b 20 00 00 00 00 00 00 00 00 00 00 00 00 00 00 00 00 00 00 9e 75 e4 9e
2026-06-27T15:11:32.000,1782553292000,1_1,linfo,37959,,pass,160155.0,01 02 01 00 00 00 a0 00 b6 03 b6 03 02 16 16 02 05 05 05 02 1e 00 00 00 1e 00 00 01 02 05 08 0a 1e 00 19 0f 05 05 00 00 00 3f 5a 00 05 03 03 06 06 02 04 0a b4 00 3c 00 f0 00 b8 0b 0e 05 1e 0f 08 5a 0f 02 1e 00 05 00 1e 00 78 00 0f 50 00 64 00 2c 01 b8 0b f4 01 dc 05 0a c8 00 2c 01 32 32 32 1e 2c 01 58 02 b8 0b b8 0b 64 00 f4 01 64 00 0f 05 02 78 00 78 00 19 3c 3c 02 41 42 43 44 00 00 00 00 00 00 00 00 00 00 00 00 00 00 00 00 00 00 00 00 00 00 00 00 00 00 00 00 00 00 00 00 00 00 00 00 58 59 5a 41 00 00 00 00 00 00 00 00 00 00 00 00 00 00 00 00 00 00 00 00 00 00 00 00 00 00 00 00 00 00 00 00 00 00 00 00 01 00 00 7f 51 c3 00 00 01 00 00 7f 52 c3 00 00 c0 a8 a7 f4 01 70 17 03 28 02 0f 00 00 00 41 00 00 a0 40 66 66 86 40 66 66 66 40 00 00 00 00 fa 00 64 00 50 00 50 00 dc 05 64 00 32 00 00 00 03 00 c1 4a 13 f6 01 01 4c 4f 43 4f 5f 54 43 41 53 5f 42 52 41 4b 49 4e 47 00 c3 00 00 00 72 00 6e 00 61 00 6c 00 30 ed 3f 1d c3 00 00 00 29 43 a0 64 64 96 00 fa 00 0a 00 04 04 04 03 03 04 32 09 09 32 0a 0a 46 0b 0b 64 0c 0c ff 00 00 64 00 00 00 01 00 02 00 01 3c 00 00 14 1e 37 4b 03 02 04 00 00 00 79 89 f3 f0
2026-06-27T15:11:33.000,1782553293000,1_1,dop1,37960,out,na,160155.0,0c 17 17 17 17 0c 0c 0c 0c 0c 17 17 17 17 17 17
2026-06-27T15:11:33.000,1782553293000,1_1,dop2,37961,out,na,160155.0,0c 17 17 17 17 0c 0c 0c 0c 0c 17 17 17 17 17 17
2026-06-27T15:11:33.000,1782553293000,1_1,dop1,37962,out,na,160155.0,0c 17 17 17 17 0c 0c 0c 0c 0c 17 17 17 17 17 17
2026-06-27T15:11:33.000,1782553293000,1_1,dop2,37963,out,na,160155.0,0c 17 17 17 17 0c 0c 0c 0c 0c 17 17 17 17 17 17
2026-06-27T15:11:33.000,1782553293000,1_1,dop1,37964,out,na,160155.0,0c 17 17 17 17 0c 0c 0c 0c 0c 17 17 17 17 17 17
2026-06-27T15:11:33.000,1782553293000,1_1,dop2,37965,out,na,160155.0,0c 17 17 17 17 0c 0c 0c 0c 0c 17 17 17 17 17 17
2026-06-27T15:11:34.000,1782553294000,1_1,dmi,37966,out,na,160155.0,aa aa 74 02 01 0a 6f 00 f7 27 00 00 00 00 00 00 00 00 00 00 1b 06 ea 07 0f 0b 22 00 00 00 00 00 00 00 00 40 00 00 00 00 00 00 01 00 00 20 00 00 00 00 00 00 00 00 00 00 00 50 00 00 00 00 00 00 00 00 00 00 00 00 fa 00 00 00 00 00 01 00 00 0d 6a 0d 00 00 00 00 00 00 00 00 00 00 00 00 f0 3c 00 f4 01 00 00 00 00 08 06 0f 00 00 01 00 9f ae ae dd bb bb
2026-06-27T15:11:34.000,1782553294000,1_1,nms hlth,37967,out,pass,160155.0,02 06 0b 00 3f 00 00 00 bb bb 18 00 35 00 01 00 00 01 00 01 01 1b 06 1a 0f 0b 22 09 00 01 01 00 02 01 00 0d 00 00 0e 00 00 0f 00 00 10 00 00 11 00 00 00 29 00 00 39 4a 67 19 26 6a 02 e4 a5
2026-06-27T15:11:34.000,1782553294000,1_1,nms rssi,37968,out,pass,160155.0,02 06 0c 00 31 00 00 00 aa aa 20 00 29 00 01 00 00 01 00 01 01 1b 06 1a 0f 0b 22 00 00 00 00 00 00 00 00 00 00 00 00 00 00 00 00 00 00 ea c1 e2 6f
2026-06-27T15:11:34.000,1782553294000,1_1,linfo,37969,,pass,160155.0,01 02 01 00 00 00 a0 00 b6 03 b6 03 02 16 16 02 05 05 05 02 1e 00 00 00 1e 00 00 01 02 05 08 0a 1e 00 19 0f 05 05 00 00 00 3f 5a 00 05 03 03 06 06 02 04 0a b4 00 3c 00 f0 00 b8 0b 0e 05 1e 0f 08 5a 0f 02 1e 00 05 00 1e 00 78 00 0f 50 00 64 00 2c 01 b8 0b f4 01 dc 05 0a c8 00 2c 01 32 32 32 1e 2c 01 58 02 b8 0b b8 0b 64 00 f4 01 64 00 0f 05 02 78 00 78 00 19 3c 3c 02 41 42 43 44 00 00 00 00 00 00 00 00 00 00 00 00 00 00 00 00 00 00 00 00 00 00 00 00 00 00 00 00 00 00 00 00 00 00 00 00 58 59 5a 41 00 00 00 00 00 00 00 00 00 00 00 00 00 00 00 00 00 00 00 00 00 00 00 00 00 00 00 00 00 00 00 00 00 00 00 00 01 00 00 7f 51 c3 00 00 01 00 00 7f 52 c3 00 00 c0 a8 a7 f4 01 70 17 03 28 02 0f 00 00 00 41 00 00 a0 40 66 66 86 40 66 66 66 40 00 00 00 00 fa 00 64 00 50 00 50 00 dc 05 64 00 32 00 00 00 03 00 c1 4a 13 f6 01 01 4c 4f 43 4f 5f 54 43 41 53 5f 42 52 41 4b 49 4e 47 00 c3 00 00 00 72 00 6e 00 61 00 6c 00 30 ed 3f 1d c3 00 00 00 29 43 a0 64 64 96 00 fa 00 0a 00 04 04 04 03 03 04 32 09 09 32 0a 0a 46 0b 0b 64 0c 0c ff 00 00 64 00 00 00 01 00 02 00 01 3c 00 00 14 1e 37 4b 03 02 04 00 00 00 79 89 f3 f0
2026-06-27T15:11:34.000,1782553294000,1_1,dop1,37970,out,na,160155.0,0c 17 17 17 17 0c 0c 0c 0c 0c 17 17 17 17 17 17
2026-06-27T15:11:34.000,1782553294000,1_1,dop2,37971,out,na,160155.0,0c 17 17 17 17 0c 0c 0c 0c 0c 17 17 17 17 17 17
2026-06-27T15:11:34.000,1782553294000,1_1,arp,37972,out,fail,160155.0,02 07 0d 00 27 00 00 00 00 00 d3 ad 5a 70 00 01 40 00 00 07 d0 00 04 00 00 00 00 00 00 00 00 00 09 66 c0 82 2e 67 4d
2026-06-27T15:11:34.000,1782553294000,1_1,dop1,37973,out,na,160155.0,0c 17 17 17 17 0c 0c 0c 0c 0c 17 17 17 17 17 17
2026-06-27T15:11:34.000,1782553294000,1_1,dop2,37974,out,na,160155.0,0c 17 17 17 17 0c 0c 0c 0c 0c 17 17 17 17 17 17
2026-06-27T15:11:34.000,1782553294000,1_1,ccsys,37975,in,fail,160155.0,03 01 01 00 00 00 00 00 00 00 00 00 00 00 00 00 00 00 00 00 00 00 00 00 00 00 00 00 00 03 01 01 23 23 00 00 00 00 03 03 00 00 00 00 1c 1c 33 33 00 00 00 00
2026-06-27T15:11:34.000,1782553294000,1_1,dop1,37976,out,na,160155.0,0c 17 17 17 17 0c 0c 0c 0c 0c 17 17 17 17 17 17
2026-06-27T15:11:34.000,1782553294000,1_1,dop2,37977,out,na,160155.0,0c 17 17 17 17 0c 0c 0c 0c 0c 17 17 17 17 17 17
2026-06-27T15:11:34.000,1782553294000,1_1,dmi,37978,out,na,160155.0,aa aa 74 02 01 0a 6f 00 16 28 00 00 00 00 00 00 00 00 00 00 1b 06 ea 07 0f 0b 22 00 00 00 00 00 00 00 00 40 00 00 00 00 00 00 01 00 00 20 00 00 00 00 00 00 00 00 00 00 00 50 00 00 00 00 00 00 00 00 00 00 00 00 fa 00 00 00 00 00 01 00 00 0d 6a 0d 00 00 00 00 00 00 00 00 00 00 00 00 f0 3c 00 f4 01 00 00 00 00 08 06 0f 00 00 01 00 6c 29 71 7b bb bb
2026-06-27T15:11:34.000,1782553294000,1_1,nms hlth,37979,out,pass,160155.0,02 06 0b 00 3f 00 00 00 bb bb 18 00 35 00 01 00 00 01 00 01 01 1b 06 1a 0f 0b 22 09 00 01 01 00 02 01 00 0d 00 00 0e 00 00 0f 00 00 10 00 00 11 00 00 00 29 00 00 39 4a 67 19 26 6a 02 e4 a5
2026-06-27T15:11:34.000,1782553294000,1_1,nms rssi,37980,out,pass,160155.0,02 06 0c 00 31 00 00 00 aa aa 20 00 29 00 01 00 00 01 00 01 01 1b 06 1a 0f 0b 22 00 00 00 00 00 00 00 00 00 00 00 00 00 00 00 00 00 00 ea c1 e2 6f
2026-06-27T15:11:34.000,1782553294000,1_1,linfo,37981,,pass,160155.0,01 02 01 00 00 00 a0 00 b6 03 b6 03 02 16 16 02 05 05 05 02 1e 00 00 00 1e 00 00 01 02 05 08 0a 1e 00 19 0f 05 05 00 00 00 3f 5a 00 05 03 03 06 06 02 04 0a b4 00 3c 00 f0 00 b8 0b 0e 05 1e 0f 08 5a 0f 02 1e 00 05 00 1e 00 78 00 0f 50 00 64 00 2c 01 b8 0b f4 01 dc 05 0a c8 00 2c 01 32 32 32 1e 2c 01 58 02 b8 0b b8 0b 64 00 f4 01 64 00 0f 05 02 78 00 78 00 19 3c 3c 02 41 42 43 44 00 00 00 00 00 00 00 00 00 00 00 00 00 00 00 00 00 00 00 00 00 00 00 00 00 00 00 00 00 00 00 00 00 00 00 00 58 59 5a 41 00 00 00 00 00 00 00 00 00 00 00 00 00 00 00 00 00 00 00 00 00 00 00 00 00 00 00 00 00 00 00 00 00 00 00 00 01 00 00 7f 51 c3 00 00 01 00 00 7f 52 c3 00 00 c0 a8 a7 f4 01 70 17 03 28 02 0f 00 00 00 41 00 00 a0 40 66 66 86 40 66 66 66 40 00 00 00 00 fa 00 64 00 50 00 50 00 dc 05 64 00 32 00 00 00 03 00 c1 4a 13 f6 01 01 4c 4f 43 4f 5f 54 43 41 53 5f 42 52 41 4b 49 4e 47 00 c3 00 00 00 72 00 6e 00 61 00 6c 00 30 ed 3f 1d c3 00 00 00 29 43 a0 64 64 96 00 fa 00 0a 00 04 04 04 03 03 04 32 09 09 32 0a 0a 46 0b 0b 64 0c 0c ff 00 00 64 00 00 00 01 00 02 00 01 3c 00 00 14 1e 37 4b 03 02 04 00 00 00 79 89 f3 f0
2026-06-27T15:11:35.000,1782553295000,1_1,dop1,37982,out,na,160155.0,0c 17 17 17 17 0c 0c 0c 0c 0c 17 17 17 17 17 17
2026-06-27T15:11:35.000,1782553295000,1_1,dop2,37983,out,na,160155.0,0c 17 17 17 17 0c 0c 0c 0c 0c 17 17 17 17 17 17
2026-06-27T15:11:35.000,1782553295000,1_1,dop1,37984,out,na,160155.0,0c 17 17 17 17 0c 0c 0c 0c 0c 17 17 17 17 17 17
2026-06-27T15:11:35.000,1782553295000,1_1,dop2,37985,out,na,160155.0,0c 17 17 17 17 0c 0c 0c 0c 0c 17 17 17 17 17 17
2026-06-27T15:11:36.000,1782553296000,1_1,dop1,37986,out,na,160155.0,0c 17 17 17 17 0c 0c 0c 0c 0c 17 17 17 17 17 17
2026-06-27T15:11:36.000,1782553296000,1_1,dop2,37987,out,na,160155.0,0c 17 17 17 17 0c 0c 0c 0c 0c 17 17 17 17 17 17
2026-06-27T15:11:36.000,1782553296000,1_1,dmi,37988,out,na,160155.0,aa aa 74 02 01 0a 6f 00 36 28 00 00 00 00 00 00 00 00 00 00 1b 06 ea 07 0f 0b 24 00 00 00 00 00 00 00 00 40 00 00 00 00 00 00 01 00 00 20 00 00 00 00 00 00 00 00 00 00 00 50 00 00 00 00 00 00 00 00 00 00 00 00 fa 00 00 00 00 00 01 00 00 0d 6a 0d 00 00 00 00 00 00 00 00 00 00 00 00 f0 3c 00 f4 01 00 00 00 00 08 06 0f 00 00 01 00 f0 61 da cd bb bb
2026-06-27T15:11:36.000,1782553296000,1_1,nms hlth,37989,out,pass,160155.0,02 06 0b 00 3f 00 00 00 bb bb 18 00 35 00 01 00 00 01 00 01 01 1b 06 1a 0f 0b 24 09 00 01 01 00 02 01 00 0d 00 00 0e 00 00 0f 00 00 10 00 00 11 00 00 00 29 00 00 39 4a 67 19 26 dc 2d 86 8f
2026-06-27T15:11:36.000,1782553296000,1_1,nms rssi,37990,out,pass,160155.0,02 06 0c 00 31 00 00 00 aa aa 20 00 29 00 01 00 00 01 00 01 01 1b 06 1a 0f 0b 24 00 00 00 00 00 00 00 00 00 00 00 00 00 00 00 00 00 00 77 1d e9 7c
2026-06-27T15:11:36.000,1782553296000,1_1,linfo,37991,,pass,160155.0,01 02 01 00 00 00 a0 00 b6 03 b6 03 02 16 16 02 05 05 05 02 1e 00 00 00 1e 00 00 01 02 05 08 0a 1e 00 19 0f 05 05 00 00 00 3f 5a 00 05 03 03 06 06 02 04 0a b4 00 3c 00 f0 00 b8 0b 0e 05 1e 0f 08 5a 0f 02 1e 00 05 00 1e 00 78 00 0f 50 00 64 00 2c 01 b8 0b f4 01 dc 05 0a c8 00 2c 01 32 32 32 1e 2c 01 58 02 b8 0b b8 0b 64 00 f4 01 64 00 0f 05 02 78 00 78 00 19 3c 3c 02 41 42 43 44 00 00 00 00 00 00 00 00 00 00 00 00 00 00 00 00 00 00 00 00 00 00 00 00 00 00 00 00 00 00 00 00 00 00 00 00 58 59 5a 41 00 00 00 00 00 00 00 00 00 00 00 00 00 00 00 00 00 00 00 00 00 00 00 00 00 00 00 00 00 00 00 00 00 00 00 00 01 00 00 7f 51 c3 00 00 01 00 00 7f 52 c3 00 00 c0 a8 a7 f4 01 70 17 03 28 02 0f 00 00 00 41 00 00 a0 40 66 66 86 40 66 66 66 40 00 00 00 00 fa 00 64 00 50 00 50 00 dc 05 64 00 32 00 00 00 03 00 c1 4a 13 f6 01 01 4c 4f 43 4f 5f 54 43 41 53 5f 42 52 41 4b 49 4e 47 00 c3 00 00 00 72 00 6e 00 61 00 6c 00 30 ed 3f 1d c3 00 00 00 29 43 a0 64 64 96 00 fa 00 0a 00 04 04 04 03 03 04 32 09 09 32 0a 0a 46 0b 0b 64 0c 0c ff 00 00 64 00 00 00 01 00 02 00 01 3c 00 00 14 1e 37 4b 03 02 04 00 00 00 79 89 f3 f0
2026-06-27T15:11:36.000,1782553296000,1_1,arp,37992,out,fail,160155.0,02 07 0d 00 27 00 00 00 00 00 d3 ad 5a 90 00 01 40 00 00 07 d0 00 04 00 00 00 00 00 00 00 00 00 09 66 c0 8f 12 97 86
2026-06-27T15:11:36.000,1782553296000,1_1,dop1,37993,out,na,160155.0,0c 17 17 17 17 0c 0c 0c 0c 0c 17 17 17 17 17 17
2026-06-27T15:11:36.000,1782553296000,1_1,dop2,37994,out,na,160155.0,0c 17 17 17 17 0c 0c 0c 0c 0c 17 17 17 17 17 17
2026-06-27T15:11:36.000,1782553296000,1_1,dop1,37995,out,na,160155.0,0c 17 17 17 17 0c 0c 0c 0c 0c 17 17 17 17 17 17
2026-06-27T15:11:36.000,1782553296000,1_1,dop2,37996,out,na,160155.0,0c 17 17 17 17 0c 0c 0c 0c 0c 17 17 17 17 17 17
2026-06-27T15:11:36.000,1782553296000,1_1,dop1,37997,out,na,160155.0,0c 17 17 17 17 0c 0c 0c 0c 0c 17 17 17 17 17 17
2026-06-27T15:11:36.000,1782553296000,1_1,dop2,37998,out,na,160155.0,0c 17 17 17 17 0c 0c 0c 0c 0c 17 17 17 17 17 17
2026-06-27T15:11:36.000,1782553296000,1_1,dmi,37999,out,na,160155.0,aa aa 74 02 01 0a 6f 00 55 28 00 00 00 00 00 00 00 00 00 00 1b 06 ea 07 0f 0b 24 00 00 00 00 00 00 00 00 40 00 00 00 00 00 00 01 00 00 20 00 00 00 00 00 00 00 00 00 00 00 50 00 00 00 00 00 00 00 00 00 00 00 00 fa 00 00 00 00 00 01 00 00 0d 6a 0d 00 00 00 00 00 00 00 00 00 00 00 00 f0 3c 00 f4 01 00 00 00 00 08 06 0f 00 00 01 00 a6 df 97 c4 bb bb
2026-06-27T15:11:36.000,1782553296000,1_1,nms hlth,38000,out,pass,160155.0,02 06 0b 00 3f 00 00 00 bb bb 18 00 35 00 01 00 00 01 00 01 01 1b 06 1a 0f 0b 24 09 00 01 01 00 02 01 00 0d 00 00 0e 00 00 0f 00 00 10 00 00 11 00 00 00 29 00 00 39 4a 67 19 26 dc 2d 86 8f
2026-06-27T15:11:36.000,1782553296000,1_1,nms rssi,38001,out,pass,160155.0,02 06 0c 00 31 00 00 00 aa aa 20 00 29 00 01 00 00 01 00 01 01 1b 06 1a 0f 0b 24 00 00 00 00 00 00 00 00 00 00 00 00 00 00 00 00 00 00 77 1d e9 7c
2026-06-27T15:11:36.000,1782553296000,1_1,linfo,38002,,pass,160155.0,01 02 01 00 00 00 a0 00 b6 03 b6 03 02 16 16 02 05 05 05 02 1e 00 00 00 1e 00 00 01 02 05 08 0a 1e 00 19 0f 05 05 00 00 00 3f 5a 00 05 03 03 06 06 02 04 0a b4 00 3c 00 f0 00 b8 0b 0e 05 1e 0f 08 5a 0f 02 1e 00 05 00 1e 00 78 00 0f 50 00 64 00 2c 01 b8 0b f4 01 dc 05 0a c8 00 2c 01 32 32 32 1e 2c 01 58 02 b8 0b b8 0b 64 00 f4 01 64 00 0f 05 02 78 00 78 00 19 3c 3c 02 41 42 43 44 00 00 00 00 00 00 00 00 00 00 00 00 00 00 00 00 00 00 00 00 00 00 00 00 00 00 00 00 00 00 00 00 00 00 00 00 58 59 5a 41 00 00 00 00 00 00 00 00 00 00 00 00 00 00 00 00 00 00 00 00 00 00 00 00 00 00 00 00 00 00 00 00 00 00 00 00 01 00 00 7f 51 c3 00 00 01 00 00 7f 52 c3 00 00 c0 a8 a7 f4 01 70 17 03 28 02 0f 00 00 00 41 00 00 a0 40 66 66 86 40 66 66 66 40 00 00 00 00 fa 00 64 00 50 00 50 00 dc 05 64 00 32 00 00 00 03 00 c1 4a 13 f6 01 01 4c 4f 43 4f 5f 54 43 41 53 5f 42 52 41 4b 49 4e 47 00 c3 00 00 00 72 00 6e 00 61 00 6c 00 30 ed 3f 1d c3 00 00 00 29 43 a0 64 64 96 00 fa 00 0a 00 04 04 04 03 03 04 32 09 09 32 0a 0a 46 0b 0b 64 0c 0c ff 00 00 64 00 00 00 01 00 02 00 01 3c 00 00 14 1e 37 4b 03 02 04 00 00 00 79 89 f3 f0
2026-06-27T15:11:37.000,1782553297000,1_1,dop1,38003,out,na,160155.0,0c 17 17 17 17 0c 0c 0c 0c 0c 17 17 17 17 17 17
2026-06-27T15:11:37.000,1782553297000,1_1,dop2,38004,out,na,160155.0,0c 17 17 17 17 0c 0c 0c 0c 0c 17 17 17 17 17 17
2026-06-27T15:11:37.000,1782553297000,1_1,dop1,38005,out,na,160155.0,0c 17 17 17 17 0c 0c 0c 0c 0c 17 17 17 17 17 17
2026-06-27T15:11:37.000,1782553297000,1_1,dop2,38006,out,na,160155.0,0c 17 17 17 17 0c 0c 0c 0c 0c 17 17 17 17 17 17
2026-06-27T15:11:38.000,1782553298000,1_1,dop1,38007,out,na,160155.0,0c 17 17 17 17 0c 0c 0c 0c 0c 17 17 17 17 17 17
2026-06-27T15:11:38.000,1782553298000,1_1,dop2,38008,out,na,160155.0,0c 17 17 17 17 0c 0c 0c 0c 0c 17 17 17 17 17 17
2026-06-27T15:11:38.000,1782553298000,1_1,dmi,38009,out,na,160155.0,aa aa 74 02 01 0a 6f 00 74 28 00 00 00 00 00 00 00 00 00 00 1b 06 ea 07 0f 0b 26 00 00 00 00 00 00 00 00 40 00 00 00 00 00 00 01 00 00 20 00 00 00 00 00 00 00 00 00 00 00 50 00 00 00 00 00 00 00 00 00 00 00 00 fa 00 00 00 00 00 01 00 00 0d 6a 0d 00 00 00 00 00 00 00 00 00 00 00 00 f0 3c 00 f4 01 00 00 00 00 08 06 0f 00 00 01 00 0a f4 ab 77 bb bb
2026-06-27T15:11:38.000,1782553298000,1_1,nms hlth,38010,out,pass,160155.0,02 06 0b 00 3f 00 00 00 bb bb 18 00 35 00 01 00 00 01 00 01 01 1b 06 1a 0f 0b 26 09 00 01 01 00 02 01 00 0d 00 00 0e 00 00 0f 00 00 10 00 00 11 00 00 00 29 00 00 39 4a 67 19 26 b1 c8 a7 69
2026-06-27T15:11:38.000,1782553298000,1_1,nms rssi,38011,out,pass,160155.0,02 06 0c 00 31 00 00 00 aa aa 20 00 29 00 01 00 00 01 00 01 01 1b 06 1a 0f 0b 26 00 00 00 00 00 00 00 00 00 00 00 00 00 00 00 00 00 00 03 a9 ef 8d
2026-06-27T15:11:38.000,1782553298000,1_1,linfo,38012,,pass,160155.0,01 02 01 00 00 00 a0 00 b6 03 b6 03 02 16 16 02 05 05 05 02 1e 00 00 00 1e 00 00 01 02 05 08 0a 1e 00 19 0f 05 05 00 00 00 3f 5a 00 05 03 03 06 06 02 04 0a b4 00 3c 00 f0 00 b8 0b 0e 05 1e 0f 08 5a 0f 02 1e 00 05 00 1e 00 78 00 0f 50 00 64 00 2c 01 b8 0b f4 01 dc 05 0a c8 00 2c 01 32 32 32 1e 2c 01 58 02 b8 0b b8 0b 64 00 f4 01 64 00 0f 05 02 78 00 78 00 19 3c 3c 02 41 42 43 44 00 00 00 00 00 00 00 00 00 00 00 00 00 00 00 00 00 00 00 00 00 00 00 00 00 00 00 00 00 00 00 00 00 00 00 00 58 59 5a 41 00 00 00 00 00 00 00 00 00 00 00 00 00 00 00 00 00 00 00 00 00 00 00 00 00 00 00 00 00 00 00 00 00 00 00 00 01 00 00 7f 51 c3 00 00 01 00 00 7f 52 c3 00 00 c0 a8 a7 f4 01 70 17 03 28 02 0f 00 00 00 41 00 00 a0 40 66 66 86 40 66 66 66 40 00 00 00 00 fa 00 64 00 50 00 50 00 dc 05 64 00 32 00 00 00 03 00 c1 4a 13 f6 01 01 4c 4f 43 4f 5f 54 43 41 53 5f 42 52 41 4b 49 4e 47 00 c3 00 00 00 72 00 6e 00 61 00 6c 00 30 ed 3f 1d c3 00 00 00 29 43 a0 64 64 96 00 fa 00 0a 00 04 04 04 03 03 04 32 09 09 32 0a 0a 46 0b 0b 64 0c 0c ff 00 00 64 00 00 00 01 00 02 00 01 3c 00 00 14 1e 37 4b 03 02 04 00 00 00 79 89 f3 f0
2026-06-27T15:11:38.000,1782553298000,1_1,dlsys,38013,in,fail,160155.0,0e 63 0a 04 09 01 50 01 00 00 00 00 e7 36 d9 5b
2026-06-27T15:11:38.000,1782553298000,1_1,arp,38014,out,fail,160155.0,02 07 0d 00 27 00 00 00 00 00 d3 ad 5a b0 00 01 40 00 00 07 d0 00 04 00 00 00 00 00 00 00 00 00 09 66 c0 07 8d 05 45
2026-06-27T15:11:38.000,1782553298000,1_1,dop1,38015,out,na,160155.0,0c 17 17 17 17 0c 0c 0c 0c 0c 17 17 17 17 17 17
2026-06-27T15:11:38.000,1782553298000,1_1,dop2,38016,out,na,160155.0,0c 17 17 17 17 0c 0c 0c 0c 0c 17 17 17 17 17 17
2026-06-27T15:11:38.000,1782553298000,1_1,dop1,38017,out,na,160155.0,0c 17 17 17 17 0c 0c 0c 0c 0c 17 17 17 17 17 17
2026-06-27T15:11:38.000,1782553298000,1_1,dop2,38018,out,na,160155.0,0c 17 17 17 17 0c 0c 0c 0c 0c 17 17 17 17 17 17
2026-06-27T15:11:38.000,1782553298000,1_1,dop1,38019,out,na,160155.0,0c 17 17 17 17 0c 0c 0c 0c 0c 17 17 17 17 17 17
2026-06-27T15:11:38.000,1782553298000,1_1,dop2,38020,out,na,160155.0,0c 17 17 17 17 0c 0c 0c 0c 0c 17 17 17 17 17 17
2026-06-27T15:11:38.000,1782553298000,1_1,dmi,38021,out,na,160155.0,aa aa 74 02 01 0a 6f 00 93 28 00 00 00 00 00 00 00 00 00 00 1b 06 ea 07 0f 0b 26 00 00 00 00 00 00 00 00 40 00 00 00 00 00 00 01 00 00 20 00 00 00 00 00 00 00 00 00 00 00 50 00 00 00 00 00 00 00 00 00 00 00 00 fa 00 00 00 00 00 01 00 00 0d 6a 0d 00 00 00 00 00 00 00 00 00 00 00 00 f0 3c 00 f4 01 00 00 00 00 08 06 0f 00 00 01 00 94 e2 0b 62 bb bb
2026-06-27T15:11:38.000,1782553298000,1_1,nms hlth,38022,out,pass,160155.0,02 06 0b 00 3f 00 00 00 bb bb 18 00 35 00 01 00 00 01 00 01 01 1b 06 1a 0f 0b 26 09 00 01 01 00 02 01 00 0d 00 00 0e 00 00 0f 00 00 10 00 00 11 00 00 00 29 00 00 39 4a 67 19 26 b1 c8 a7 69
2026-06-27T15:11:38.000,1782553298000,1_1,nms rssi,38023,out,pass,160155.0,02 06 0c 00 31 00 00 00 aa aa 20 00 29 00 01 00 00 01 00 01 01 1b 06 1a 0f 0b 26 00 00 00 00 00 00 00 00 00 00 00 00 00 00 00 00 00 00 03 a9 ef 8d
2026-06-27T15:11:38.000,1782553298000,1_1,linfo,38024,,pass,160155.0,01 02 01 00 00 00 a0 00 b6 03 b6 03 02 16 16 02 05 05 05 02 1e 00 00 00 1e 00 00 01 02 05 08 0a 1e 00 19 0f 05 05 00 00 00 3f 5a 00 05 03 03 06 06 02 04 0a b4 00 3c 00 f0 00 b8 0b 0e 05 1e 0f 08 5a 0f 02 1e 00 05 00 1e 00 78 00 0f 50 00 64 00 2c 01 b8 0b f4 01 dc 05 0a c8 00 2c 01 32 32 32 1e 2c 01 58 02 b8 0b b8 0b 64 00 f4 01 64 00 0f 05 02 78 00 78 00 19 3c 3c 02 41 42 43 44 00 00 00 00 00 00 00 00 00 00 00 00 00 00 00 00 00 00 00 00 00 00 00 00 00 00 00 00 00 00 00 00 00 00 00 00 58 59 5a 41 00 00 00 00 00 00 00 00 00 00 00 00 00 00 00 00 00 00 00 00 00 00 00 00 00 00 00 00 00 00 00 00 00 00 00 00 01 00 00 7f 51 c3 00 00 01 00 00 7f 52 c3 00 00 c0 a8 a7 f4 01 70 17 03 28 02 0f 00 00 00 41 00 00 a0 40 66 66 86 40 66 66 66 40 00 00 00 00 fa 00 64 00 50 00 50 00 dc 05 64 00 32 00 00 00 03 00 c1 4a 13 f6 01 01 4c 4f 43 4f 5f 54 43 41 53 5f 42 52 41 4b 49 4e 47 00 c3 00 00 00 72 00 6e 00 61 00 6c 00 30 ed 3f 1d c3 00 00 00 29 43 a0 64 64 96 00 fa 00 0a 00 04 04 04 03 03 04 32 09 09 32 0a 0a 46 0b 0b 64 0c 0c ff 00 00 64 00 00 00 01 00 02 00 01 3c 00 00 14 1e 37 4b 03 02 04 00 00 00 79 89 f3 f0
2026-06-27T15:11:39.000,1782553299000,1_1,dop1,38025,out,na,160155.0,0c 17 17 17 17 0c 0c 0c 0c 0c 17 17 17 17 17 17
2026-06-27T15:11:39.000,1782553299000,1_1,dop2,38026,out,na,160155.0,0c 17 17 17 17 0c 0c 0c 0c 0c 17 17 17 17 17 17
2026-06-27T15:11:39.000,1782553299000,1_1,dop1,38027,out,na,160155.0,0c 17 17 17 17 0c 0c 0c 0c 0c 17 17 17 17 17 17
2026-06-27T15:11:39.000,1782553299000,1_1,dop2,38028,out,na,160155.0,0c 17 17 17 17 0c 0c 0c 0c 0c 17 17 17 17 17 17
2026-06-27T15:11:40.000,1782553300000,1_1,ccsys,38029,in,fail,160155.0,03 01 01 00 00 00 00 00 00 00 00 00 00 00 00 00 00 00 00 00 00 00 00 00 00 00 00 00 00 03 01 01 28 28 00 00 00 00 03 03 00 00 00 00 1c 1c 33 33 00 00 00 00
2026-06-27T15:11:40.000,1782553300000,1_1,dmi,38030,out,na,160155.0,aa aa 74 02 01 0a 6f 00 b2 28 00 00 00 00 00 00 00 00 00 00 1b 06 ea 07 0f 0b 28 00 00 00 00 00 00 00 00 40 00 00 00 00 00 00 01 00 00 20 00 00 00 00 00 00 00 00 00 00 00 50 00 00 00 00 00 00 00 00 00 00 00 00 fa 00 00 00 00 00 01 00 00 0d 6a 0d 00 00 00 00 00 00 00 00 00 00 00 00 f0 3c 00 f4 01 00 00 00 00 08 06 0f 00 00 01 00 fe 40 c6 df bb bb
2026-06-27T15:11:40.000,1782553300000,1_1,dop1,38031,out,na,160155.0,0c 17 17 17 17 0c 0c 0c 0c 0c 17 17 17 17 17 17
2026-06-27T15:11:40.000,1782553300000,1_1,dop2,38032,out,na,160155.0,0c 17 17 17 17 0c 0c 0c 0c 0c 17 17 17 17 17 17
2026-06-27T15:11:40.000,1782553300000,1_1,nms hlth,38033,out,pass,160155.0,02 06 0b 00 3f 00 00 00 bb bb 18 00 35 00 01 00 00 01 00 01 01 1b 06 1a 0f 0b 28 09 00 01 01 00 02 01 00 0d 00 00 0e 00 00 0f 00 00 10 00 00 11 00 00 00 29 00 00 39 4a 67 19 26 6b 02 44 9a
2026-06-27T15:11:40.000,1782553300000,1_1,nms rssi,38034,out,pass,160155.0,02 06 0c 00 31 00 00 00 aa aa 20 00 29 00 01 00 00 01 00 01 01 1b 06 1a 0f 0b 28 00 00 00 00 00 00 00 00 00 00 00 00 00 00 00 00 00 00 97 d4 f9 1b
2026-06-27T15:11:40.000,1782553300000,1_1,linfo,38035,,pass,160155.0,01 02 01 00 00 00 a0 00 b6 03 b6 03 02 16 16 02 05 05 05 02 1e 00 00 00 1e 00 00 01 02 05 08 0a 1e 00 19 0f 05 05 00 00 00 3f 5a 00 05 03 03 06 06 02 04 0a b4 00 3c 00 f0 00 b8 0b 0e 05 1e 0f 08 5a 0f 02 1e 00 05 00 1e 00 78 00 0f 50 00 64 00 2c 01 b8 0b f4 01 dc 05 0a c8 00 2c 01 32 32 32 1e 2c 01 58 02 b8 0b b8 0b 64 00 f4 01 64 00 0f 05 02 78 00 78 00 19 3c 3c 02 41 42 43 44 00 00 00 00 00 00 00 00 00 00 00 00 00 00 00 00 00 00 00 00 00 00 00 00 00 00 00 00 00 00 00 00 00 00 00 00 58 59 5a 41 00 00 00 00 00 00 00 00 00 00 00 00 00 00 00 00 00 00 00 00 00 00 00 00 00 00 00 00 00 00 00 00 00 00 00 00 01 00 00 7f 51 c3 00 00 01 00 00 7f 52 c3 00 00 c0 a8 a7 f4 01 70 17 03 28 02 0f 00 00 00 41 00 00 a0 40 66 66 86 40 66 66 66 40 00 00 00 00 fa 00 64 00 50 00 50 00 dc 05 64 00 32 00 00 00 03 00 c1 4a 13 f6 01 01 4c 4f 43 4f 5f 54 43 41 53 5f 42 52 41 4b 49 4e 47 00 c3 00 00 00 72 00 6e 00 61 00 6c 00 30 ed 3f 1d c3 00 00 00 29 43 a0 64 64 96 00 fa 00 0a 00 04 04 04 03 03 04 32 09 09 32 0a 0a 46 0b 0b 64 0c 0c ff 00 00 64 00 00 00 01 00 02 00 01 3c 00 00 14 1e 37 4b 03 02 04 00 00 00 79 89 f3 f0
2026-06-27T15:11:40.000,1782553300000,1_1,arp,38036,out,fail,160155.0,02 07 0d 00 27 00 00 00 00 00 d3 ad 5a d0 00 01 40 00 00 07 d0 00 04 00 00 00 00 00 00 00 00 00 09 66 c0 45 5c b4 41
2026-06-27T15:11:40.000,1782553300000,1_1,dop1,38037,out,na,160155.0,0c 17 17 17 17 0c 0c 0c 0c 0c 17 17 17 17 17 17
2026-06-27T15:11:40.000,1782553300000,1_1,dop2,38038,out,na,160155.0,0c 17 17 17 17 0c 0c 0c 0c 0c 17 17 17 17 17 17
2026-06-27T15:11:40.000,1782553300000,1_1,dop1,38039,out,na,160155.0,0c 17 17 17 17 0c 0c 0c 0c 0c 17 17 17 17 17 17
2026-06-27T15:11:40.000,1782553300000,1_1,dop2,38040,out,na,160155.0,0c 17 17 17 17 0c 0c 0c 0c 0c 17 17 17 17 17 17
2026-06-27T15:11:40.000,1782553300000,1_1,dmi,38041,out,na,160155.0,aa aa 74 02 01 0a 6f 00 d1 28 00 00 00 00 00 00 00 00 00 00 1b 06 ea 07 0f 0b 28 00 00 00 00 00 00 00 00 40 00 00 00 00 00 00 01 00 00 20 00 00 00 00 00 00 00 00 00 00 00 50 00 00 00 00 00 00 00 00 00 00 00 00 fa 00 00 00 00 00 01 00 00 0d 6a 0d 00 00 00 00 00 00 00 00 00 00 00 00 f0 3c 00 f4 01 00 00 00 00 08 06 0f 00 00 01 00 a8 fe 8b d6 bb bb
2026-06-27T15:11:40.000,1782553300000,1_1,dop1,38042,out,na,160155.0,0c 17 17 17 17 0c 0c 0c 0c 0c 17 17 17 17 17 17
2026-06-27T15:11:40.000,1782553300000,1_1,dop2,38043,out,na,160155.0,0c 17 17 17 17 0c 0c 0c 0c 0c 17 17 17 17 17 17
2026-06-27T15:11:40.000,1782553300000,1_1,nms hlth,38044,out,pass,160155.0,02 06 0b 00 3f 00 00 00 bb bb 18 00 35 00 01 00 00 01 00 01 01 1b 06 1a 0f 0b 28 09 00 01 01 00 02 01 00 0d 00 00 0e 00 00 0f 00 00 10 00 00 11 00 00 00 29 00 00 39 4a 67 19 26 6b 02 44 9a
2026-06-27T15:11:40.000,1782553300000,1_1,nms rssi,38045,out,pass,160155.0,02 06 0c 00 31 00 00 00 aa aa 20 00 29 00 01 00 00 01 00 01 01 1b 06 1a 0f 0b 28 00 00 00 00 00 00 00 00 00 00 00 00 00 00 00 00 00 00 97 d4 f9 1b
2026-06-27T15:11:40.000,1782553300000,1_1,linfo,38046,,pass,160155.0,01 02 01 00 00 00 a0 00 b6 03 b6 03 02 16 16 02 05 05 05 02 1e 00 00 00 1e 00 00 01 02 05 08 0a 1e 00 19 0f 05 05 00 00 00 3f 5a 00 05 03 03 06 06 02 04 0a b4 00 3c 00 f0 00 b8 0b 0e 05 1e 0f 08 5a 0f 02 1e 00 05 00 1e 00 78 00 0f 50 00 64 00 2c 01 b8 0b f4 01 dc 05 0a c8 00 2c 01 32 32 32 1e 2c 01 58 02 b8 0b b8 0b 64 00 f4 01 64 00 0f 05 02 78 00 78 00 19 3c 3c 02 41 42 43 44 00 00 00 00 00 00 00 00 00 00 00 00 00 00 00 00 00 00 00 00 00 00 00 00 00 00 00 00 00 00 00 00 00 00 00 00 58 59 5a 41 00 00 00 00 00 00 00 00 00 00 00 00 00 00 00 00 00 00 00 00 00 00 00 00 00 00 00 00 00 00 00 00 00 00 00 00 01 00 00 7f 51 c3 00 00 01 00 00 7f 52 c3 00 00 c0 a8 a7 f4 01 70 17 03 28 02 0f 00 00 00 41 00 00 a0 40 66 66 86 40 66 66 66 40 00 00 00 00 fa 00 64 00 50 00 50 00 dc 05 64 00 32 00 00 00 03 00 c1 4a 13 f6 01 01 4c 4f 43 4f 5f 54 43 41 53 5f 42 52 41 4b 49 4e 47 00 c3 00 00 00 72 00 6e 00 61 00 6c 00 30 ed 3f 1d c3 00 00 00 29 43 a0 64 64 96 00 fa 00 0a 00 04 04 04 03 03 04 32 09 09 32 0a 0a 46 0b 0b 64 0c 0c ff 00 00 64 00 00 00 01 00 02 00 01 3c 00 00 14 1e 37 4b 03 02 04 00 00 00 79 89 f3 f0
2026-06-27T15:11:41.000,1782553301000,1_1,dop1,38047,out,na,160155.0,0c 17 17 17 17 0c 0c 0c 0c 0c 17 17 17 17 17 17
2026-06-27T15:11:41.000,1782553301000,1_1,dop2,38048,out,na,160155.0,0c 17 17 17 17 0c 0c 0c 0c 0c 17 17 17 17 17 17
2026-06-27T15:11:41.000,1782553301000,1_1,dop1,38049,out,na,160155.0,0c 17 17 17 17 0c 0c 0c 0c 0c 17 17 17 17 17 17
2026-06-27T15:11:41.000,1782553301000,1_1,dop2,38050,out,na,160155.0,0c 17 17 17 17 0c 0c 0c 0c 0c 17 17 17 17 17 17
2026-06-27T15:11:42.000,1782553302000,1_1,dmi,38051,out,na,160155.0,aa aa 74 02 01 0a 6f 00 f1 28 00 00 00 00 00 00 00 00 00 00 1b 06 ea 07 0f 0b 2a 00 00 00 00 00 00 00 00 40 00 00 00 00 00 00 01 00 00 20 00 00 00 00 00 00 00 00 00 00 00 50 00 00 00 00 00 00 00 00 00 00 00 00 fa 00 00 00 00 00 01 00 00 0d 6a 0d 00 00 00 00 00 00 00 00 00 00 00 00 f0 3c 00 f4 01 00 00 00 00 08 06 0f 00 00 01 00 49 33 5f d3 bb bb
2026-06-27T15:11:42.000,1782553302000,1_1,nms hlth,38052,out,pass,160155.0,02 06 0b 00 3f 00 00 00 bb bb 18 00 35 00 01 00 00 01 00 01 01 1b 06 1a 0f 0b 2a 09 00 01 01 00 02 01 00 0d 00 00 0e 00 00 0f 00 00 10 00 00 11 00 00 00 29 00 00 39 4a 67 19 26 06 e7 65 7c
2026-06-27T15:11:42.000,1782553302000,1_1,nms rssi,38053,out,pass,160155.0,02 06 0c 00 31 00 00 00 aa aa 20 00 29 00 01 00 00 01 00 01 01 1b 06 1a 0f 0b 2a 00 00 00 00 00 00 00 00 00 00 00 00 00 00 00 00 00 00 e3 60 ff ea
2026-06-27T15:11:42.000,1782553302000,1_1,linfo,38054,,pass,160155.0,01 02 01 00 00 00 a0 00 b6 03 b6 03 02 16 16 02 05 05 05 02 1e 00 00 00 1e 00 00 01 02 05 08 0a 1e 00 19 0f 05 05 00 00 00 3f 5a 00 05 03 03 06 06 02 04 0a b4 00 3c 00 f0 00 b8 0b 0e 05 1e 0f 08 5a 0f 02 1e 00 05 00 1e 00 78 00 0f 50 00 64 00 2c 01 b8 0b f4 01 dc 05 0a c8 00 2c 01 32 32 32 1e 2c 01 58 02 b8 0b b8 0b 64 00 f4 01 64 00 0f 05 02 78 00 78 00 19 3c 3c 02 41 42 43 44 00 00 00 00 00 00 00 00 00 00 00 00 00 00 00 00 00 00 00 00 00 00 00 00 00 00 00 00 00 00 00 00 00 00 00 00 58 59 5a 41 00 00 00 00 00 00 00 00 00 00 00 00 00 00 00 00 00 00 00 00 00 00 00 00 00 00 00 00 00 00 00 00 00 00 00 00 01 00 00 7f 51 c3 00 00 01 00 00 7f 52 c3 00 00 c0 a8 a7 f4 01 70 17 03 28 02 0f 00 00 00 41 00 00 a0 40 66 66 86 40 66 66 66 40 00 00 00 00 fa 00 64 00 50 00 50 00 dc 05 64 00 32 00 00 00 03 00 c1 4a 13 f6 01 01 4c 4f 43 4f 5f 54 43 41 53 5f 42 52 41 4b 49 4e 47 00 c3 00 00 00 72 00 6e 00 61 00 6c 00 30 ed 3f 1d c3 00 00 00 29 43 a0 64 64 96 00 fa 00 0a 00 04 04 04 03 03 04 32 09 09 32 0a 0a 46 0b 0b 64 0c 0c ff 00 00 64 00 00 00 01 00 02 00 01 3c 00 00 14 1e 37 4b 03 02 04 00 00 00 79 89 f3 f0
2026-06-27T15:11:42.000,1782553302000,1_1,dop1,38055,out,na,160155.0,0c 17 17 17 17 0c 0c 0c 0c 0c 17 17 17 17 17 17
2026-06-27T15:11:42.000,1782553302000,1_1,dop2,38056,out,na,160155.0,0c 17 17 17 17 0c 0c 0c 0c 0c 17 17 17 17 17 17
2026-06-27T15:11:42.000,1782553302000,1_1,arp,38057,out,fail,160155.0,02 07 0d 00 27 00 00 00 00 00 d3 ad 5a f0 00 01 40 00 00 07 d0 00 04 00 00 00 00 00 00 00 00 00 09 66 c0 cd c3 26 82
2026-06-27T15:11:42.000,1782553302000,1_1,dop1,38058,out,na,160155.0,0c 17 17 17 17 0c 0c 0c 0c 0c 17 17 17 17 17 17
2026-06-27T15:11:42.000,1782553302000,1_1,dop2,38059,out,na,160155.0,0c 17 17 17 17 0c 0c 0c 0c 0c 17 17 17 17 17 17
2026-06-27T15:11:42.000,1782553302000,1_1,dop1,38060,out,na,160155.0,0c 17 17 17 17 0c 0c 0c 0c 0c 17 17 17 17 17 17
2026-06-27T15:11:42.000,1782553302000,1_1,dop2,38061,out,na,160155.0,0c 17 17 17 17 0c 0c 0c 0c 0c 17 17 17 17 17 17
2026-06-27T15:11:42.000,1782553302000,1_1,dmi,38062,out,na,160155.0,aa aa 74 02 01 0a 6f 00 10 29 00 00 00 00 00 00 00 00 00 00 1b 06 ea 07 0f 0b 2a 00 00 00 00 00 00 00 00 40 00 00 00 00 00 00 01 00 00 20 00 00 00 00 00 00 00 00 00 00 00 50 00 00 00 00 00 00 00 00 00 00 00 00 fa 00 00 00 00 00 01 00 00 0d 6a 0d 00 00 00 00 00 00 00 00 00 00 00 00 f0 3c 00 f4 01 00 00 00 00 08 06 0f 00 00 01 00 c4 0c a4 48 bb bb
2026-06-27T15:11:42.000,1782553302000,1_1,nms hlth,38063,out,pass,160155.0,02 06 0b 00 3f 00 00 00 bb bb 18 00 35 00 01 00 00 01 00 01 01 1b 06 1a 0f 0b 2a 09 00 01 01 00 02 01 00 0d 00 00 0e 00 00 0f 00 00 10 00 00 11 00 00 00 29 00 00 39 4a 67 19 26 06 e7 65 7c
2026-06-27T15:11:42.000,1782553302000,1_1,nms rssi,38064,out,pass,160155.0,02 06 0c 00 31 00 00 00 aa aa 20 00 29 00 01 00 00 01 00 01 01 1b 06 1a 0f 0b 2a 00 00 00 00 00 00 00 00 00 00 00 00 00 00 00 00 00 00 e3 60 ff ea
2026-06-27T15:11:42.000,1782553302000,1_1,linfo,38065,,pass,160155.0,01 02 01 00 00 00 a0 00 b6 03 b6 03 02 16 16 02 05 05 05 02 1e 00 00 00 1e 00 00 01 02 05 08 0a 1e 00 19 0f 05 05 00 00 00 3f 5a 00 05 03 03 06 06 02 04 0a b4 00 3c 00 f0 00 b8 0b 0e 05 1e 0f 08 5a 0f 02 1e 00 05 00 1e 00 78 00 0f 50 00 64 00 2c 01 b8 0b f4 01 dc 05 0a c8 00 2c 01 32 32 32 1e 2c 01 58 02 b8 0b b8 0b 64 00 f4 01 64 00 0f 05 02 78 00 78 00 19 3c 3c 02 41 42 43 44 00 00 00 00 00 00 00 00 00 00 00 00 00 00 00 00 00 00 00 00 00 00 00 00 00 00 00 00 00 00 00 00 00 00 00 00 58 59 5a 41 00 00 00 00 00 00 00 00 00 00 00 00 00 00 00 00 00 00 00 00 00 00 00 00 00 00 00 00 00 00 00 00 00 00 00 00 01 00 00 7f 51 c3 00 00 01 00 00 7f 52 c3 00 00 c0 a8 a7 f4 01 70 17 03 28 02 0f 00 00 00 41 00 00 a0 40 66 66 86 40 66 66 66 40 00 00 00 00 fa 00 64 00 50 00 50 00 dc 05 64 00 32 00 00 00 03 00 c1 4a 13 f6 01 01 4c 4f 43 4f 5f 54 43 41 53 5f 42 52 41 4b 49 4e 47 00 c3 00 00 00 72 00 6e 00 61 00 6c 00 30 ed 3f 1d c3 00 00 00 29 43 a0 64 64 96 00 fa 00 0a 00 04 04 04 03 03 04 32 09 09 32 0a 0a 46 0b 0b 64 0c 0c ff 00 00 64 00 00 00 01 00 02 00 01 3c 00 00 14 1e 37 4b 03 02 04 00 00 00 79 89 f3 f0
2026-06-27T15:11:42.000,1782553302000,1_1,dop1,38066,out,na,160155.0,0c 17 17 17 17 0c 0c 0c 0c 0c 17 17 17 17 17 17
2026-06-27T15:11:42.000,1782553302000,1_1,dop2,38067,out,na,160155.0,0c 17 17 17 17 0c 0c 0c 0c 0c 17 17 17 17 17 17
2026-06-27T15:11:43.000,1782553303000,1_1,dop1,38068,out,na,160155.0,0c 17 17 17 17 0c 0c 0c 0c 0c 17 17 17 17 17 17
2026-06-27T15:11:43.000,1782553303000,1_1,dop2,38069,out,na,160155.0,0c 17 17 17 17 0c 0c 0c 0c 0c 17 17 17 17 17 17
2026-06-27T15:11:43.000,1782553303000,1_1,dop1,38070,out,na,160155.0,0c 17 17 17 17 0c 0c 0c 0c 0c 17 17 17 17 17 17
2026-06-27T15:11:43.000,1782553303000,1_1,dop2,38071,out,na,160155.0,0c 17 17 17 17 0c 0c 0c 0c 0c 17 17 17 17 17 17
2026-06-27T15:11:44.000,1782553304000,1_1,dmi,38072,out,na,160155.0,aa aa 74 02 01 0a 6f 00 2f 29 00 00 00 00 00 00 00 00 00 00 1b 06 ea 07 0f 0b 2c 00 00 00 00 00 00 00 00 40 00 00 00 00 00 00 01 00 00 20 00 00 00 00 00 00 00 00 00 00 00 50 00 00 00 00 00 00 00 00 00 00 00 00 fa 00 00 00 00 00 01 00 00 0d 6a 0d 00 00 00 00 00 00 00 00 00 00 00 00 f0 3c 00 f4 01 00 00 00 00 08 06 0f 00 00 01 00 89 9f 36 4a bb bb
2026-06-27T15:11:44.000,1782553304000,1_1,nms hlth,38073,out,pass,160155.0,02 06 0b 00 3f 00 00 00 bb bb 18 00 35 00 01 00 00 01 00 01 01 1b 06 1a 0f 0b 2c 09 00 01 01 00 02 01 00 0d 00 00 0e 00 00 0f 00 00 10 00 00 11 00 00 00 29 00 00 39 4a 67 19 26 b0 c8 07 56
2026-06-27T15:11:44.000,1782553304000,1_1,nms rssi,38074,out,pass,160155.0,02 06 0c 00 31 00 00 00 aa aa 20 00 29 00 01 00 00 01 00 01 01 1b 06 1a 0f 0b 2c 00 00 00 00 00 00 00 00 00 00 00 00 00 00 00 00 00 00 7e bc f4 f9
2026-06-27T15:11:44.000,1782553304000,1_1,linfo,38075,,pass,160155.0,01 02 01 00 00 00 a0 00 b6 03 b6 03 02 16 16 02 05 05 05 02 1e 00 00 00 1e 00 00 01 02 05 08 0a 1e 00 19 0f 05 05 00 00 00 3f 5a 00 05 03 03 06 06 02 04 0a b4 00 3c 00 f0 00 b8 0b 0e 05 1e 0f 08 5a 0f 02 1e 00 05 00 1e 00 78 00 0f 50 00 64 00 2c 01 b8 0b f4 01 dc 05 0a c8 00 2c 01 32 32 32 1e 2c 01 58 02 b8 0b b8 0b 64 00 f4 01 64 00 0f 05 02 78 00 78 00 19 3c 3c 02 41 42 43 44 00 00 00 00 00 00 00 00 00 00 00 00 00 00 00 00 00 00 00 00 00 00 00 00 00 00 00 00 00 00 00 00 00 00 00 00 58 59 5a 41 00 00 00 00 00 00 00 00 00 00 00 00 00 00 00 00 00 00 00 00 00 00 00 00 00 00 00 00 00 00 00 00 00 00 00 00 01 00 00 7f 51 c3 00 00 01 00 00 7f 52 c3 00 00 c0 a8 a7 f4 01 70 17 03 28 02 0f 00 00 00 41 00 00 a0 40 66 66 86 40 66 66 66 40 00 00 00 00 fa 00 64 00 50 00 50 00 dc 05 64 00 32 00 00 00 03 00 c1 4a 13 f6 01 01 4c 4f 43 4f 5f 54 43 41 53 5f 42 52 41 4b 49 4e 47 00 c3 00 00 00 72 00 6e 00 61 00 6c 00 30 ed 3f 1d c3 00 00 00 29 43 a0 64 64 96 00 fa 00 0a 00 04 04 04 03 03 04 32 09 09 32 0a 0a 46 0b 0b 64 0c 0c ff 00 00 64 00 00 00 01 00 02 00 01 3c 00 00 14 1e 37 4b 03 02 04 00 00 00 79 89 f3 f0
2026-06-27T15:11:44.000,1782553304000,1_1,dop1,38076,out,na,160155.0,0c 17 17 17 17 0c 0c 0c 0c 0c 17 17 17 17 17 17
2026-06-27T15:11:44.000,1782553304000,1_1,dop2,38077,out,na,160155.0,0c 17 17 17 17 0c 0c 0c 0c 0c 17 17 17 17 17 17
2026-06-27T15:11:44.000,1782553304000,1_1,arp,38078,out,fail,160155.0,02 07 0d 00 27 00 00 00 00 00 d3 ad 5b 10 00 01 40 00 00 07 d0 00 04 00 00 00 00 00 00 00 00 00 09 66 c0 5b 8c 3c 9d
2026-06-27T15:11:44.000,1782553304000,1_1,dop1,38079,out,na,160155.0,0c 17 17 17 17 0c 0c 0c 0c 0c 17 17 17 17 17 17
2026-06-27T15:11:44.000,1782553304000,1_1,dop2,38080,out,na,160155.0,0c 17 17 17 17 0c 0c 0c 0c 0c 17 17 17 17 17 17
2026-06-27T15:11:44.000,1782553304000,1_1,ccsys,38081,in,fail,160155.0,03 01 01 00 00 00 00 00 00 00 00 00 00 00 00 00 00 00 00 00 00 00 00 00 00 00 00 00 00 03 01 01 2d 2d 00 00 00 00 03 03 00 00 00 00 1c 1c 33 33 00 00 00 00
2026-06-27T15:11:44.000,1782553304000,1_1,dop1,38082,out,na,160155.0,0c 17 17 17 17 0c 0c 0c 0c 0c 17 17 17 17 17 17
2026-06-27T15:11:44.000,1782553304000,1_1,dop2,38083,out,na,160155.0,0c 17 17 17 17 0c 0c 0c 0c 0c 17 17 17 17 17 17
2026-06-27T15:11:44.000,1782553304000,1_1,dmi,38084,out,na,160155.0,aa aa 74 02 01 0a 6f 00 4e 29 00 00 00 00 00 00 00 00 00 00 1b 06 ea 07 0f 0b 2c 00 00 00 00 00 00 00 00 40 00 00 00 00 00 00 01 00 00 20 00 00 00 00 00 00 00 00 00 00 00 50 00 00 00 00 00 00 00 00 00 00 00 00 fa 00 00 00 00 00 01 00 00 0d 6a 0d 00 00 00 00 00 00 00 00 00 00 00 00 f0 3c 00 f4 01 00 00 00 00 08 06 0f 00 00 01 00 04 eb db f5 bb bb
2026-06-27T15:11:44.000,1782553304000,1_1,nms hlth,38085,out,pass,160155.0,02 06 0b 00 3f 00 00 00 bb bb 18 00 35 00 01 00 00 01 00 01 01 1b 06 1a 0f 0b 2c 09 00 01 01 00 02 01 00 0d 00 00 0e 00 00 0f 00 00 10 00 00 11 00 00 00 29 00 00 39 4a 67 19 26 b0 c8 07 56
2026-06-27T15:11:44.000,1782553304000,1_1,nms rssi,38086,out,pass,160155.0,02 06 0c 00 31 00 00 00 aa aa 20 00 29 00 01 00 00 01 00 01 01 1b 06 1a 0f 0b 2c 00 00 00 00 00 00 00 00 00 00 00 00 00 00 00 00 00 00 7e bc f4 f9
2026-06-27T15:11:44.000,1782553304000,1_1,linfo,38087,,pass,160155.0,01 02 01 00 00 00 a0 00 b6 03 b6 03 02 16 16 02 05 05 05 02 1e 00 00 00 1e 00 00 01 02 05 08 0a 1e 00 19 0f 05 05 00 00 00 3f 5a 00 05 03 03 06 06 02 04 0a b4 00 3c 00 f0 00 b8 0b 0e 05 1e 0f 08 5a 0f 02 1e 00 05 00 1e 00 78 00 0f 50 00 64 00 2c 01 b8 0b f4 01 dc 05 0a c8 00 2c 01 32 32 32 1e 2c 01 58 02 b8 0b b8 0b 64 00 f4 01 64 00 0f 05 02 78 00 78 00 19 3c 3c 02 41 42 43 44 00 00 00 00 00 00 00 00 00 00 00 00 00 00 00 00 00 00 00 00 00 00 00 00 00 00 00 00 00 00 00 00 00 00 00 00 58 59 5a 41 00 00 00 00 00 00 00 00 00 00 00 00 00 00 00 00 00 00 00 00 00 00 00 00 00 00 00 00 00 00 00 00 00 00 00 00 01 00 00 7f 51 c3 00 00 01 00 00 7f 52 c3 00 00 c0 a8 a7 f4 01 70 17 03 28 02 0f 00 00 00 41 00 00 a0 40 66 66 86 40 66 66 66 40 00 00 00 00 fa 00 64 00 50 00 50 00 dc 05 64 00 32 00 00 00 03 00 c1 4a 13 f6 01 01 4c 4f 43 4f 5f 54 43 41 53 5f 42 52 41 4b 49 4e 47 00 c3 00 00 00 72 00 6e 00 61 00 6c 00 30 ed 3f 1d c3 00 00 00 29 43 a0 64 64 96 00 fa 00 0a 00 04 04 04 03 03 04 32 09 09 32 0a 0a 46 0b 0b 64 0c 0c ff 00 00 64 00 00 00 01 00 02 00 01 3c 00 00 14 1e 37 4b 03 02 04 00 00 00 79 89 f3 f0
2026-06-27T15:11:45.000,1782553305000,1_1,dop1,38088,out,na,160155.0,0c 17 17 17 17 0c 0c 0c 0c 0c 17 17 17 17 17 17
2026-06-27T15:11:45.000,1782553305000,1_1,dop2,38089,out,na,160155.0,0c 17 17 17 17 0c 0c 0c 0c 0c 17 17 17 17 17 17
2026-06-27T15:11:45.000,1782553305000,1_1,dop1,38090,out,na,160155.0,0c 17 17 17 17 0c 0c 0c 0c 0c 17 17 17 17 17 17
2026-06-27T15:11:45.000,1782553305000,1_1,dop2,38091,out,na,160155.0,0c 17 17 17 17 0c 0c 0c 0c 0c 17 17 17 17 17 17
2026-06-27T15:11:46.000,1782553306000,1_1,dop1,38092,out,na,160155.0,0c 17 17 17 17 0c 0c 0c 0c 0c 17 17 17 17 17 17
2026-06-27T15:11:46.000,1782553306000,1_1,dop2,38093,out,na,160155.0,0c 17 17 17 17 0c 0c 0c 0c 0c 17 17 17 17 17 17
2026-06-27T15:11:46.000,1782553306000,1_1,dmi,38094,out,na,160155.0,aa aa 74 02 01 0a 6f 00 6c 29 00 00 00 00 00 00 00 00 00 00 1b 06 ea 07 0f 0b 2e 00 00 00 00 00 00 00 00 40 00 00 00 00 00 00 01 00 00 20 00 00 00 00 00 00 00 00 00 00 00 50 00 00 00 00 00 00 00 00 00 00 00 00 fa 00 00 00 00 00 01 00 00 0d 6a 0d 00 00 00 00 00 00 00 00 00 00 00 00 f0 3c 00 f4 01 00 00 00 00 08 06 0f 00 00 01 00 3e ec af 46 bb bb
2026-06-27T15:11:46.000,1782553306000,1_1,nms hlth,38095,out,pass,160155.0,02 06 0b 00 3f 00 00 00 bb bb 18 00 35 00 01 00 00 01 00 01 01 1b 06 1a 0f 0b 2e 09 00 01 01 00 02 01 00 0d 00 00 0e 00 00 0f 00 00 10 00 00 11 00 00 00 29 00 00 39 4a 67 19 26 dd 2d 26 b0
2026-06-27T15:11:46.000,1782553306000,1_1,nms rssi,38096,out,pass,160155.0,02 06 0c 00 31 00 00 00 aa aa 20 00 29 00 01 00 00 01 00 01 01 1b 06 1a 0f 0b 2e 00 00 00 00 00 00 00 00 00 00 00 00 00 00 00 00 00 00 0a 08 f2 08
2026-06-27T15:11:46.000,1782553306000,1_1,linfo,38097,,pass,160155.0,01 02 01 00 00 00 a0 00 b6 03 b6 03 02 16 16 02 05 05 05 02 1e 00 00 00 1e 00 00 01 02 05 08 0a 1e 00 19 0f 05 05 00 00 00 3f 5a 00 05 03 03 06 06 02 04 0a b4 00 3c 00 f0 00 b8 0b 0e 05 1e 0f 08 5a 0f 02 1e 00 05 00 1e 00 78 00 0f 50 00 64 00 2c 01 b8 0b f4 01 dc 05 0a c8 00 2c 01 32 32 32 1e 2c 01 58 02 b8 0b b8 0b 64 00 f4 01 64 00 0f 05 02 78 00 78 00 19 3c 3c 02 41 42 43 44 00 00 00 00 00 00 00 00 00 00 00 00 00 00 00 00 00 00 00 00 00 00 00 00 00 00 00 00 00 00 00 00 00 00 00 00 58 59 5a 41 00 00 00 00 00 00 00 00 00 00 00 00 00 00 00 00 00 00 00 00 00 00 00 00 00 00 00 00 00 00 00 00 00 00 00 00 01 00 00 7f 51 c3 00 00 01 00 00 7f 52 c3 00 00 c0 a8 a7 f4 01 70 17 03 28 02 0f 00 00 00 41 00 00 a0 40 66 66 86 40 66 66 66 40 00 00 00 00 fa 00 64 00 50 00 50 00 dc 05 64 00 32 00 00 00 03 00 c1 4a 13 f6 01 01 4c 4f 43 4f 5f 54 43 41 53 5f 42 52 41 4b 49 4e 47 00 c3 00 00 00 72 00 6e 00 61 00 6c 00 30 ed 3f 1d c3 00 00 00 29 43 a0 64 64 96 00 fa 00 0a 00 04 04 04 03 03 04 32 09 09 32 0a 0a 46 0b 0b 64 0c 0c ff 00 00 64 00 00 00 01 00 02 00 01 3c 00 00 14 1e 37 4b 03 02 04 00 00 00 79 89 f3 f0
2026-06-27T15:11:46.000,1782553306000,1_1,dop1,38098,out,na,160155.0,0c 17 17 17 17 0c 0c 0c 0c 0c 17 17 17 17 17 17
2026-06-27T15:11:46.000,1782553306000,1_1,dop2,38099,out,na,160155.0,0c 17 17 17 17 0c 0c 0c 0c 0c 17 17 17 17 17 17
2026-06-27T15:11:46.000,1782553306000,1_1,arp,38100,out,fail,160155.0,02 07 0d 00 27 00 00 00 00 00 d3 ad 5b 30 00 01 40 00 00 07 d0 00 04 00 00 00 00 00 00 00 00 00 09 66 c0 d3 13 ae 5e
2026-06-27T15:11:46.000,1782553306000,1_1,dop1,38101,out,na,160155.0,0c 17 17 17 17 0c 0c 0c 0c 0c 17 17 17 17 17 17
2026-06-27T15:11:46.000,1782553306000,1_1,dop2,38102,out,na,160155.0,0c 17 17 17 17 0c 0c 0c 0c 0c 17 17 17 17 17 17
2026-06-27T15:11:46.000,1782553306000,1_1,dop1,38103,out,na,160155.0,0c 17 17 17 17 0c 0c 0c 0c 0c 17 17 17 17 17 17
2026-06-27T15:11:46.000,1782553306000,1_1,dop2,38104,out,na,160155.0,0c 17 17 17 17 0c 0c 0c 0c 0c 17 17 17 17 17 17
2026-06-27T15:11:46.000,1782553306000,1_1,dmi,38105,out,na,160155.0,aa aa 74 02 01 0a 6f 00 8b 29 00 00 00 00 00 00 00 00 00 00 1b 06 ea 07 0f 0b 2e 00 00 00 00 00 00 00 00 40 00 00 00 00 00 00 01 00 00 20 00 00 00 00 00 00 00 00 00 00 00 50 00 00 00 00 00 00 00 00 00 00 00 00 fa 00 00 00 00 00 01 00 00 0d 6a 0d 00 00 00 00 00 00 00 00 00 00 00 00 f0 3c 00 f4 01 00 00 00 00 08 06 0f 00 00 01 00 a0 fa 0f 53 bb bb
2026-06-27T15:11:46.000,1782553306000,1_1,nms hlth,38106,out,pass,160155.0,02 06 0b 00 3f 00 00 00 bb bb 18 00 35 00 01 00 00 01 00 01 01 1b 06 1a 0f 0b 2e 09 00 01 01 00 02 01 00 0d 00 00 0e 00 00 0f 00 00 10 00 00 11 00 00 00 29 00 00 39 4a 67 19 26 dd 2d 26 b0
2026-06-27T15:11:46.000,1782553306000,1_1,nms rssi,38107,out,pass,160155.0,02 06 0c 00 31 00 00 00 aa aa 20 00 29 00 01 00 00 01 00 01 01 1b 06 1a 0f 0b 2e 00 00 00 00 00 00 00 00 00 00 00 00 00 00 00 00 00 00 0a 08 f2 08
2026-06-27T15:11:46.000,1782553306000,1_1,linfo,38108,,pass,160155.0,01 02 01 00 00 00 a0 00 b6 03 b6 03 02 16 16 02 05 05 05 02 1e 00 00 00 1e 00 00 01 02 05 08 0a 1e 00 19 0f 05 05 00 00 00 3f 5a 00 05 03 03 06 06 02 04 0a b4 00 3c 00 f0 00 b8 0b 0e 05 1e 0f 08 5a 0f 02 1e 00 05 00 1e 00 78 00 0f 50 00 64 00 2c 01 b8 0b f4 01 dc 05 0a c8 00 2c 01 32 32 32 1e 2c 01 58 02 b8 0b b8 0b 64 00 f4 01 64 00 0f 05 02 78 00 78 00 19 3c 3c 02 41 42 43 44 00 00 00 00 00 00 00 00 00 00 00 00 00 00 00 00 00 00 00 00 00 00 00 00 00 00 00 00 00 00 00 00 00 00 00 00 58 59 5a 41 00 00 00 00 00 00 00 00 00 00 00 00 00 00 00 00 00 00 00 00 00 00 00 00 00 00 00 00 00 00 00 00 00 00 00 00 01 00 00 7f 51 c3 00 00 01 00 00 7f 52 c3 00 00 c0 a8 a7 f4 01 70 17 03 28 02 0f 00 00 00 41 00 00 a0 40 66 66 86 40 66 66 66 40 00 00 00 00 fa 00 64 00 50 00 50 00 dc 05 64 00 32 00 00 00 03 00 c1 4a 13 f6 01 01 4c 4f 43 4f 5f 54 43 41 53 5f 42 52 41 4b 49 4e 47 00 c3 00 00 00 72 00 6e 00 61 00 6c 00 30 ed 3f 1d c3 00 00 00 29 43 a0 64 64 96 00 fa 00 0a 00 04 04 04 03 03 04 32 09 09 32 0a 0a 46 0b 0b 64 0c 0c ff 00 00 64 00 00 00 01 00 02 00 01 3c 00 00 14 1e 37 4b 03 02 04 00 00 00 79 89 f3 f0
2026-06-27T15:11:47.000,1782553307000,1_1,dop1,38109,out,na,160155.0,0c 17 17 17 17 0c 0c 0c 0c 0c 17 17 17 17 17 17
2026-06-27T15:11:47.000,1782553307000,1_1,dop2,38110,out,na,160155.0,0c 17 17 17 17 0c 0c 0c 0c 0c 17 17 17 17 17 17
2026-06-27T15:11:47.000,1782553307000,1_1,dop1,38111,out,na,160155.0,0c 17 17 17 17 0c 0c 0c 0c 0c 17 17 17 17 17 17
2026-06-27T15:11:47.000,1782553307000,1_1,dop2,38112,out,na,160155.0,0c 17 17 17 17 0c 0c 0c 0c 0c 17 17 17 17 17 17
2026-06-27T15:11:48.000,1782553308000,1_1,dop1,38113,out,na,160155.0,0c 17 17 17 17 0c 0c 0c 0c 0c 17 17 17 17 17 17
2026-06-27T15:11:48.000,1782553308000,1_1,dop2,38114,out,na,160155.0,0c 17 17 17 17 0c 0c 0c 0c 0c 17 17 17 17 17 17
2026-06-27T15:11:48.000,1782553308000,1_1,dmi,38115,out,na,160155.0,aa aa 74 02 01 0a 6f 00 aa 29 00 00 00 00 00 00 00 00 00 00 1b 06 ea 07 0f 0b 30 00 00 00 00 00 00 00 00 40 00 00 00 00 00 00 01 00 00 20 00 00 00 00 00 00 00 00 00 00 00 50 00 00 00 00 00 00 00 00 00 00 00 00 fa 00 00 00 00 00 01 00 00 0d 6a 0d 00 00 00 00 00 00 00 00 00 00 00 00 f0 3c 00 f4 01 00 00 00 00 08 06 0f 00 00 01 00 fd 47 af 4e bb bb
2026-06-27T15:11:48.000,1782553308000,1_1,nms hlth,38116,out,pass,160155.0,02 06 0b 00 3f 00 00 00 bb bb 18 00 35 00 01 00 00 01 00 01 01 1b 06 1a 0f 0b 30 09 00 01 01 00 02 01 00 0d 00 00 0e 00 00 0f 00 00 10 00 00 11 00 00 00 29 00 00 39 4a 67 19 26 de 2c c6 f1
2026-06-27T15:11:48.000,1782553308000,1_1,nms rssi,38117,out,pass,160155.0,02 06 0c 00 31 00 00 00 aa aa 20 00 29 00 01 00 00 01 00 01 01 1b 06 1a 0f 0b 30 00 00 00 00 00 00 00 00 00 00 00 00 00 00 00 00 00 00 8d 37 df 94
2026-06-27T15:11:48.000,1782553308000,1_1,linfo,38118,,pass,160155.0,01 02 01 00 00 00 a0 00 b6 03 b6 03 02 16 16 02 05 05 05 02 1e 00 00 00 1e 00 00 01 02 05 08 0a 1e 00 19 0f 05 05 00 00 00 3f 5a 00 05 03 03 06 06 02 04 0a b4 00 3c 00 f0 00 b8 0b 0e 05 1e 0f 08 5a 0f 02 1e 00 05 00 1e 00 78 00 0f 50 00 64 00 2c 01 b8 0b f4 01 dc 05 0a c8 00 2c 01 32 32 32 1e 2c 01 58 02 b8 0b b8 0b 64 00 f4 01 64 00 0f 05 02 78 00 78 00 19 3c 3c 02 41 42 43 44 00 00 00 00 00 00 00 00 00 00 00 00 00 00 00 00 00 00 00 00 00 00 00 00 00 00 00 00 00 00 00 00 00 00 00 00 58 59 5a 41 00 00 00 00 00 00 00 00 00 00 00 00 00 00 00 00 00 00 00 00 00 00 00 00 00 00 00 00 00 00 00 00 00 00 00 00 01 00 00 7f 51 c3 00 00 01 00 00 7f 52 c3 00 00 c0 a8 a7 f4 01 70 17 03 28 02 0f 00 00 00 41 00 00 a0 40 66 66 86 40 66 66 66 40 00 00 00 00 fa 00 64 00 50 00 50 00 dc 05 64 00 32 00 00 00 03 00 c1 4a 13 f6 01 01 4c 4f 43 4f 5f 54 43 41 53 5f 42 52 41 4b 49 4e 47 00 c3 00 00 00 72 00 6e 00 61 00 6c 00 30 ed 3f 1d c3 00 00 00 29 43 a0 64 64 96 00 fa 00 0a 00 04 04 04 03 03 04 32 09 09 32 0a 0a 46 0b 0b 64 0c 0c ff 00 00 64 00 00 00 01 00 02 00 01 3c 00 00 14 1e 37 4b 03 02 04 00 00 00 79 89 f3 f0
2026-06-27T15:11:48.000,1782553308000,1_1,dlsys,38119,in,fail,160155.0,0d 63 0a 04 09 01 50 01 00 00 00 00 61 05 48 b1
2026-06-27T15:11:48.000,1782553308000,1_1,arp,38120,out,fail,160155.0,02 07 0d 00 27 00 00 00 00 00 d3 ad 5b 50 00 01 40 00 00 07 d0 00 04 00 00 00 00 00 00 00 00 00 09 66 c0 91 c2 1f 5a
2026-06-27T15:11:48.000,1782553308000,1_1,dop1,38121,out,na,160155.0,0c 17 17 17 17 0c 0c 0c 0c 0c 17 17 17 17 17 17
2026-06-27T15:11:48.000,1782553308000,1_1,dop2,38122,out,na,160155.0,0c 17 17 17 17 0c 0c 0c 0c 0c 17 17 17 17 17 17
2026-06-27T15:11:48.000,1782553308000,1_1,dop1,38123,out,na,160155.0,0c 17 17 17 17 0c 0c 0c 0c 0c 17 17 17 17 17 17
2026-06-27T15:11:48.000,1782553308000,1_1,dop2,38124,out,na,160155.0,0c 17 17 17 17 0c 0c 0c 0c 0c 17 17 17 17 17 17
2026-06-27T15:11:48.000,1782553308000,1_1,dop1,38125,out,na,160155.0,0c 17 17 17 17 0c 0c 0c 0c 0c 17 17 17 17 17 17
2026-06-27T15:11:48.000,1782553308000,1_1,dop2,38126,out,na,160155.0,0c 17 17 17 17 0c 0c 0c 0c 0c 17 17 17 17 17 17
2026-06-27T15:11:48.000,1782553308000,1_1,dmi,38127,out,na,160155.0,aa aa 74 02 01 0a 6f 00 c9 29 00 00 00 00 00 00 00 00 00 00 1b 06 ea 07 0f 0b 30 00 00 00 00 00 00 00 00 40 00 00 00 00 00 00 01 00 00 20 00 00 00 00 00 00 00 00 00 00 00 50 00 00 00 00 00 00 00 00 00 00 00 00 fa 00 00 00 00 00 01 00 00 0d 6a 0d 00 00 00 00 00 00 00 00 00 00 00 00 f0 3c 00 f4 01 00 00 00 00 08 06 0f 00 00 01 00 ab f9 e2 47 bb bb
2026-06-27T15:11:48.000,1782553308000,1_1,nms hlth,38128,out,pass,160155.0,02 06 0b 00 3f 00 00 00 bb bb 18 00 35 00 01 00 00 01 00 01 01 1b 06 1a 0f 0b 30 09 00 01 01 00 02 01 00 0d 00 00 0e 00 00 0f 00 00 10 00 00 11 00 00 00 29 00 00 39 4a 67 19 26 de 2c c6 f1
2026-06-27T15:11:48.000,1782553308000,1_1,nms rssi,38129,out,pass,160155.0,02 06 0c 00 31 00 00 00 aa aa 20 00 29 00 01 00 00 01 00 01 01 1b 06 1a 0f 0b 30 00 00 00 00 00 00 00 00 00 00 00 00 00 00 00 00 00 00 8d 37 df 94
2026-06-27T15:11:48.000,1782553308000,1_1,linfo,38130,,pass,160155.0,01 02 01 00 00 00 a0 00 b6 03 b6 03 02 16 16 02 05 05 05 02 1e 00 00 00 1e 00 00 01 02 05 08 0a 1e 00 19 0f 05 05 00 00 00 3f 5a 00 05 03 03 06 06 02 04 0a b4 00 3c 00 f0 00 b8 0b 0e 05 1e 0f 08 5a 0f 02 1e 00 05 00 1e 00 78 00 0f 50 00 64 00 2c 01 b8 0b f4 01 dc 05 0a c8 00 2c 01 32 32 32 1e 2c 01 58 02 b8 0b b8 0b 64 00 f4 01 64 00 0f 05 02 78 00 78 00 19 3c 3c 02 41 42 43 44 00 00 00 00 00 00 00 00 00 00 00 00 00 00 00 00 00 00 00 00 00 00 00 00 00 00 00 00 00 00 00 00 00 00 00 00 58 59 5a 41 00 00 00 00 00 00 00 00 00 00 00 00 00 00 00 00 00 00 00 00 00 00 00 00 00 00 00 00 00 00 00 00 00 00 00 00 01 00 00 7f 51 c3 00 00 01 00 00 7f 52 c3 00 00 c0 a8 a7 f4 01 70 17 03 28 02 0f 00 00 00 41 00 00 a0 40 66 66 86 40 66 66 66 40 00 00 00 00 fa 00 64 00 50 00 50 00 dc 05 64 00 32 00 00 00 03 00 c1 4a 13 f6 01 01 4c 4f 43 4f 5f 54 43 41 53 5f 42 52 41 4b 49 4e 47 00 c3 00 00 00 72 00 6e 00 61 00 6c 00 30 ed 3f 1d c3 00 00 00 29 43 a0 64 64 96 00 fa 00 0a 00 04 04 04 03 03 04 32 09 09 32 0a 0a 46 0b 0b 64 0c 0c ff 00 00 64 00 00 00 01 00 02 00 01 3c 00 00 14 1e 37 4b 03 02 04 00 00 00 79 89 f3 f0
2026-06-27T15:11:49.000,1782553309000,1_1,dop1,38131,out,na,160155.0,0c 17 17 17 17 0c 0c 0c 0c 0c 17 17 17 17 17 17
2026-06-27T15:11:49.000,1782553309000,1_1,dop2,38132,out,na,160155.0,0c 17 17 17 17 0c 0c 0c 0c 0c 17 17 17 17 17 17
2026-06-27T15:11:49.000,1782553309000,1_1,dop1,38133,out,na,160155.0,0c 17 17 17 17 0c 0c 0c 0c 0c 17 17 17 17 17 17
2026-06-27T15:11:49.000,1782553309000,1_1,dop2,38134,out,na,160155.0,0c 17 17 17 17 0c 0c 0c 0c 0c 17 17 17 17 17 17
2026-06-27T15:11:50.000,1782553310000,1_1,ccsys,38135,in,fail,160155.0,03 01 01 00 00 00 00 00 00 00 00 00 00 00 00 00 00 00 00 00 00 00 00 00 00 00 00 00 00 03 01 01 32 32 00 00 00 00 03 03 00 00 00 00 1c 1c 33 33 00 00 00 00
2026-06-27T15:11:50.000,1782553310000,1_1,dop1,38136,out,na,160155.0,0c 17 17 17 17 0c 0c 0c 0c 0c 17 17 17 17 17 17
2026-06-27T15:11:50.000,1782553310000,1_1,dop2,38137,out,na,160155.0,0c 17 17 17 17 0c 0c 0c 0c 0c 17 17 17 17 17 17
2026-06-27T15:11:50.000,1782553310000,1_1,dmi,38138,out,na,160155.0,aa aa 74 02 01 0a 6f 00 e8 29 00 00 00 00 00 00 00 00 00 00 1b 06 ea 07 0f 0b 32 00 00 00 00 00 00 00 00 40 00 00 00 00 00 00 01 00 00 20 00 00 00 00 00 00 00 00 00 00 00 50 00 00 00 00 00 00 00 00 00 00 00 00 fa 00 00 00 00 00 01 00 00 0d 6a 0d 00 00 00 00 00 00 00 00 00 00 00 00 f0 3c 00 f4 01 00 00 00 00 08 06 0f 00 00 01 00 07 d2 de f4 bb bb
2026-06-27T15:11:50.000,1782553310000,1_1,nms hlth,38139,out,pass,160155.0,02 06 0b 00 3f 00 00 00 bb bb 18 00 35 00 01 00 00 01 00 01 01 1b 06 1a 0f 0b 32 09 00 01 01 00 02 01 00 0d 00 00 0e 00 00 0f 00 00 10 00 00 11 00 00 00 29 00 00 39 4a 67 19 26 b3 c9 e7 17
2026-06-27T15:11:50.000,1782553310000,1_1,nms rssi,38140,out,pass,160155.0,02 06 0c 00 31 00 00 00 aa aa 20 00 29 00 01 00 00 01 00 01 01 1b 06 1a 0f 0b 32 00 00 00 00 00 00 00 00 00 00 00 00 00 00 00 00 00 00 f9 83 d9 65
2026-06-27T15:11:50.000,1782553310000,1_1,linfo,38141,,pass,160155.0,01 02 01 00 00 00 a0 00 b6 03 b6 03 02 16 16 02 05 05 05 02 1e 00 00 00 1e 00 00 01 02 05 08 0a 1e 00 19 0f 05 05 00 00 00 3f 5a 00 05 03 03 06 06 02 04 0a b4 00 3c 00 f0 00 b8 0b 0e 05 1e 0f 08 5a 0f 02 1e 00 05 00 1e 00 78 00 0f 50 00 64 00 2c 01 b8 0b f4 01 dc 05 0a c8 00 2c 01 32 32 32 1e 2c 01 58 02 b8 0b b8 0b 64 00 f4 01 64 00 0f 05 02 78 00 78 00 19 3c 3c 02 41 42 43 44 00 00 00 00 00 00 00 00 00 00 00 00 00 00 00 00 00 00 00 00 00 00 00 00 00 00 00 00 00 00 00 00 00 00 00 00 58 59 5a 41 00 00 00 00 00 00 00 00 00 00 00 00 00 00 00 00 00 00 00 00 00 00 00 00 00 00 00 00 00 00 00 00 00 00 00 00 01 00 00 7f 51 c3 00 00 01 00 00 7f 52 c3 00 00 c0 a8 a7 f4 01 70 17 03 28 02 0f 00 00 00 41 00 00 a0 40 66 66 86 40 66 66 66 40 00 00 00 00 fa 00 64 00 50 00 50 00 dc 05 64 00 32 00 00 00 03 00 c1 4a 13 f6 01 01 4c 4f 43 4f 5f 54 43 41 53 5f 42 52 41 4b 49 4e 47 00 c3 00 00 00 72 00 6e 00 61 00 6c 00 30 ed 3f 1d c3 00 00 00 29 43 a0 64 64 96 00 fa 00 0a 00 04 04 04 03 03 04 32 09 09 32 0a 0a 46 0b 0b 64 0c 0c ff 00 00 64 00 00 00 01 00 02 00 01 3c 00 00 14 1e 37 4b 03 02 04 00 00 00 79 89 f3 f0
2026-06-27T15:11:50.000,1782553310000,1_1,arp,38142,out,fail,160155.0,02 07 0d 00 27 00 00 00 00 00 d3 ad 5b 70 00 01 40 00 00 07 d0 00 04 00 00 00 00 00 00 00 00 00 09 66 c0 19 5d 8d 99
2026-06-27T15:11:50.000,1782553310000,1_1,dop1,38143,out,na,160155.0,0c 17 17 17 17 0c 0c 0c 0c 0c 17 17 17 17 17 17
2026-06-27T15:11:50.000,1782553310000,1_1,dop2,38144,out,na,160155.0,0c 17 17 17 17 0c 0c 0c 0c 0c 17 17 17 17 17 17
2026-06-27T15:11:50.000,1782553310000,1_1,dop1,38145,out,na,160155.0,0c 17 17 17 17 0c 0c 0c 0c 0c 17 17 17 17 17 17
2026-06-27T15:11:50.000,1782553310000,1_1,dop2,38146,out,na,160155.0,0c 17 17 17 17 0c 0c 0c 0c 0c 17 17 17 17 17 17
2026-06-27T15:11:50.000,1782553310000,1_1,dmi,38147,out,na,160155.0,aa aa 74 02 01 0a 6f 00 07 2a 00 00 00 00 00 00 00 00 00 00 1b 06 ea 07 0f 0b 32 00 00 00 00 00 00 00 00 40 00 00 00 00 00 00 01 00 00 20 00 00 00 00 00 00 00 00 00 00 00 50 00 00 00 00 00 00 00 00 00 00 00 00 fa 00 00 00 00 00 01 00 00 0d 6a 0d 00 00 00 00 00 00 00 00 00 00 00 00 f0 3c 00 f4 01 00 00 00 00 08 06 0f 00 00 01 00 36 73 42 1e bb bb
2026-06-27T15:11:50.000,1782553310000,1_1,dop1,38148,out,na,160155.0,0c 17 17 17 17 0c 0c 0c 0c 0c 17 17 17 17 17 17
2026-06-27T15:11:50.000,1782553310000,1_1,dop2,38149,out,na,160155.0,0c 17 17 17 17 0c 0c 0c 0c 0c 17 17 17 17 17 17
2026-06-27T15:11:50.000,1782553310000,1_1,nms hlth,38150,out,pass,160155.0,02 06 0b 00 3f 00 00 00 bb bb 18 00 35 00 01 00 00 01 00 01 01 1b 06 1a 0f 0b 32 09 00 01 01 00 02 01 00 0d 00 00 0e 00 00 0f 00 00 10 00 00 11 00 00 00 29 00 00 39 4a 67 19 26 b3 c9 e7 17
2026-06-27T15:11:50.000,1782553310000,1_1,nms rssi,38151,out,pass,160155.0,02 06 0c 00 31 00 00 00 aa aa 20 00 29 00 01 00 00 01 00 01 01 1b 06 1a 0f 0b 32 00 00 00 00 00 00 00 00 00 00 00 00 00 00 00 00 00 00 f9 83 d9 65
2026-06-27T15:11:50.000,1782553310000,1_1,linfo,38152,,pass,160155.0,01 02 01 00 00 00 a0 00 b6 03 b6 03 02 16 16 02 05 05 05 02 1e 00 00 00 1e 00 00 01 02 05 08 0a 1e 00 19 0f 05 05 00 00 00 3f 5a 00 05 03 03 06 06 02 04 0a b4 00 3c 00 f0 00 b8 0b 0e 05 1e 0f 08 5a 0f 02 1e 00 05 00 1e 00 78 00 0f 50 00 64 00 2c 01 b8 0b f4 01 dc 05 0a c8 00 2c 01 32 32 32 1e 2c 01 58 02 b8 0b b8 0b 64 00 f4 01 64 00 0f 05 02 78 00 78 00 19 3c 3c 02 41 42 43 44 00 00 00 00 00 00 00 00 00 00 00 00 00 00 00 00 00 00 00 00 00 00 00 00 00 00 00 00 00 00 00 00 00 00 00 00 58 59 5a 41 00 00 00 00 00 00 00 00 00 00 00 00 00 00 00 00 00 00 00 00 00 00 00 00 00 00 00 00 00 00 00 00 00 00 00 00 01 00 00 7f 51 c3 00 00 01 00 00 7f 52 c3 00 00 c0 a8 a7 f4 01 70 17 03 28 02 0f 00 00 00 41 00 00 a0 40 66 66 86 40 66 66 66 40 00 00 00 00 fa 00 64 00 50 00 50 00 dc 05 64 00 32 00 00 00 03 00 c1 4a 13 f6 01 01 4c 4f 43 4f 5f 54 43 41 53 5f 42 52 41 4b 49 4e 47 00 c3 00 00 00 72 00 6e 00 61 00 6c 00 30 ed 3f 1d c3 00 00 00 29 43 a0 64 64 96 00 fa 00 0a 00 04 04 04 03 03 04 32 09 09 32 0a 0a 46 0b 0b 64 0c 0c ff 00 00 64 00 00 00 01 00 02 00 01 3c 00 00 14 1e 37 4b 03 02 04 00 00 00 79 89 f3 f0
2026-06-27T15:11:51.000,1782553311000,1_1,dop1,38153,out,na,160155.0,0c 17 17 17 17 0c 0c 0c 0c 0c 17 17 17 17 17 17
2026-06-27T15:11:51.000,1782553311000,1_1,dop2,38154,out,na,160155.0,0c 17 17 17 17 0c 0c 0c 0c 0c 17 17 17 17 17 17
2026-06-27T15:11:51.000,1782553311000,1_1,dop1,38155,out,na,160155.0,0c 17 17 17 17 0c 0c 0c 0c 0c 17 17 17 17 17 17
2026-06-27T15:11:51.000,1782553311000,1_1,dop2,38156,out,na,160155.0,0c 17 17 17 17 0c 0c 0c 0c 0c 17 17 17 17 17 17
2026-06-27T15:11:52.000,1782553312000,1_1,dmi,38157,out,na,160155.0,aa aa 74 02 01 0a 6f 00 26 2a 00 00 00 00 00 00 00 00 00 00 1b 06 ea 07 0f 0b 34 00 00 00 00 00 00 00 00 40 00 00 00 00 00 00 01 00 00 20 00 00 00 00 00 00 00 00 00 00 00 50 00 00 00 00 00 00 00 00 00 00 00 00 fa 00 00 00 00 00 01 00 00 0d 6a 0d 00 00 00 00 00 00 00 00 00 00 00 00 f0 3c 00 f4 01 00 00 00 00 08 06 0f 00 00 01 00 e7 dd 01 1e bb bb
2026-06-27T15:11:52.000,1782553312000,1_1,dop1,38158,out,na,160155.0,0c 17 17 17 17 0c 0c 0c 0c 0c 17 17 17 17 17 17
2026-06-27T15:11:52.000,1782553312000,1_1,dop2,38159,out,na,160155.0,0c 17 17 17 17 0c 0c 0c 0c 0c 17 17 17 17 17 17
2026-06-27T15:11:52.000,1782553312000,1_1,nms hlth,38160,out,pass,160155.0,02 06 0b 00 3f 00 00 00 bb bb 18 00 35 00 01 00 00 01 00 01 01 1b 06 1a 0f 0b 34 09 00 01 01 00 02 01 00 0d 00 00 0e 00 00 0f 00 00 10 00 00 11 00 00 00 29 00 00 39 4a 67 19 26 05 e6 85 3d
2026-06-27T15:11:52.000,1782553312000,1_1,nms rssi,38161,out,pass,160155.0,02 06 0c 00 31 00 00 00 aa aa 20 00 29 00 01 00 00 01 00 01 01 1b 06 1a 0f 0b 34 00 00 00 00 00 00 00 00 00 00 00 00 00 00 00 00 00 00 64 5f d2 76
2026-06-27T15:11:52.000,1782553312000,1_1,linfo,38162,,pass,160155.0,01 02 01 00 00 00 a0 00 b6 03 b6 03 02 16 16 02 05 05 05 02 1e 00 00 00 1e 00 00 01 02 05 08 0a 1e 00 19 0f 05 05 00 00 00 3f 5a 00 05 03 03 06 06 02 04 0a b4 00 3c 00 f0 00 b8 0b 0e 05 1e 0f 08 5a 0f 02 1e 00 05 00 1e 00 78 00 0f 50 00 64 00 2c 01 b8 0b f4 01 dc 05 0a c8 00 2c 01 32 32 32 1e 2c 01 58 02 b8 0b b8 0b 64 00 f4 01 64 00 0f 05 02 78 00 78 00 19 3c 3c 02 41 42 43 44 00 00 00 00 00 00 00 00 00 00 00 00 00 00 00 00 00 00 00 00 00 00 00 00 00 00 00 00 00 00 00 00 00 00 00 00 58 59 5a 41 00 00 00 00 00 00 00 00 00 00 00 00 00 00 00 00 00 00 00 00 00 00 00 00 00 00 00 00 00 00 00 00 00 00 00 00 01 00 00 7f 51 c3 00 00 01 00 00 7f 52 c3 00 00 c0 a8 a7 f4 01 70 17 03 28 02 0f 00 00 00 41 00 00 a0 40 66 66 86 40 66 66 66 40 00 00 00 00 fa 00 64 00 50 00 50 00 dc 05 64 00 32 00 00 00 03 00 c1 4a 13 f6 01 01 4c 4f 43 4f 5f 54 43 41 53 5f 42 52 41 4b 49 4e 47 00 c3 00 00 00 72 00 6e 00 61 00 6c 00 30 ed 3f 1d c3 00 00 00 29 43 a0 64 64 96 00 fa 00 0a 00 04 04 04 03 03 04 32 09 09 32 0a 0a 46 0b 0b 64 0c 0c ff 00 00 64 00 00 00 01 00 02 00 01 3c 00 00 14 1e 37 4b 03 02 04 00 00 00 79 89 f3 f0
2026-06-27T15:11:52.000,1782553312000,1_1,arp,38163,out,fail,160155.0,02 07 0d 00 27 00 00 00 00 00 d3 ad 5b 90 00 01 40 00 00 07 d0 00 04 00 00 00 00 00 00 00 00 00 09 66 c0 14 61 7d 52
2026-06-27T15:11:52.000,1782553312000,1_1,dop1,38164,out,na,160155.0,0c 17 17 17 17 0c 0c 0c 0c 0c 17 17 17 17 17 17
2026-06-27T15:11:52.000,1782553312000,1_1,dop2,38165,out,na,160155.0,0c 17 17 17 17 0c 0c 0c 0c 0c 17 17 17 17 17 17
2026-06-27T15:11:52.000,1782553312000,1_1,dop1,38166,out,na,160155.0,0c 17 17 17 17 0c 0c 0c 0c 0c 17 17 17 17 17 17
2026-06-27T15:11:52.000,1782553312000,1_1,dop2,38167,out,na,160155.0,0c 17 17 17 17 0c 0c 0c 0c 0c 17 17 17 17 17 17
2026-06-27T15:11:52.000,1782553312000,1_1,dmi,38168,out,na,160155.0,aa aa 74 02 01 0a 6f 00 45 2a 00 00 00 00 00 00 00 00 00 00 1b 06 ea 07 0f 0b 34 00 00 00 00 00 00 00 00 40 00 00 00 00 00 00 01 00 00 20 00 00 00 00 00 00 00 00 00 00 00 50 00 00 00 00 00 00 00 00 00 00 00 00 fa 00 00 00 00 00 01 00 00 0d 6a 0d 00 00 00 00 00 00 00 00 00 00 00 00 f0 3c 00 f4 01 00 00 00 00 08 06 0f 00 00 01 00 b1 63 4c 17 bb bb
2026-06-27T15:11:52.000,1782553312000,1_1,dop1,38169,out,na,160155.0,0c 17 17 17 17 0c 0c 0c 0c 0c 17 17 17 17 17 17
2026-06-27T15:11:52.000,1782553312000,1_1,dop2,38170,out,na,160155.0,0c 17 17 17 17 0c 0c 0c 0c 0c 17 17 17 17 17 17
2026-06-27T15:11:52.000,1782553312000,1_1,nms hlth,38171,out,pass,160155.0,02 06 0b 00 3f 00 00 00 bb bb 18 00 35 00 01 00 00 01 00 01 01 1b 06 1a 0f 0b 34 09 00 01 01 00 02 01 00 0d 00 00 0e 00 00 0f 00 00 10 00 00 11 00 00 00 29 00 00 39 4a 67 19 26 05 e6 85 3d
2026-06-27T15:11:52.000,1782553312000,1_1,nms rssi,38172,out,pass,160155.0,02 06 0c 00 31 00 00 00 aa aa 20 00 29 00 01 00 00 01 00 01 01 1b 06 1a 0f 0b 34 00 00 00 00 00 00 00 00 00 00 00 00 00 00 00 00 00 00 64 5f d2 76
2026-06-27T15:11:52.000,1782553312000,1_1,linfo,38173,,pass,160155.0,01 02 01 00 00 00 a0 00 b6 03 b6 03 02 16 16 02 05 05 05 02 1e 00 00 00 1e 00 00 01 02 05 08 0a 1e 00 19 0f 05 05 00 00 00 3f 5a 00 05 03 03 06 06 02 04 0a b4 00 3c 00 f0 00 b8 0b 0e 05 1e 0f 08 5a 0f 02 1e 00 05 00 1e 00 78 00 0f 50 00 64 00 2c 01 b8 0b f4 01 dc 05 0a c8 00 2c 01 32 32 32 1e 2c 01 58 02 b8 0b b8 0b 64 00 f4 01 64 00 0f 05 02 78 00 78 00 19 3c 3c 02 41 42 43 44 00 00 00 00 00 00 00 00 00 00 00 00 00 00 00 00 00 00 00 00 00 00 00 00 00 00 00 00 00 00 00 00 00 00 00 00 58 59 5a 41 00 00 00 00 00 00 00 00 00 00 00 00 00 00 00 00 00 00 00 00 00 00 00 00 00 00 00 00 00 00 00 00 00 00 00 00 01 00 00 7f 51 c3 00 00 01 00 00 7f 52 c3 00 00 c0 a8 a7 f4 01 70 17 03 28 02 0f 00 00 00 41 00 00 a0 40 66 66 86 40 66 66 66 40 00 00 00 00 fa 00 64 00 50 00 50 00 dc 05 64 00 32 00 00 00 03 00 c1 4a 13 f6 01 01 4c 4f 43 4f 5f 54 43 41 53 5f 42 52 41 4b 49 4e 47 00 c3 00 00 00 72 00 6e 00 61 00 6c 00 30 ed 3f 1d c3 00 00 00 29 43 a0 64 64 96 00 fa 00 0a 00 04 04 04 03 03 04 32 09 09 32 0a 0a 46 0b 0b 64 0c 0c ff 00 00 64 00 00 00 01 00 02 00 01 3c 00 00 14 1e 37 4b 03 02 04 00 00 00 79 89 f3 f0
2026-06-27T15:11:53.000,1782553313000,1_1,dop1,38174,out,na,160155.0,0c 17 17 17 17 0c 0c 0c 0c 0c 17 17 17 17 17 17
2026-06-27T15:11:53.000,1782553313000,1_1,dop2,38175,out,na,160155.0,0c 17 17 17 17 0c 0c 0c 0c 0c 17 17 17 17 17 17
2026-06-27T15:11:53.000,1782553313000,1_1,dop1,38176,out,na,160155.0,0c 17 17 17 17 0c 0c 0c 0c 0c 17 17 17 17 17 17
2026-06-27T15:11:53.000,1782553313000,1_1,dop2,38177,out,na,160155.0,0c 17 17 17 17 0c 0c 0c 0c 0c 17 17 17 17 17 17
2026-06-27T15:11:54.000,1782553314000,1_1,dmi,38178,out,na,160155.0,aa aa 74 02 01 0a 6f 00 64 2a 00 00 00 00 00 00 00 00 00 00 1b 06 ea 07 0f 0b 36 00 00 00 00 00 00 00 00 40 00 00 00 00 00 00 01 00 00 20 00 00 00 00 00 00 00 00 00 00 00 50 00 00 00 00 00 00 00 00 00 00 00 00 fa 00 00 00 00 00 01 00 00 0d 6a 0d 00 00 00 00 00 00 00 00 00 00 00 00 f0 3c 00 f4 01 00 00 00 00 08 06 0f 00 00 01 00 1d 48 70 a4 bb bb
2026-06-27T15:11:54.000,1782553314000,1_1,dop1,38179,out,na,160155.0,0c 17 17 17 17 0c 0c 0c 0c 0c 17 17 17 17 17 17
2026-06-27T15:11:54.000,1782553314000,1_1,dop2,38180,out,na,160155.0,0c 17 17 17 17 0c 0c 0c 0c 0c 17 17 17 17 17 17
2026-06-27T15:11:54.000,1782553314000,1_1,nms hlth,38181,out,pass,160155.0,02 06 0b 00 3f 00 00 00 bb bb 18 00 35 00 01 00 00 01 00 01 01 1b 06 1a 0f 0b 36 09 00 01 01 00 02 01 00 0d 00 00 0e 00 00 0f 00 00 10 00 00 11 00 00 00 29 00 00 39 4a 67 19 26 68 03 a4 db
2026-06-27T15:11:54.000,1782553314000,1_1,nms rssi,38182,out,pass,160155.0,02 06 0c 00 31 00 00 00 aa aa 20 00 29 00 01 00 00 01 00 01 01 1b 06 1a 0f 0b 36 00 00 00 00 00 00 00 00 00 00 00 00 00 00 00 00 00 00 10 eb d4 87
2026-06-27T15:11:54.000,1782553314000,1_1,linfo,38183,,pass,160155.0,01 02 01 00 00 00 a0 00 b6 03 b6 03 02 16 16 02 05 05 05 02 1e 00 00 00 1e 00 00 01 02 05 08 0a 1e 00 19 0f 05 05 00 00 00 3f 5a 00 05 03 03 06 06 02 04 0a b4 00 3c 00 f0 00 b8 0b 0e 05 1e 0f 08 5a 0f 02 1e 00 05 00 1e 00 78 00 0f 50 00 64 00 2c 01 b8 0b f4 01 dc 05 0a c8 00 2c 01 32 32 32 1e 2c 01 58 02 b8 0b b8 0b 64 00 f4 01 64 00 0f 05 02 78 00 78 00 19 3c 3c 02 41 42 43 44 00 00 00 00 00 00 00 00 00 00 00 00 00 00 00 00 00 00 00 00 00 00 00 00 00 00 00 00 00 00 00 00 00 00 00 00 58 59 5a 41 00 00 00 00 00 00 00 00 00 00 00 00 00 00 00 00 00 00 00 00 00 00 00 00 00 00 00 00 00 00 00 00 00 00 00 00 01 00 00 7f 51 c3 00 00 01 00 00 7f 52 c3 00 00 c0 a8 a7 f4 01 70 17 03 28 02 0f 00 00 00 41 00 00 a0 40 66 66 86 40 66 66 66 40 00 00 00 00 fa 00 64 00 50 00 50 00 dc 05 64 00 32 00 00 00 03 00 c1 4a 13 f6 01 01 4c 4f 43 4f 5f 54 43 41 53 5f 42 52 41 4b 49 4e 47 00 c3 00 00 00 72 00 6e 00 61 00 6c 00 30 ed 3f 1d c3 00 00 00 29 43 a0 64 64 96 00 fa 00 0a 00 04 04 04 03 03 04 32 09 09 32 0a 0a 46 0b 0b 64 0c 0c ff 00 00 64 00 00 00 01 00 02 00 01 3c 00 00 14 1e 37 4b 03 02 04 00 00 00 79 89 f3 f0
2026-06-27T15:11:54.000,1782553314000,1_1,arp,38184,out,fail,160155.0,02 07 0d 00 27 00 00 00 00 00 d3 ad 5b b0 00 01 40 00 00 07 d0 00 04 00 00 00 00 00 00 00 00 00 09 66 c0 9c fe ef 91
2026-06-27T15:11:54.000,1782553314000,1_1,dop1,38185,out,na,160155.0,0c 17 17 17 17 0c 0c 0c 0c 0c 17 17 17 17 17 17
2026-06-27T15:11:54.000,1782553314000,1_1,dop2,38186,out,na,160155.0,0c 17 17 17 17 0c 0c 0c 0c 0c 17 17 17 17 17 17
2026-06-27T15:11:54.000,1782553314000,1_1,dop1,38187,out,na,160155.0,0c 17 17 17 17 0c 0c 0c 0c 0c 17 17 17 17 17 17
2026-06-27T15:11:54.000,1782553314000,1_1,dop2,38188,out,na,160155.0,0c 17 17 17 17 0c 0c 0c 0c 0c 17 17 17 17 17 17
2026-06-27T15:11:54.000,1782553314000,1_1,ccsys,38189,in,fail,160155.0,03 01 01 00 00 00 00 00 00 00 00 00 00 00 00 00 00 00 00 00 00 00 00 00 00 00 00 00 00 03 01 01 37 37 00 00 00 00 03 03 00 00 00 00 1c 1c 33 33 00 00 00 00
2026-06-27T15:11:54.000,1782553314000,1_1,dmi,38190,out,na,160155.0,aa aa 74 02 01 0a 6f 00 84 2a 00 00 00 00 00 00 00 00 00 00 1b 06 ea 07 0f 0b 36 00 00 00 00 00 00 00 00 40 00 00 00 00 00 00 01 00 00 20 00 00 00 00 00 00 00 00 00 00 00 50 00 00 00 00 00 00 00 00 00 00 00 00 fa 00 00 00 00 00 01 00 00 0d 6a 0d 00 00 00 00 00 00 00 00 00 00 00 00 f0 3c 00 f4 01 00 00 00 00 08 06 0f 00 00 01 00 e2 e1 a8 07 bb bb
2026-06-27T15:11:54.000,1782553314000,1_1,dop1,38191,out,na,160155.0,0c 17 17 17 17 0c 0c 0c 0c 0c 17 17 17 17 17 17
2026-06-27T15:11:54.000,1782553314000,1_1,dop2,38192,out,na,160155.0,0c 17 17 17 17 0c 0c 0c 0c 0c 17 17 17 17 17 17
2026-06-27T15:11:54.000,1782553314000,1_1,nms hlth,38193,out,pass,160155.0,02 06 0b 00 3f 00 00 00 bb bb 18 00 35 00 01 00 00 01 00 01 01 1b 06 1a 0f 0b 36 09 00 01 01 00 02 01 00 0d 00 00 0e 00 00 0f 00 00 10 00 00 11 00 00 00 29 00 00 39 4a 67 19 26 68 03 a4 db
2026-06-27T15:11:54.000,1782553314000,1_1,nms rssi,38194,out,pass,160155.0,02 06 0c 00 31 00 00 00 aa aa 20 00 29 00 01 00 00 01 00 01 01 1b 06 1a 0f 0b 36 00 00 00 00 00 00 00 00 00 00 00 00 00 00 00 00 00 00 10 eb d4 87
2026-06-27T15:11:54.000,1782553314000,1_1,linfo,38195,,pass,160155.0,01 02 01 00 00 00 a0 00 b6 03 b6 03 02 16 16 02 05 05 05 02 1e 00 00 00 1e 00 00 01 02 05 08 0a 1e 00 19 0f 05 05 00 00 00 3f 5a 00 05 03 03 06 06 02 04 0a b4 00 3c 00 f0 00 b8 0b 0e 05 1e 0f 08 5a 0f 02 1e 00 05 00 1e 00 78 00 0f 50 00 64 00 2c 01 b8 0b f4 01 dc 05 0a c8 00 2c 01 32 32 32 1e 2c 01 58 02 b8 0b b8 0b 64 00 f4 01 64 00 0f 05 02 78 00 78 00 19 3c 3c 02 41 42 43 44 00 00 00 00 00 00 00 00 00 00 00 00 00 00 00 00 00 00 00 00 00 00 00 00 00 00 00 00 00 00 00 00 00 00 00 00 58 59 5a 41 00 00 00 00 00 00 00 00 00 00 00 00 00 00 00 00 00 00 00 00 00 00 00 00 00 00 00 00 00 00 00 00 00 00 00 00 01 00 00 7f 51 c3 00 00 01 00 00 7f 52 c3 00 00 c0 a8 a7 f4 01 70 17 03 28 02 0f 00 00 00 41 00 00 a0 40 66 66 86 40 66 66 66 40 00 00 00 00 fa 00 64 00 50 00 50 00 dc 05 64 00 32 00 00 00 03 00 c1 4a 13 f6 01 01 4c 4f 43 4f 5f 54 43 41 53 5f 42 52 41 4b 49 4e 47 00 c3 00 00 00 72 00 6e 00 61 00 6c 00 30 ed 3f 1d c3 00 00 00 29 43 a0 64 64 96 00 fa 00 0a 00 04 04 04 03 03 04 32 09 09 32 0a 0a 46 0b 0b 64 0c 0c ff 00 00 64 00 00 00 01 00 02 00 01 3c 00 00 14 1e 37 4b 03 02 04 00 00 00 79 89 f3 f0
2026-06-27T15:11:55.000,1782553315000,1_1,dop1,38196,out,na,160155.0,0c 17 17 17 17 0c 0c 0c 0c 0c 17 17 17 17 17 17
2026-06-27T15:11:55.000,1782553315000,1_1,dop2,38197,out,na,160155.0,0c 17 17 17 17 0c 0c 0c 0c 0c 17 17 17 17 17 17
2026-06-27T15:11:55.000,1782553315000,1_1,dop1,38198,out,na,160155.0,0c 17 17 17 17 0c 0c 0c 0c 0c 17 17 17 17 17 17
2026-06-27T15:11:55.000,1782553315000,1_1,dop2,38199,out,na,160155.0,0c 17 17 17 17 0c 0c 0c 0c 0c 17 17 17 17 17 17
2026-06-27T15:11:56.000,1782553316000,1_1,dmi,38200,out,na,160155.0,aa aa 74 02 01 0a 6f 00 a2 2a 00 00 00 00 00 00 00 00 00 00 1b 06 ea 07 0f 0b 38 00 00 00 00 00 00 00 00 40 00 00 00 00 00 00 01 00 00 20 00 00 00 00 00 00 00 00 00 00 00 50 00 00 00 00 00 00 00 00 00 00 00 00 fa 00 00 00 00 00 01 00 00 0d 6a 0d 00 00 00 00 00 00 00 00 00 00 00 00 f0 3c 00 f4 01 00 00 00 00 08 06 0f 00 00 01 00 e9 fc 1d 0c bb bb
2026-06-27T15:11:56.000,1782553316000,1_1,dop1,38201,out,na,160155.0,0c 17 17 17 17 0c 0c 0c 0c 0c 17 17 17 17 17 17
2026-06-27T15:11:56.000,1782553316000,1_1,dop2,38202,out,na,160155.0,0c 17 17 17 17 0c 0c 0c 0c 0c 17 17 17 17 17 17
2026-06-27T15:11:56.000,1782553316000,1_1,nms hlth,38203,out,pass,160155.0,02 06 0b 00 3f 00 00 00 bb bb 18 00 35 00 01 00 00 01 00 01 01 1b 06 1a 0f 0b 38 09 00 01 01 00 02 01 00 0d 00 00 0e 00 00 0f 00 00 10 00 00 11 00 00 00 29 00 00 39 4a 67 19 26 b2 c9 47 28
2026-06-27T15:11:56.000,1782553316000,1_1,nms rssi,38204,out,pass,160155.0,02 06 0c 00 31 00 00 00 aa aa 20 00 29 00 01 00 00 01 00 01 01 1b 06 1a 0f 0b 38 00 00 00 00 00 00 00 00 00 00 00 00 00 00 00 00 00 00 84 96 c2 11
2026-06-27T15:11:56.000,1782553316000,1_1,linfo,38205,,pass,160155.0,01 02 01 00 00 00 a0 00 b6 03 b6 03 02 16 16 02 05 05 05 02 1e 00 00 00 1e 00 00 01 02 05 08 0a 1e 00 19 0f 05 05 00 00 00 3f 5a 00 05 03 03 06 06 02 04 0a b4 00 3c 00 f0 00 b8 0b 0e 05 1e 0f 08 5a 0f 02 1e 00 05 00 1e 00 78 00 0f 50 00 64 00 2c 01 b8 0b f4 01 dc 05 0a c8 00 2c 01 32 32 32 1e 2c 01 58 02 b8 0b b8 0b 64 00 f4 01 64 00 0f 05 02 78 00 78 00 19 3c 3c 02 41 42 43 44 00 00 00 00 00 00 00 00 00 00 00 00 00 00 00 00 00 00 00 00 00 00 00 00 00 00 00 00 00 00 00 00 00 00 00 00 58 59 5a 41 00 00 00 00 00 00 00 00 00 00 00 00 00 00 00 00 00 00 00 00 00 00 00 00 00 00 00 00 00 00 00 00 00 00 00 00 01 00 00 7f 51 c3 00 00 01 00 00 7f 52 c3 00 00 c0 a8 a7 f4 01 70 17 03 28 02 0f 00 00 00 41 00 00 a0 40 66 66 86 40 66 66 66 40 00 00 00 00 fa 00 64 00 50 00 50 00 dc 05 64 00 32 00 00 00 03 00 c1 4a 13 f6 01 01 4c 4f 43 4f 5f 54 43 41 53 5f 42 52 41 4b 49 4e 47 00 c3 00 00 00 72 00 6e 00 61 00 6c 00 30 ed 3f 1d c3 00 00 00 29 43 a0 64 64 96 00 fa 00 0a 00 04 04 04 03 03 04 32 09 09 32 0a 0a 46 0b 0b 64 0c 0c ff 00 00 64 00 00 00 01 00 02 00 01 3c 00 00 14 1e 37 4b 03 02 04 00 00 00 79 89 f3 f0
2026-06-27T15:11:56.000,1782553316000,1_1,arp,38206,out,fail,160155.0,02 07 0d 00 27 00 00 00 00 00 d3 ad 5b d0 00 01 40 00 00 07 d0 00 04 00 00 00 00 00 00 00 00 00 09 66 c0 de 2f 5e 95
2026-06-27T15:11:56.000,1782553316000,1_1,dop1,38207,out,na,160155.0,0c 17 17 17 17 0c 0c 0c 0c 0c 17 17 17 17 17 17
2026-06-27T15:11:56.000,1782553316000,1_1,dop2,38208,out,na,160155.0,0c 17 17 17 17 0c 0c 0c 0c 0c 17 17 17 17 17 17
2026-06-27T15:11:56.000,1782553316000,1_1,dop1,38209,out,na,160155.0,0c 17 17 17 17 0c 0c 0c 0c 0c 17 17 17 17 17 17
2026-06-27T15:11:56.000,1782553316000,1_1,dop2,38210,out,na,160155.0,0c 17 17 17 17 0c 0c 0c 0c 0c 17 17 17 17 17 17
2026-06-27T15:11:56.000,1782553316000,1_1,dmi,38211,out,na,160155.0,aa aa 74 02 01 0a 6f 00 c2 2a 00 00 00 00 00 00 00 00 00 00 1b 06 ea 07 0f 0b 38 00 00 00 00 00 00 00 00 40 00 00 00 00 00 00 01 00 00 20 00 00 00 00 00 00 00 00 00 00 00 50 00 00 00 00 00 00 00 00 00 00 00 00 fa 00 00 00 00 00 01 00 00 0d 6a 0d 00 00 00 00 00 00 00 00 00 00 00 00 f0 3c 00 f4 01 00 00 00 00 08 06 0f 00 00 01 00 29 6e 18 05 bb bb
2026-06-27T15:11:56.000,1782553316000,1_1,nms hlth,38212,out,pass,160155.0,02 06 0b 00 3f 00 00 00 bb bb 18 00 35 00 01 00 00 01 00 01 01 1b 06 1a 0f 0b 38 09 00 01 01 00 02 01 00 0d 00 00 0e 00 00 0f 00 00 10 00 00 11 00 00 00 29 00 00 39 4a 67 19 26 b2 c9 47 28
2026-06-27T15:11:56.000,1782553316000,1_1,nms rssi,38213,out,pass,160155.0,02 06 0c 00 31 00 00 00 aa aa 20 00 29 00 01 00 00 01 00 01 01 1b 06 1a 0f 0b 38 00 00 00 00 00 00 00 00 00 00 00 00 00 00 00 00 00 00 84 96 c2 11
2026-06-27T15:11:56.000,1782553316000,1_1,dop1,38214,out,na,160155.0,0c 17 17 17 17 0c 0c 0c 0c 0c 17 17 17 17 17 17
2026-06-27T15:11:56.000,1782553316000,1_1,dop2,38215,out,na,160155.0,0c 17 17 17 17 0c 0c 0c 0c 0c 17 17 17 17 17 17
2026-06-27T15:11:56.000,1782553316000,1_1,linfo,38216,,pass,160155.0,01 02 01 00 00 00 a0 00 b6 03 b6 03 02 16 16 02 05 05 05 02 1e 00 00 00 1e 00 00 01 02 05 08 0a 1e 00 19 0f 05 05 00 00 00 3f 5a 00 05 03 03 06 06 02 04 0a b4 00 3c 00 f0 00 b8 0b 0e 05 1e 0f 08 5a 0f 02 1e 00 05 00 1e 00 78 00 0f 50 00 64 00 2c 01 b8 0b f4 01 dc 05 0a c8 00 2c 01 32 32 32 1e 2c 01 58 02 b8 0b b8 0b 64 00 f4 01 64 00 0f 05 02 78 00 78 00 19 3c 3c 02 41 42 43 44 00 00 00 00 00 00 00 00 00 00 00 00 00 00 00 00 00 00 00 00 00 00 00 00 00 00 00 00 00 00 00 00 00 00 00 00 58 59 5a 41 00 00 00 00 00 00 00 00 00 00 00 00 00 00 00 00 00 00 00 00 00 00 00 00 00 00 00 00 00 00 00 00 00 00 00 00 01 00 00 7f 51 c3 00 00 01 00 00 7f 52 c3 00 00 c0 a8 a7 f4 01 70 17 03 28 02 0f 00 00 00 41 00 00 a0 40 66 66 86 40 66 66 66 40 00 00 00 00 fa 00 64 00 50 00 50 00 dc 05 64 00 32 00 00 00 03 00 c1 4a 13 f6 01 01 4c 4f 43 4f 5f 54 43 41 53 5f 42 52 41 4b 49 4e 47 00 c3 00 00 00 72 00 6e 00 61 00 6c 00 30 ed 3f 1d c3 00 00 00 29 43 a0 64 64 96 00 fa 00 0a 00 04 04 04 03 03 04 32 09 09 32 0a 0a 46 0b 0b 64 0c 0c ff 00 00 64 00 00 00 01 00 02 00 01 3c 00 00 14 1e 37 4b 03 02 04 00 00 00 79 89 f3 f0
2026-06-27T15:11:57.000,1782553317000,1_1,dop1,38217,out,na,160155.0,0c 17 17 17 17 0c 0c 0c 0c 0c 17 17 17 17 17 17
2026-06-27T15:11:57.000,1782553317000,1_1,dop2,38218,out,na,160155.0,0c 17 17 17 17 0c 0c 0c 0c 0c 17 17 17 17 17 17
2026-06-27T15:11:57.000,1782553317000,1_1,dop1,38219,out,na,160155.0,0c 17 17 17 17 0c 0c 0c 0c 0c 17 17 17 17 17 17
2026-06-27T15:11:57.000,1782553317000,1_1,dop2,38220,out,na,160155.0,0c 17 17 17 17 0c 0c 0c 0c 0c 17 17 17 17 17 17
2026-06-27T15:11:58.000,1782553318000,1_1,dmi,38221,out,na,160155.0,aa aa 74 02 01 0a 6f 00 e0 2a 00 00 00 00 00 00 00 00 00 00 1b 06 ea 07 0f 0b 3a 00 00 00 00 00 00 00 00 40 00 00 00 00 00 00 01 00 00 20 00 00 00 00 00 00 00 00 00 00 00 50 00 00 00 00 00 00 00 00 00 00 00 00 fa 00 00 00 00 00 01 00 00 0d 6a 0d 00 00 00 00 00 00 00 00 00 00 00 00 f0 3c 00 f4 01 00 00 00 00 08 06 0f 00 00 01 00 13 69 6c b6 bb bb
2026-06-27T15:11:58.000,1782553318000,1_1,dop1,38222,out,na,160155.0,0c 17 17 17 17 0c 0c 0c 0c 0c 17 17 17 17 17 17
2026-06-27T15:11:58.000,1782553318000,1_1,dop2,38223,out,na,160155.0,0c 17 17 17 17 0c 0c 0c 0c 0c 17 17 17 17 17 17
2026-06-27T15:11:58.000,1782553318000,1_1,dlsys,38224,in,fail,160155.0,0c 63 0a 03 09 01 50 01 00 00 00 00 1c 01 ed 32
2026-06-27T15:11:58.000,1782553318000,1_1,nms hlth,38225,out,pass,160155.0,02 06 0b 00 3f 00 00 00 bb bb 18 00 35 00 01 00 00 01 00 01 01 1b 06 1a 0f 0b 3a 09 00 01 01 00 02 01 00 0d 00 00 0e 00 00 0f 00 00 10 00 00 11 00 00 00 29 00 00 39 4a 67 19 26 df 2c 66 ce
2026-06-27T15:11:58.000,1782553318000,1_1,nms rssi,38226,out,pass,160155.0,02 06 0c 00 31 00 00 00 aa aa 20 00 29 00 01 00 00 01 00 01 01 1b 06 1a 0f 0b 3a 00 00 00 00 00 00 00 00 00 00 00 00 00 00 00 00 00 00 f0 22 c4 e0
2026-06-27T15:11:58.000,1782553318000,1_1,linfo,38227,,pass,160155.0,01 02 01 00 00 00 a0 00 b6 03 b6 03 02 16 16 02 05 05 05 02 1e 00 00 00 1e 00 00 01 02 05 08 0a 1e 00 19 0f 05 05 00 00 00 3f 5a 00 05 03 03 06 06 02 04 0a b4 00 3c 00 f0 00 b8 0b 0e 05 1e 0f 08 5a 0f 02 1e 00 05 00 1e 00 78 00 0f 50 00 64 00 2c 01 b8 0b f4 01 dc 05 0a c8 00 2c 01 32 32 32 1e 2c 01 58 02 b8 0b b8 0b 64 00 f4 01 64 00 0f 05 02 78 00 78 00 19 3c 3c 02 41 42 43 44 00 00 00 00 00 00 00 00 00 00 00 00 00 00 00 00 00 00 00 00 00 00 00 00 00 00 00 00 00 00 00 00 00 00 00 00 58 59 5a 41 00 00 00 00 00 00 00 00 00 00 00 00 00 00 00 00 00 00 00 00 00 00 00 00 00 00 00 00 00 00 00 00 00 00 00 00 01 00 00 7f 51 c3 00 00 01 00 00 7f 52 c3 00 00 c0 a8 a7 f4 01 70 17 03 28 02 0f 00 00 00 41 00 00 a0 40 66 66 86 40 66 66 66 40 00 00 00 00 fa 00 64 00 50 00 50 00 dc 05 64 00 32 00 00 00 03 00 c1 4a 13 f6 01 01 4c 4f 43 4f 5f 54 43 41 53 5f 42 52 41 4b 49 4e 47 00 c3 00 00 00 72 00 6e 00 61 00 6c 00 30 ed 3f 1d c3 00 00 00 29 43 a0 64 64 96 00 fa 00 0a 00 04 04 04 03 03 04 32 09 09 32 0a 0a 46 0b 0b 64 0c 0c ff 00 00 64 00 00 00 01 00 02 00 01 3c 00 00 14 1e 37 4b 03 02 04 00 00 00 79 89 f3 f0
2026-06-27T15:11:58.000,1782553318000,1_1,arp,38228,out,fail,160155.0,02 07 0d 00 27 00 00 00 00 00 d3 ad 5b f0 00 01 40 00 00 07 d0 00 04 00 00 00 00 00 00 00 00 00 09 66 c0 56 b0 cc 56
2026-06-27T15:11:58.000,1782553318000,1_1,dop1,38229,out,na,160155.0,0c 17 17 17 17 0c 0c 0c 0c 0c 17 17 17 17 17 17
2026-06-27T15:11:58.000,1782553318000,1_1,dop2,38230,out,na,160155.0,0c 17 17 17 17 0c 0c 0c 0c 0c 17 17 17 17 17 17
2026-06-27T15:11:58.000,1782553318000,1_1,dop1,38231,out,na,160155.0,0c 17 17 17 17 0c 0c 0c 0c 0c 17 17 17 17 17 17
2026-06-27T15:11:58.000,1782553318000,1_1,dop2,38232,out,na,160155.0,0c 17 17 17 17 0c 0c 0c 0c 0c 17 17 17 17 17 17
2026-06-27T15:11:58.000,1782553318000,1_1,dmi,38233,out,na,160155.0,aa aa 74 02 01 0a 6f 00 ff 2a 00 00 00 00 00 00 00 00 00 00 1b 06 ea 07 0f 0b 3a 00 00 00 00 00 00 00 00 40 00 00 00 00 00 00 01 00 00 20 00 00 00 00 00 00 00 00 00 00 00 50 00 00 00 00 00 00 00 00 00 00 00 00 fa 00 00 00 00 00 01 00 00 0d 6a 0d 00 00 00 00 00 00 00 00 00 00 00 00 f0 3c 00 f4 01 00 00 00 00 08 06 0f 00 00 01 00 c2 b2 55 02 bb bb
2026-06-27T15:11:58.000,1782553318000,1_1,nms hlth,38234,out,pass,160155.0,02 06 0b 00 3f 00 00 00 bb bb 18 00 35 00 01 00 00 01 00 01 01 1b 06 1a 0f 0b 3a 09 00 01 01 00 02 01 00 0d 00 00 0e 00 00 0f 00 00 10 00 00 11 00 00 00 29 00 00 39 4a 67 19 26 df 2c 66 ce
2026-06-27T15:11:58.000,1782553318000,1_1,nms rssi,38235,out,pass,160155.0,02 06 0c 00 31 00 00 00 aa aa 20 00 29 00 01 00 00 01 00 01 01 1b 06 1a 0f 0b 3a 00 00 00 00 00 00 00 00 00 00 00 00 00 00 00 00 00 00 f0 22 c4 e0
2026-06-27T15:11:58.000,1782553318000,1_1,linfo,38236,,pass,160155.0,01 02 01 00 00 00 a0 00 b6 03 b6 03 02 16 16 02 05 05 05 02 1e 00 00 00 1e 00 00 01 02 05 08 0a 1e 00 19 0f 05 05 00 00 00 3f 5a 00 05 03 03 06 06 02 04 0a b4 00 3c 00 f0 00 b8 0b 0e 05 1e 0f 08 5a 0f 02 1e 00 05 00 1e 00 78 00 0f 50 00 64 00 2c 01 b8 0b f4 01 dc 05 0a c8 00 2c 01 32 32 32 1e 2c 01 58 02 b8 0b b8 0b 64 00 f4 01 64 00 0f 05 02 78 00 78 00 19 3c 3c 02 41 42 43 44 00 00 00 00 00 00 00 00 00 00 00 00 00 00 00 00 00 00 00 00 00 00 00 00 00 00 00 00 00 00 00 00 00 00 00 00 58 59 5a 41 00 00 00 00 00 00 00 00 00 00 00 00 00 00 00 00 00 00 00 00 00 00 00 00 00 00 00 00 00 00 00 00 00 00 00 00 01 00 00 7f 51 c3 00 00 01 00 00 7f 52 c3 00 00 c0 a8 a7 f4 01 70 17 03 28 02 0f 00 00 00 41 00 00 a0 40 66 66 86 40 66 66 66 40 00 00 00 00 fa 00 64 00 50 00 50 00 dc 05 64 00 32 00 00 00 03 00 c1 4a 13 f6 01 01 4c 4f 43 4f 5f 54 43 41 53 5f 42 52 41 4b 49 4e 47 00 c3 00 00 00 72 00 6e 00 61 00 6c 00 30 ed 3f 1d c3 00 00 00 29 43 a0 64 64 96 00 fa 00 0a 00 04 04 04 03 03 04 32 09 09 32 0a 0a 46 0b 0b 64 0c 0c ff 00 00 64 00 00 00 01 00 02 00 01 3c 00 00 14 1e 37 4b 03 02 04 00 00 00 79 89 f3 f0
2026-06-27T15:11:58.000,1782553318000,1_1,dop1,38237,out,na,160155.0,0c 17 17 17 17 0c 0c 0c 0c 0c 17 17 17 17 17 17
2026-06-27T15:11:58.000,1782553318000,1_1,dop2,38238,out,na,160155.0,0c 17 17 17 17 0c 0c 0c 0c 0c 17 17 17 17 17 17
2026-06-27T15:11:59.000,1782553319000,1_1,dop1,38239,out,na,160155.0,0c 17 17 17 17 0c 0c 0c 0c 0c 17 17 17 17 17 17
2026-06-27T15:11:59.000,1782553319000,1_1,dop2,38240,out,na,160155.0,0c 17 17 17 17 0c 0c 0c 0c 0c 17 17 17 17 17 17
2026-06-27T15:12:00.000,1782553320000,1_1,ccsys,38241,in,fail,160155.0,03 01 01 00 00 00 00 00 00 00 00 00 00 00 00 00 00 00 00 00 00 00 00 00 00 00 00 00 00 03 01 01 00 00 00 00 00 00 03 03 00 00 00 00 1c 1c 33 33 00 00 00 00
2026-06-27T15:12:00.000,1782553320000,1_1,dop1,38242,out,na,160155.0,0c 17 17 17 17 0c 0c 0c 0c 0c 17 17 17 17 17 17
2026-06-27T15:12:00.000,1782553320000,1_1,dop2,38243,out,na,160155.0,0c 17 17 17 17 0c 0c 0c 0c 0c 17 17 17 17 17 17
2026-06-27T15:12:00.000,1782553320000,1_1,dmi,38244,out,na,160155.0,aa aa 74 02 01 0a 6f 00 1e 2b 00 00 00 00 00 00 00 00 00 00 1b 06 ea 07 0f 0c 00 00 00 00 00 00 00 00 00 40 00 00 00 00 00 00 01 00 00 20 00 00 00 00 00 00 00 00 00 00 00 50 00 00 00 00 00 00 00 00 00 00 00 00 fa 00 00 00 00 00 01 00 00 0d 6a 0d 00 00 00 00 00 00 00 00 00 00 00 00 f0 3c 00 f4 01 00 00 00 00 08 06 0f 00 00 01 00 f5 f0 64 99 bb bb
2026-06-27T15:12:00.000,1782553320000,1_1,nms hlth,38245,out,pass,160155.0,02 06 0b 00 3f 00 00 00 bb bb 18 00 35 00 01 00 00 01 00 01 01 1b 06 1a 0f 0c 00 09 00 01 01 00 02 01 00 0d 00 00 0e 00 00 0f 00 00 10 00 00 11 00 00 00 29 00 00 39 4a 67 19 26 90 8f 73 e4
2026-06-27T15:12:00.000,1782553320000,1_1,nms rssi,38246,out,pass,160155.0,02 06 0c 00 31 00 00 00 aa aa 20 00 29 00 01 00 00 01 00 01 01 1b 06 1a 0f 0c 00 00 00 00 00 00 00 00 00 00 00 00 00 00 00 00 00 00 00 59 b5 34 19
2026-06-27T15:12:00.000,1782553320000,1_1,linfo,38247,,pass,160155.0,01 02 01 00 00 00 a0 00 b6 03 b6 03 02 16 16 02 05 05 05 02 1e 00 00 00 1e 00 00 01 02 05 08 0a 1e 00 19 0f 05 05 00 00 00 3f 5a 00 05 03 03 06 06 02 04 0a b4 00 3c 00 f0 00 b8 0b 0e 05 1e 0f 08 5a 0f 02 1e 00 05 00 1e 00 78 00 0f 50 00 64 00 2c 01 b8 0b f4 01 dc 05 0a c8 00 2c 01 32 32 32 1e 2c 01 58 02 b8 0b b8 0b 64 00 f4 01 64 00 0f 05 02 78 00 78 00 19 3c 3c 02 41 42 43 44 00 00 00 00 00 00 00 00 00 00 00 00 00 00 00 00 00 00 00 00 00 00 00 00 00 00 00 00 00 00 00 00 00 00 00 00 58 59 5a 41 00 00 00 00 00 00 00 00 00 00 00 00 00 00 00 00 00 00 00 00 00 00 00 00 00 00 00 00 00 00 00 00 00 00 00 00 01 00 00 7f 51 c3 00 00 01 00 00 7f 52 c3 00 00 c0 a8 a7 f4 01 70 17 03 28 02 0f 00 00 00 41 00 00 a0 40 66 66 86 40 66 66 66 40 00 00 00 00 fa 00 64 00 50 00 50 00 dc 05 64 00 32 00 00 00 03 00 c1 4a 13 f6 01 01 4c 4f 43 4f 5f 54 43 41 53 5f 42 52 41 4b 49 4e 47 00 c3 00 00 00 72 00 6e 00 61 00 6c 00 30 ed 3f 1d c3 00 00 00 29 43 a0 64 64 96 00 fa 00 0a 00 04 04 04 03 03 04 32 09 09 32 0a 0a 46 0b 0b 64 0c 0c ff 00 00 64 00 00 00 01 00 02 00 01 3c 00 00 14 1e 37 4b 03 02 04 00 00 00 79 89 f3 f0
2026-06-27T15:12:00.000,1782553320000,1_1,arp,38248,out,fail,160155.0,02 07 0d 00 27 00 00 00 00 00 d3 ad 5c 10 00 01 40 00 00 07 d0 00 04 00 00 00 00 00 00 00 00 00 09 66 c0 2d 35 a4 33
2026-06-27T15:12:00.000,1782553320000,1_1,dop1,38249,out,na,160155.0,0c 17 17 17 17 0c 0c 0c 0c 0c 17 17 17 17 17 17
2026-06-27T15:12:00.000,1782553320000,1_1,dop2,38250,out,na,160155.0,0c 17 17 17 17 0c 0c 0c 0c 0c 17 17 17 17 17 17
2026-06-27T15:12:00.000,1782553320000,1_1,dop1,38251,out,na,160155.0,0c 17 17 17 17 0c 0c 0c 0c 0c 17 17 17 17 17 17
2026-06-27T15:12:00.000,1782553320000,1_1,dop2,38252,out,na,160155.0,0c 17 17 17 17 0c 0c 0c 0c 0c 17 17 17 17 17 17
2026-06-27T15:12:00.000,1782553320000,1_1,dop1,38253,out,na,160155.0,0c 17 17 17 17 0c 0c 0c 0c 0c 17 17 17 17 17 17
2026-06-27T15:12:00.000,1782553320000,1_1,dop2,38254,out,na,160155.0,0c 17 17 17 17 0c 0c 0c 0c 0c 17 17 17 17 17 17
2026-06-27T15:12:00.000,1782553320000,1_1,dmi,38255,out,na,160155.0,aa aa 74 02 01 0a 6f 00 3d 2b 00 00 00 00 00 00 00 00 00 00 1b 06 ea 07 0f 0c 00 00 00 00 00 00 00 00 00 40 00 00 00 00 00 00 01 00 00 20 00 00 00 00 00 00 00 00 00 00 00 50 00 00 00 00 00 00 00 00 00 00 00 00 fa 00 00 00 00 00 01 00 00 0d 6a 0d 00 00 00 00 00 00 00 00 00 00 00 00 f0 3c 00 f4 01 00 00 00 00 08 06 0f 00 00 01 00 1c 50 ff 28 bb bb
2026-06-27T15:12:00.000,1782553320000,1_1,nms hlth,38256,out,pass,160155.0,02 06 0b 00 3f 00 00 00 bb bb 18 00 35 00 01 00 00 01 00 01 01 1b 06 1a 0f 0c 00 09 00 01 01 00 02 01 00 0d 00 00 0e 00 00 0f 00 00 10 00 00 11 00 00 00 29 00 00 39 4a 67 19 26 90 8f 73 e4
2026-06-27T15:12:00.000,1782553320000,1_1,nms rssi,38257,out,pass,160155.0,02 06 0c 00 31 00 00 00 aa aa 20 00 29 00 01 00 00 01 00 01 01 1b 06 1a 0f 0c 00 00 00 00 00 00 00 00 00 00 00 00 00 00 00 00 00 00 00 59 b5 34 19
2026-06-27T15:12:00.000,1782553320000,1_1,linfo,38258,,pass,160155.0,01 02 01 00 00 00 a0 00 b6 03 b6 03 02 16 16 02 05 05 05 02 1e 00 00 00 1e 00 00 01 02 05 08 0a 1e 00 19 0f 05 05 00 00 00 3f 5a 00 05 03 03 06 06 02 04 0a b4 00 3c 00 f0 00 b8 0b 0e 05 1e 0f 08 5a 0f 02 1e 00 05 00 1e 00 78 00 0f 50 00 64 00 2c 01 b8 0b f4 01 dc 05 0a c8 00 2c 01 32 32 32 1e 2c 01 58 02 b8 0b b8 0b 64 00 f4 01 64 00 0f 05 02 78 00 78 00 19 3c 3c 02 41 42 43 44 00 00 00 00 00 00 00 00 00 00 00 00 00 00 00 00 00 00 00 00 00 00 00 00 00 00 00 00 00 00 00 00 00 00 00 00 58 59 5a 41 00 00 00 00 00 00 00 00 00 00 00 00 00 00 00 00 00 00 00 00 00 00 00 00 00 00 00 00 00 00 00 00 00 00 00 00 01 00 00 7f 51 c3 00 00 01 00 00 7f 52 c3 00 00 c0 a8 a7 f4 01 70 17 03 28 02 0f 00 00 00 41 00 00 a0 40 66 66 86 40 66 66 66 40 00 00 00 00 fa 00 64 00 50 00 50 00 dc 05 64 00 32 00 00 00 03 00 c1 4a 13 f6 01 01 4c 4f 43 4f 5f 54 43 41 53 5f 42 52 41 4b 49 4e 47 00 c3 00 00 00 72 00 6e 00 61 00 6c 00 30 ed 3f 1d c3 00 00 00 29 43 a0 64 64 96 00 fa 00 0a 00 04 04 04 03 03 04 32 09 09 32 0a 0a 46 0b 0b 64 0c 0c ff 00 00 64 00 00 00 01 00 02 00 01 3c 00 00 14 1e 37 4b 03 02 04 00 00 00 79 89 f3 f0
2026-06-27T15:12:00.000,1782553320000,1_1,dop1,38259,out,na,160155.0,0c 17 17 17 17 0c 0c 0c 0c 0c 17 17 17 17 17 17
2026-06-27T15:12:00.000,1782553320000,1_1,dop2,38260,out,na,160155.0,0c 17 17 17 17 0c 0c 0c 0c 0c 17 17 17 17 17 17
2026-06-27T15:12:01.000,1782553321000,1_1,dop1,38261,out,na,160155.0,0c 17 17 17 17 0c 0c 0c 0c 0c 17 17 17 17 17 17
2026-06-27T15:12:01.000,1782553321000,1_1,dop2,38262,out,na,160155.0,0c 17 17 17 17 0c 0c 0c 0c 0c 17 17 17 17 17 17
2026-06-27T15:12:02.000,1782553322000,1_1,dop1,38263,out,na,160155.0,0c 17 17 17 17 0c 0c 0c 0c 0c 17 17 17 17 17 17
2026-06-27T15:12:02.000,1782553322000,1_1,dop2,38264,out,na,160155.0,0c 17 17 17 17 0c 0c 0c 0c 0c 17 17 17 17 17 17
2026-06-27T15:12:02.000,1782553322000,1_1,dmi,38265,out,na,160155.0,aa aa 74 02 01 0a 6f 00 5c 2b 00 00 00 00 00 00 00 00 00 00 1b 06 ea 07 0f 0c 02 00 00 00 00 00 00 00 00 40 00 00 00 00 00 00 01 00 00 20 00 00 00 00 00 00 00 00 00 00 00 50 00 00 00 00 00 00 00 00 00 00 00 00 fa 00 00 00 00 00 01 00 00 0d 6a 0d 00 00 00 00 00 00 00 00 00 00 00 00 f0 3c 00 f4 01 00 00 00 00 08 06 0f 00 00 01 00 0f 65 15 23 bb bb
2026-06-27T15:12:02.000,1782553322000,1_1,nms hlth,38266,out,pass,160155.0,02 06 0b 00 3f 00 00 00 bb bb 18 00 35 00 01 00 00 01 00 01 01 1b 06 1a 0f 0c 02 09 00 01 01 00 02 01 00 0d 00 00 0e 00 00 0f 00 00 10 00 00 11 00 00 00 29 00 00 39 4a 67 19 26 fd 6a 52 02
2026-06-27T15:12:02.000,1782553322000,1_1,nms rssi,38267,out,pass,160155.0,02 06 0c 00 31 00 00 00 aa aa 20 00 29 00 01 00 00 01 00 01 01 1b 06 1a 0f 0c 02 00 00 00 00 00 00 00 00 00 00 00 00 00 00 00 00 00 00 2d 01 32 e8
2026-06-27T15:12:02.000,1782553322000,1_1,linfo,38268,,pass,160155.0,01 02 01 00 00 00 a0 00 b6 03 b6 03 02 16 16 02 05 05 05 02 1e 00 00 00 1e 00 00 01 02 05 08 0a 1e 00 19 0f 05 05 00 00 00 3f 5a 00 05 03 03 06 06 02 04 0a b4 00 3c 00 f0 00 b8 0b 0e 05 1e 0f 08 5a 0f 02 1e 00 05 00 1e 00 78 00 0f 50 00 64 00 2c 01 b8 0b f4 01 dc 05 0a c8 00 2c 01 32 32 32 1e 2c 01 58 02 b8 0b b8 0b 64 00 f4 01 64 00 0f 05 02 78 00 78 00 19 3c 3c 02 41 42 43 44 00 00 00 00 00 00 00 00 00 00 00 00 00 00 00 00 00 00 00 00 00 00 00 00 00 00 00 00 00 00 00 00 00 00 00 00 58 59 5a 41 00 00 00 00 00 00 00 00 00 00 00 00 00 00 00 00 00 00 00 00 00 00 00 00 00 00 00 00 00 00 00 00 00 00 00 00 01 00 00 7f 51 c3 00 00 01 00 00 7f 52 c3 00 00 c0 a8 a7 f4 01 70 17 03 28 02 0f 00 00 00 41 00 00 a0 40 66 66 86 40 66 66 66 40 00 00 00 00 fa 00 64 00 50 00 50 00 dc 05 64 00 32 00 00 00 03 00 c1 4a 13 f6 01 01 4c 4f 43 4f 5f 54 43 41 53 5f 42 52 41 4b 49 4e 47 00 c3 00 00 00 72 00 6e 00 61 00 6c 00 30 ed 3f 1d c3 00 00 00 29 43 a0 64 64 96 00 fa 00 0a 00 04 04 04 03 03 04 32 09 09 32 0a 0a 46 0b 0b 64 0c 0c ff 00 00 64 00 00 00 01 00 02 00 01 3c 00 00 14 1e 37 4b 03 02 04 00 00 00 79 89 f3 f0
2026-06-27T15:12:02.000,1782553322000,1_1,arp,38269,out,fail,160155.0,02 07 0d 00 27 00 00 00 00 00 d3 ad 5c 30 00 01 40 00 00 07 d0 00 04 00 00 00 00 00 00 00 00 00 09 66 c0 a5 aa 36 f0
2026-06-27T15:12:02.000,1782553322000,1_1,dop1,38270,out,na,160155.0,0c 17 17 17 17 0c 0c 0c 0c 0c 17 17 17 17 17 17
2026-06-27T15:12:02.000,1782553322000,1_1,dop2,38271,out,na,160155.0,0c 17 17 17 17 0c 0c 0c 0c 0c 17 17 17 17 17 17
2026-06-27T15:12:02.000,1782553322000,1_1,dop1,38272,out,na,160155.0,0c 17 17 17 17 0c 0c 0c 0c 0c 17 17 17 17 17 17
2026-06-27T15:12:02.000,1782553322000,1_1,dop2,38273,out,na,160155.0,0c 17 17 17 17 0c 0c 0c 0c 0c 17 17 17 17 17 17
2026-06-27T15:12:02.000,1782553322000,1_1,dmi,38274,out,na,160155.0,aa aa 74 02 01 0a 6f 00 7c 2b 00 00 00 00 00 00 00 00 00 00 1b 06 ea 07 0f 0c 02 00 00 00 00 00 00 00 00 40 00 00 00 00 00 00 01 00 00 20 00 00 00 00 00 00 00 00 00 00 00 50 00 00 00 00 00 00 00 00 00 00 00 00 fa 00 00 00 00 00 01 00 00 0d 6a 0d 00 00 00 00 00 00 00 00 00 00 00 00 f0 3c 00 f4 01 00 00 00 00 08 06 0f 00 00 01 00 70 e9 c6 92 bb bb
2026-06-27T15:12:02.000,1782553322000,1_1,dop1,38275,out,na,160155.0,0c 17 17 17 17 0c 0c 0c 0c 0c 17 17 17 17 17 17
2026-06-27T15:12:02.000,1782553322000,1_1,dop2,38276,out,na,160155.0,0c 17 17 17 17 0c 0c 0c 0c 0c 17 17 17 17 17 17
2026-06-27T15:12:02.000,1782553322000,1_1,nms hlth,38277,out,pass,160155.0,02 06 0b 00 3f 00 00 00 bb bb 18 00 35 00 01 00 00 01 00 01 01 1b 06 1a 0f 0c 02 09 00 01 01 00 02 01 00 0d 00 00 0e 00 00 0f 00 00 10 00 00 11 00 00 00 29 00 00 39 4a 67 19 26 fd 6a 52 02
2026-06-27T15:12:02.000,1782553322000,1_1,nms rssi,38278,out,pass,160155.0,02 06 0c 00 31 00 00 00 aa aa 20 00 29 00 01 00 00 01 00 01 01 1b 06 1a 0f 0c 02 00 00 00 00 00 00 00 00 00 00 00 00 00 00 00 00 00 00 2d 01 32 e8
2026-06-27T15:12:02.000,1782553322000,1_1,linfo,38279,,pass,160155.0,01 02 01 00 00 00 a0 00 b6 03 b6 03 02 16 16 02 05 05 05 02 1e 00 00 00 1e 00 00 01 02 05 08 0a 1e 00 19 0f 05 05 00 00 00 3f 5a 00 05 03 03 06 06 02 04 0a b4 00 3c 00 f0 00 b8 0b 0e 05 1e 0f 08 5a 0f 02 1e 00 05 00 1e 00 78 00 0f 50 00 64 00 2c 01 b8 0b f4 01 dc 05 0a c8 00 2c 01 32 32 32 1e 2c 01 58 02 b8 0b b8 0b 64 00 f4 01 64 00 0f 05 02 78 00 78 00 19 3c 3c 02 41 42 43 44 00 00 00 00 00 00 00 00 00 00 00 00 00 00 00 00 00 00 00 00 00 00 00 00 00 00 00 00 00 00 00 00 00 00 00 00 58 59 5a 41 00 00 00 00 00 00 00 00 00 00 00 00 00 00 00 00 00 00 00 00 00 00 00 00 00 00 00 00 00 00 00 00 00 00 00 00 01 00 00 7f 51 c3 00 00 01 00 00 7f 52 c3 00 00 c0 a8 a7 f4 01 70 17 03 28 02 0f 00 00 00 41 00 00 a0 40 66 66 86 40 66 66 66 40 00 00 00 00 fa 00 64 00 50 00 50 00 dc 05 64 00 32 00 00 00 03 00 c1 4a 13 f6 01 01 4c 4f 43 4f 5f 54 43 41 53 5f 42 52 41 4b 49 4e 47 00 c3 00 00 00 72 00 6e 00 61 00 6c 00 30 ed 3f 1d c3 00 00 00 29 43 a0 64 64 96 00 fa 00 0a 00 04 04 04 03 03 04 32 09 09 32 0a 0a 46 0b 0b 64 0c 0c ff 00 00 64 00 00 00 01 00 02 00 01 3c 00 00 14 1e 37 4b 03 02 04 00 00 00 79 89 f3 f0
2026-06-27T15:12:03.000,1782553323000,1_1,dop1,38280,out,na,160155.0,0c 17 17 17 17 0c 0c 0c 0c 0c 17 17 17 17 17 17
2026-06-27T15:12:03.000,1782553323000,1_1,dop2,38281,out,na,160155.0,0c 17 17 17 17 0c 0c 0c 0c 0c 17 17 17 17 17 17
2026-06-27T15:12:03.000,1782553323000,1_1,dop1,38282,out,na,160155.0,0c 17 17 17 17 0c 0c 0c 0c 0c 17 17 17 17 17 17
2026-06-27T15:12:03.000,1782553323000,1_1,dop2,38283,out,na,160155.0,0c 17 17 17 17 0c 0c 0c 0c 0c 17 17 17 17 17 17
2026-06-27T15:12:04.000,1782553324000,1_1,dmi,38284,out,na,160155.0,aa aa 74 02 01 0a 6f 00 9b 2b 00 00 00 00 00 00 00 00 00 00 1b 06 ea 07 0f 0c 04 00 00 00 00 00 00 00 00 40 00 00 00 00 00 00 01 00 00 20 00 00 00 00 00 00 00 00 00 00 00 50 00 00 00 00 00 00 00 00 00 00 00 00 fa 00 00 00 00 00 01 00 00 0d 6a 0d 00 00 00 00 00 00 00 00 00 00 00 00 f0 3c 00 f4 01 00 00 00 00 08 06 0f 00 00 01 00 0d 3b 1e 80 bb bb
2026-06-27T15:12:04.000,1782553324000,1_1,dop1,38285,out,na,160155.0,0c 17 17 17 17 0c 0c 0c 0c 0c 17 17 17 17 17 17
2026-06-27T15:12:04.000,1782553324000,1_1,dop2,38286,out,na,160155.0,0c 17 17 17 17 0c 0c 0c 0c 0c 17 17 17 17 17 17
2026-06-27T15:12:04.000,1782553324000,1_1,nms hlth,38287,out,pass,160155.0,02 06 0b 00 3f 00 00 00 bb bb 18 00 35 00 01 00 00 01 00 01 01 1b 06 1a 0f 0c 04 09 00 01 01 00 02 01 00 0d 00 00 0e 00 00 0f 00 00 10 00 00 11 00 00 00 29 00 00 39 4a 67 19 26 4b 45 30 28
2026-06-27T15:12:04.000,1782553324000,1_1,nms rssi,38288,out,pass,160155.0,02 06 0c 00 31 00 00 00 aa aa 20 00 29 00 01 00 00 01 00 01 01 1b 06 1a 0f 0c 04 00 00 00 00 00 00 00 00 00 00 00 00 00 00 00 00 00 00 b0 dd 39 fb
2026-06-27T15:12:04.000,1782553324000,1_1,linfo,38289,,pass,160155.0,01 02 01 00 00 00 a0 00 b6 03 b6 03 02 16 16 02 05 05 05 02 1e 00 00 00 1e 00 00 01 02 05 08 0a 1e 00 19 0f 05 05 00 00 00 3f 5a 00 05 03 03 06 06 02 04 0a b4 00 3c 00 f0 00 b8 0b 0e 05 1e 0f 08 5a 0f 02 1e 00 05 00 1e 00 78 00 0f 50 00 64 00 2c 01 b8 0b f4 01 dc 05 0a c8 00 2c 01 32 32 32 1e 2c 01 58 02 b8 0b b8 0b 64 00 f4 01 64 00 0f 05 02 78 00 78 00 19 3c 3c 02 41 42 43 44 00 00 00 00 00 00 00 00 00 00 00 00 00 00 00 00 00 00 00 00 00 00 00 00 00 00 00 00 00 00 00 00 00 00 00 00 58 59 5a 41 00 00 00 00 00 00 00 00 00 00 00 00 00 00 00 00 00 00 00 00 00 00 00 00 00 00 00 00 00 00 00 00 00 00 00 00 01 00 00 7f 51 c3 00 00 01 00 00 7f 52 c3 00 00 c0 a8 a7 f4 01 70 17 03 28 02 0f 00 00 00 41 00 00 a0 40 66 66 86 40 66 66 66 40 00 00 00 00 fa 00 64 00 50 00 50 00 dc 05 64 00 32 00 00 00 03 00 c1 4a 13 f6 01 01 4c 4f 43 4f 5f 54 43 41 53 5f 42 52 41 4b 49 4e 47 00 c3 00 00 00 72 00 6e 00 61 00 6c 00 30 ed 3f 1d c3 00 00 00 29 43 a0 64 64 96 00 fa 00 0a 00 04 04 04 03 03 04 32 09 09 32 0a 0a 46 0b 0b 64 0c 0c ff 00 00 64 00 00 00 01 00 02 00 01 3c 00 00 14 1e 37 4b 03 02 04 00 00 00 79 89 f3 f0
2026-06-27T15:12:04.000,1782553324000,1_1,arp,38290,out,fail,160155.0,02 07 0d 00 27 00 00 00 00 00 d3 ad 5c 50 00 01 40 00 00 07 d0 00 04 00 00 00 00 00 00 00 00 00 09 66 c0 e7 7b 87 f4
2026-06-27T15:12:04.000,1782553324000,1_1,dop1,38291,out,na,160155.0,0c 17 17 17 17 0c 0c 0c 0c 0c 17 17 17 17 17 17
2026-06-27T15:12:04.000,1782553324000,1_1,dop2,38292,out,na,160155.0,0c 17 17 17 17 0c 0c 0c 0c 0c 17 17 17 17 17 17
2026-06-27T15:12:04.000,1782553324000,1_1,dop1,38293,out,na,160155.0,0c 17 17 17 17 0c 0c 0c 0c 0c 17 17 17 17 17 17
2026-06-27T15:12:04.000,1782553324000,1_1,dop2,38294,out,na,160155.0,0c 17 17 17 17 0c 0c 0c 0c 0c 17 17 17 17 17 17
2026-06-27T15:12:04.000,1782553324000,1_1,ccsys,38295,in,fail,160155.0,03 01 01 00 00 00 00 00 00 00 00 00 00 00 00 00 00 00 00 00 00 00 00 00 00 00 00 00 00 03 01 01 05 05 00 00 00 00 03 03 00 00 00 00 1c 1c 33 33 00 00 00 00
2026-06-27T15:12:04.000,1782553324000,1_1,dmi,38296,out,na,160155.0,aa aa 74 02 01 0a 6f 00 ba 2b 00 00 00 00 00 00 00 00 00 00 1b 06 ea 07 0f 0c 04 00 00 00 00 00 00 00 00 40 00 00 00 00 00 00 01 00 00 20 00 00 00 00 00 00 00 00 00 00 00 50 00 00 00 00 00 00 00 00 00 00 00 00 fa 00 00 00 00 00 01 00 00 0d 6a 0d 00 00 00 00 00 00 00 00 00 00 00 00 f0 3c 00 f4 01 00 00 00 00 08 06 0f 00 00 01 00 3f 51 25 87 bb bb
2026-06-27T15:12:04.000,1782553324000,1_1,dop1,38297,out,na,160155.0,0c 17 17 17 17 0c 0c 0c 0c 0c 17 17 17 17 17 17
2026-06-27T15:12:04.000,1782553324000,1_1,dop2,38298,out,na,160155.0,0c 17 17 17 17 0c 0c 0c 0c 0c 17 17 17 17 17 17
2026-06-27T15:12:04.000,1782553324000,1_1,nms hlth,38299,out,pass,160155.0,02 06 0b 00 3f 00 00 00 bb bb 18 00 35 00 01 00 00 01 00 01 01 1b 06 1a 0f 0c 04 09 00 01 01 00 02 01 00 0d 00 00 0e 00 00 0f 00 00 10 00 00 11 00 00 00 29 00 00 39 4a 67 19 26 4b 45 30 28
2026-06-27T15:12:04.000,1782553324000,1_1,nms rssi,38300,out,pass,160155.0,02 06 0c 00 31 00 00 00 aa aa 20 00 29 00 01 00 00 01 00 01 01 1b 06 1a 0f 0c 04 00 00 00 00 00 00 00 00 00 00 00 00 00 00 00 00 00 00 b0 dd 39 fb
2026-06-27T15:12:04.000,1782553324000,1_1,linfo,38301,,pass,160155.0,01 02 01 00 00 00 a0 00 b6 03 b6 03 02 16 16 02 05 05 05 02 1e 00 00 00 1e 00 00 01 02 05 08 0a 1e 00 19 0f 05 05 00 00 00 3f 5a 00 05 03 03 06 06 02 04 0a b4 00 3c 00 f0 00 b8 0b 0e 05 1e 0f 08 5a 0f 02 1e 00 05 00 1e 00 78 00 0f 50 00 64 00 2c 01 b8 0b f4 01 dc 05 0a c8 00 2c 01 32 32 32 1e 2c 01 58 02 b8 0b b8 0b 64 00 f4 01 64 00 0f 05 02 78 00 78 00 19 3c 3c 02 41 42 43 44 00 00 00 00 00 00 00 00 00 00 00 00 00 00 00 00 00 00 00 00 00 00 00 00 00 00 00 00 00 00 00 00 00 00 00 00 58 59 5a 41 00 00 00 00 00 00 00 00 00 00 00 00 00 00 00 00 00 00 00 00 00 00 00 00 00 00 00 00 00 00 00 00 00 00 00 00 01 00 00 7f 51 c3 00 00 01 00 00 7f 52 c3 00 00 c0 a8 a7 f4 01 70 17 03 28 02 0f 00 00 00 41 00 00 a0 40 66 66 86 40 66 66 66 40 00 00 00 00 fa 00 64 00 50 00 50 00 dc 05 64 00 32 00 00 00 03 00 c1 4a 13 f6 01 01 4c 4f 43 4f 5f 54 43 41 53 5f 42 52 41 4b 49 4e 47 00 c3 00 00 00 72 00 6e 00 61 00 6c 00 30 ed 3f 1d c3 00 00 00 29 43 a0 64 64 96 00 fa 00 0a 00 04 04 04 03 03 04 32 09 09 32 0a 0a 46 0b 0b 64 0c 0c ff 00 00 64 00 00 00 01 00 02 00 01 3c 00 00 14 1e 37 4b 03 02 04 00 00 00 79 89 f3 f0
2026-06-27T15:12:05.000,1782553325000,1_1,dop1,38302,out,na,160155.0,0c 17 17 17 17 0c 0c 0c 0c 0c 17 17 17 17 17 17
2026-06-27T15:12:05.000,1782553325000,1_1,dop2,38303,out,na,160155.0,0c 17 17 17 17 0c 0c 0c 0c 0c 17 17 17 17 17 17
2026-06-27T15:12:05.000,1782553325000,1_1,dop1,38304,out,na,160155.0,0c 17 17 17 17 0c 0c 0c 0c 0c 17 17 17 17 17 17
2026-06-27T15:12:05.000,1782553325000,1_1,dop2,38305,out,na,160155.0,0c 17 17 17 17 0c 0c 0c 0c 0c 17 17 17 17 17 17
2026-06-27T15:12:06.000,1782553326000,1_1,dmi,38306,out,na,160155.0,aa aa 74 02 01 0a 6f 00 d8 2b 00 00 00 00 00 00 00 00 00 00 1b 06 ea 07 0f 0c 06 00 00 00 00 00 00 00 00 40 00 00 00 00 00 00 01 00 00 20 00 00 00 00 00 00 00 00 00 00 00 50 00 00 00 00 00 00 00 00 00 00 00 00 fa 00 00 00 00 00 01 00 00 0d 6a 0d 00 00 00 00 00 00 00 00 00 00 00 00 f0 3c 00 f4 01 00 00 00 00 08 06 0f 00 00 01 00 ba 48 87 8c bb bb
2026-06-27T15:12:06.000,1782553326000,1_1,dop1,38307,out,na,160155.0,0c 17 17 17 17 0c 0c 0c 0c 0c 17 17 17 17 17 17
2026-06-27T15:12:06.000,1782553326000,1_1,dop2,38308,out,na,160155.0,0c 17 17 17 17 0c 0c 0c 0c 0c 17 17 17 17 17 17
2026-06-27T15:12:06.000,1782553326000,1_1,nms hlth,38309,out,pass,160155.0,02 06 0b 00 3f 00 00 00 bb bb 18 00 35 00 01 00 00 01 00 01 01 1b 06 1a 0f 0c 06 09 00 01 01 00 02 01 00 0d 00 00 0e 00 00 0f 00 00 10 00 00 11 00 00 00 29 00 00 39 4a 67 19 26 26 a0 11 ce
2026-06-27T15:12:06.000,1782553326000,1_1,nms rssi,38310,out,pass,160155.0,02 06 0c 00 31 00 00 00 aa aa 20 00 29 00 01 00 00 01 00 01 01 1b 06 1a 0f 0c 06 00 00 00 00 00 00 00 00 00 00 00 00 00 00 00 00 00 00 c4 69 3f 0a
2026-06-27T15:12:06.000,1782553326000,1_1,linfo,38311,,pass,160155.0,01 02 01 00 00 00 a0 00 b6 03 b6 03 02 16 16 02 05 05 05 02 1e 00 00 00 1e 00 00 01 02 05 08 0a 1e 00 19 0f 05 05 00 00 00 3f 5a 00 05 03 03 06 06 02 04 0a b4 00 3c 00 f0 00 b8 0b 0e 05 1e 0f 08 5a 0f 02 1e 00 05 00 1e 00 78 00 0f 50 00 64 00 2c 01 b8 0b f4 01 dc 05 0a c8 00 2c 01 32 32 32 1e 2c 01 58 02 b8 0b b8 0b 64 00 f4 01 64 00 0f 05 02 78 00 78 00 19 3c 3c 02 41 42 43 44 00 00 00 00 00 00 00 00 00 00 00 00 00 00 00 00 00 00 00 00 00 00 00 00 00 00 00 00 00 00 00 00 00 00 00 00 58 59 5a 41 00 00 00 00 00 00 00 00 00 00 00 00 00 00 00 00 00 00 00 00 00 00 00 00 00 00 00 00 00 00 00 00 00 00 00 00 01 00 00 7f 51 c3 00 00 01 00 00 7f 52 c3 00 00 c0 a8 a7 f4 01 70 17 03 28 02 0f 00 00 00 41 00 00 a0 40 66 66 86 40 66 66 66 40 00 00 00 00 fa 00 64 00 50 00 50 00 dc 05 64 00 32 00 00 00 03 00 c1 4a 13 f6 01 01 4c 4f 43 4f 5f 54 43 41 53 5f 42 52 41 4b 49 4e 47 00 c3 00 00 00 72 00 6e 00 61 00 6c 00 30 ed 3f 1d c3 00 00 00 29 43 a0 64 64 96 00 fa 00 0a 00 04 04 04 03 03 04 32 09 09 32 0a 0a 46 0b 0b 64 0c 0c ff 00 00 64 00 00 00 01 00 02 00 01 3c 00 00 14 1e 37 4b 03 02 04 00 00 00 79 89 f3 f0
2026-06-27T15:12:06.000,1782553326000,1_1,arp,38312,out,fail,160155.0,02 07 0d 00 27 00 00 00 00 00 d3 ad 5c 70 00 01 40 00 00 07 d0 00 04 00 00 00 00 00 00 00 00 00 09 66 c0 6f e4 15 37
2026-06-27T15:12:06.000,1782553326000,1_1,dop1,38313,out,na,160155.0,0c 17 17 17 17 0c 0c 0c 0c 0c 17 17 17 17 17 17
2026-06-27T15:12:06.000,1782553326000,1_1,dop2,38314,out,na,160155.0,0c 17 17 17 17 0c 0c 0c 0c 0c 17 17 17 17 17 17
2026-06-27T15:12:06.000,1782553326000,1_1,dop1,38315,out,na,160155.0,0c 17 17 17 17 0c 0c 0c 0c 0c 17 17 17 17 17 17
2026-06-27T15:12:06.000,1782553326000,1_1,dop2,38316,out,na,160155.0,0c 17 17 17 17 0c 0c 0c 0c 0c 17 17 17 17 17 17
2026-06-27T15:12:06.000,1782553326000,1_1,dmi,38317,out,na,160155.0,aa aa 74 02 01 0a 6f 00 f7 2b 00 00 00 00 00 00 00 00 00 00 1b 06 ea 07 0f 0c 06 00 00 00 00 00 00 00 00 40 00 00 00 00 00 00 01 00 00 20 00 00 00 00 00 00 00 00 00 00 00 50 00 00 00 00 00 00 00 00 00 00 00 00 fa 00 00 00 00 00 01 00 00 0d 6a 0d 00 00 00 00 00 00 00 00 00 00 00 00 f0 3c 00 f4 01 00 00 00 00 08 06 0f 00 00 01 00 0b 5a 3c 3c bb bb
2026-06-27T15:12:06.000,1782553326000,1_1,dop1,38318,out,na,160155.0,0c 17 17 17 17 0c 0c 0c 0c 0c 17 17 17 17 17 17
2026-06-27T15:12:06.000,1782553326000,1_1,dop2,38319,out,na,160155.0,0c 17 17 17 17 0c 0c 0c 0c 0c 17 17 17 17 17 17
2026-06-27T15:12:06.000,1782553326000,1_1,nms hlth,38320,out,pass,160155.0,02 06 0b 00 3f 00 00 00 bb bb 18 00 35 00 01 00 00 01 00 01 01 1b 06 1a 0f 0c 06 09 00 01 01 00 02 01 00 0d 00 00 0e 00 00 0f 00 00 10 00 00 11 00 00 00 29 00 00 39 4a 67 19 26 26 a0 11 ce
2026-06-27T15:12:06.000,1782553326000,1_1,nms rssi,38321,out,pass,160155.0,02 06 0c 00 31 00 00 00 aa aa 20 00 29 00 01 00 00 01 00 01 01 1b 06 1a 0f 0c 06 00 00 00 00 00 00 00 00 00 00 00 00 00 00 00 00 00 00 c4 69 3f 0a
2026-06-27T15:12:06.000,1782553326000,1_1,linfo,38322,,pass,160155.0,01 02 01 00 00 00 a0 00 b6 03 b6 03 02 16 16 02 05 05 05 02 1e 00 00 00 1e 00 00 01 02 05 08 0a 1e 00 19 0f 05 05 00 00 00 3f 5a 00 05 03 03 06 06 02 04 0a b4 00 3c 00 f0 00 b8 0b 0e 05 1e 0f 08 5a 0f 02 1e 00 05 00 1e 00 78 00 0f 50 00 64 00 2c 01 b8 0b f4 01 dc 05 0a c8 00 2c 01 32 32 32 1e 2c 01 58 02 b8 0b b8 0b 64 00 f4 01 64 00 0f 05 02 78 00 78 00 19 3c 3c 02 41 42 43 44 00 00 00 00 00 00 00 00 00 00 00 00 00 00 00 00 00 00 00 00 00 00 00 00 00 00 00 00 00 00 00 00 00 00 00 00 58 59 5a 41 00 00 00 00 00 00 00 00 00 00 00 00 00 00 00 00 00 00 00 00 00 00 00 00 00 00 00 00 00 00 00 00 00 00 00 00 01 00 00 7f 51 c3 00 00 01 00 00 7f 52 c3 00 00 c0 a8 a7 f4 01 70 17 03 28 02 0f 00 00 00 41 00 00 a0 40 66 66 86 40 66 66 66 40 00 00 00 00 fa 00 64 00 50 00 50 00 dc 05 64 00 32 00 00 00 03 00 c1 4a 13 f6 01 01 4c 4f 43 4f 5f 54 43 41 53 5f 42 52 41 4b 49 4e 47 00 c3 00 00 00 72 00 6e 00 61 00 6c 00 30 ed 3f 1d c3 00 00 00 29 43 a0 64 64 96 00 fa 00 0a 00 04 04 04 03 03 04 32 09 09 32 0a 0a 46 0b 0b 64 0c 0c ff 00 00 64 00 00 00 01 00 02 00 01 3c 00 00 14 1e 37 4b 03 02 04 00 00 00 79 89 f3 f0
2026-06-27T15:12:07.000,1782553327000,1_1,dop1,38323,out,na,160155.0,0c 17 17 17 17 0c 0c 0c 0c 0c 17 17 17 17 17 17
2026-06-27T15:12:07.000,1782553327000,1_1,dop2,38324,out,na,160155.0,0c 17 17 17 17 0c 0c 0c 0c 0c 17 17 17 17 17 17
2026-06-27T15:12:07.000,1782553327000,1_1,dop1,38325,out,na,160155.0,0c 17 17 17 17 0c 0c 0c 0c 0c 17 17 17 17 17 17
2026-06-27T15:12:07.000,1782553327000,1_1,dop2,38326,out,na,160155.0,0c 17 17 17 17 0c 0c 0c 0c 0c 17 17 17 17 17 17
2026-06-27T15:12:08.000,1782553328000,1_1,dmi,38327,out,na,160155.0,aa aa 74 02 01 0a 6f 00 16 2c 00 00 00 00 00 00 00 00 00 00 1b 06 ea 07 0f 0c 08 00 00 00 00 00 00 00 00 40 00 00 00 00 00 00 01 00 00 20 00 00 00 00 00 00 00 00 00 00 00 50 00 00 00 00 00 00 00 00 00 00 00 00 fa 00 00 00 00 00 01 00 00 0d 6a 0d 00 00 00 00 00 00 00 00 00 00 00 00 f0 3c 00 f4 01 00 00 00 00 08 06 0f 00 00 01 00 de 81 68 8d bb bb
2026-06-27T15:12:08.000,1782553328000,1_1,dop1,38328,out,na,160155.0,0c 17 17 17 17 0c 0c 0c 0c 0c 17 17 17 17 17 17
2026-06-27T15:12:08.000,1782553328000,1_1,dop2,38329,out,na,160155.0,0c 17 17 17 17 0c 0c 0c 0c 0c 17 17 17 17 17 17
2026-06-27T15:12:08.000,1782553328000,1_1,dlsys,38330,in,fail,160155.0,0c 63 0a 04 09 01 50 01 00 00 00 00 a3 8d 83 cb
2026-06-27T15:12:08.000,1782553328000,1_1,nms hlth,38331,out,pass,160155.0,02 06 0b 00 3f 00 00 00 bb bb 18 00 35 00 01 00 00 01 00 01 01 1b 06 1a 0f 0c 08 09 00 01 01 00 02 01 00 0d 00 00 0e 00 00 0f 00 00 10 00 00 11 00 00 00 29 00 00 39 4a 67 19 26 fc 6a f2 3d
2026-06-27T15:12:08.000,1782553328000,1_1,nms rssi,38332,out,pass,160155.0,02 06 0c 00 31 00 00 00 aa aa 20 00 29 00 01 00 00 01 00 01 01 1b 06 1a 0f 0c 08 00 00 00 00 00 00 00 00 00 00 00 00 00 00 00 00 00 00 50 14 29 9c
2026-06-27T15:12:08.000,1782553328000,1_1,linfo,38333,,pass,160155.0,01 02 01 00 00 00 a0 00 b6 03 b6 03 02 16 16 02 05 05 05 02 1e 00 00 00 1e 00 00 01 02 05 08 0a 1e 00 19 0f 05 05 00 00 00 3f 5a 00 05 03 03 06 06 02 04 0a b4 00 3c 00 f0 00 b8 0b 0e 05 1e 0f 08 5a 0f 02 1e 00 05 00 1e 00 78 00 0f 50 00 64 00 2c 01 b8 0b f4 01 dc 05 0a c8 00 2c 01 32 32 32 1e 2c 01 58 02 b8 0b b8 0b 64 00 f4 01 64 00 0f 05 02 78 00 78 00 19 3c 3c 02 41 42 43 44 00 00 00 00 00 00 00 00 00 00 00 00 00 00 00 00 00 00 00 00 00 00 00 00 00 00 00 00 00 00 00 00 00 00 00 00 58 59 5a 41 00 00 00 00 00 00 00 00 00 00 00 00 00 00 00 00 00 00 00 00 00 00 00 00 00 00 00 00 00 00 00 00 00 00 00 00 01 00 00 7f 51 c3 00 00 01 00 00 7f 52 c3 00 00 c0 a8 a7 f4 01 70 17 03 28 02 0f 00 00 00 41 00 00 a0 40 66 66 86 40 66 66 66 40 00 00 00 00 fa 00 64 00 50 00 50 00 dc 05 64 00 32 00 00 00 03 00 c1 4a 13 f6 01 01 4c 4f 43 4f 5f 54 43 41 53 5f 42 52 41 4b 49 4e 47 00 c3 00 00 00 72 00 6e 00 61 00 6c 00 30 ed 3f 1d c3 00 00 00 29 43 a0 64 64 96 00 fa 00 0a 00 04 04 04 03 03 04 32 09 09 32 0a 0a 46 0b 0b 64 0c 0c ff 00 00 64 00 00 00 01 00 02 00 01 3c 00 00 14 1e 37 4b 03 02 04 00 00 00 79 89 f3 f0
2026-06-27T15:12:08.000,1782553328000,1_1,arp,38334,out,fail,160155.0,02 07 0d 00 27 00 00 00 00 00 d3 ad 5c 90 00 01 40 00 00 07 d0 00 04 00 00 00 00 00 00 00 00 00 09 66 c0 62 d8 e5 fc
2026-06-27T15:12:08.000,1782553328000,1_1,dop1,38335,out,na,160155.0,0c 17 17 17 17 0c 0c 0c 0c 0c 17 17 17 17 17 17
2026-06-27T15:12:08.000,1782553328000,1_1,dop2,38336,out,na,160155.0,0c 17 17 17 17 0c 0c 0c 0c 0c 17 17 17 17 17 17
2026-06-27T15:12:08.000,1782553328000,1_1,dop1,38337,out,na,160155.0,0c 17 17 17 17 0c 0c 0c 0c 0c 17 17 17 17 17 17
2026-06-27T15:12:08.000,1782553328000,1_1,dop2,38338,out,na,160155.0,0c 17 17 17 17 0c 0c 0c 0c 0c 17 17 17 17 17 17
2026-06-27T15:12:08.000,1782553328000,1_1,dmi,38339,out,na,160155.0,aa aa 74 02 01 0a 6f 00 36 2c 00 00 00 00 00 00 00 00 00 00 1b 06 ea 07 0f 0c 08 00 00 00 00 00 00 00 00 40 00 00 00 00 00 00 01 00 00 20 00 00 00 00 00 00 00 00 00 00 00 50 00 00 00 00 00 00 00 00 00 00 00 00 fa 00 00 00 00 00 01 00 00 0d 6a 0d 00 00 00 00 00 00 00 00 00 00 00 00 f0 3c 00 f4 01 00 00 00 00 08 06 0f 00 00 01 00 a1 0d bb 3c bb bb
2026-06-27T15:12:08.000,1782553328000,1_1,dop1,38340,out,na,160155.0,0c 17 17 17 17 0c 0c 0c 0c 0c 17 17 17 17 17 17
2026-06-27T15:12:08.000,1782553328000,1_1,dop2,38341,out,na,160155.0,0c 17 17 17 17 0c 0c 0c 0c 0c 17 17 17 17 17 17
2026-06-27T15:12:08.000,1782553328000,1_1,nms hlth,38342,out,pass,160155.0,02 06 0b 00 3f 00 00 00 bb bb 18 00 35 00 01 00 00 01 00 01 01 1b 06 1a 0f 0c 08 09 00 01 01 00 02 01 00 0d 00 00 0e 00 00 0f 00 00 10 00 00 11 00 00 00 29 00 00 39 4a 67 19 26 fc 6a f2 3d
2026-06-27T15:12:08.000,1782553328000,1_1,nms rssi,38343,out,pass,160155.0,02 06 0c 00 31 00 00 00 aa aa 20 00 29 00 01 00 00 01 00 01 01 1b 06 1a 0f 0c 08 00 00 00 00 00 00 00 00 00 00 00 00 00 00 00 00 00 00 50 14 29 9c
2026-06-27T15:12:08.000,1782553328000,1_1,linfo,38344,,pass,160155.0,01 02 01 00 00 00 a0 00 b6 03 b6 03 02 16 16 02 05 05 05 02 1e 00 00 00 1e 00 00 01 02 05 08 0a 1e 00 19 0f 05 05 00 00 00 3f 5a 00 05 03 03 06 06 02 04 0a b4 00 3c 00 f0 00 b8 0b 0e 05 1e 0f 08 5a 0f 02 1e 00 05 00 1e 00 78 00 0f 50 00 64 00 2c 01 b8 0b f4 01 dc 05 0a c8 00 2c 01 32 32 32 1e 2c 01 58 02 b8 0b b8 0b 64 00 f4 01 64 00 0f 05 02 78 00 78 00 19 3c 3c 02 41 42 43 44 00 00 00 00 00 00 00 00 00 00 00 00 00 00 00 00 00 00 00 00 00 00 00 00 00 00 00 00 00 00 00 00 00 00 00 00 58 59 5a 41 00 00 00 00 00 00 00 00 00 00 00 00 00 00 00 00 00 00 00 00 00 00 00 00 00 00 00 00 00 00 00 00 00 00 00 00 01 00 00 7f 51 c3 00 00 01 00 00 7f 52 c3 00 00 c0 a8 a7 f4 01 70 17 03 28 02 0f 00 00 00 41 00 00 a0 40 66 66 86 40 66 66 66 40 00 00 00 00 fa 00 64 00 50 00 50 00 dc 05 64 00 32 00 00 00 03 00 c1 4a 13 f6 01 01 4c 4f 43 4f 5f 54 43 41 53 5f 42 52 41 4b 49 4e 47 00 c3 00 00 00 72 00 6e 00 61 00 6c 00 30 ed 3f 1d c3 00 00 00 29 43 a0 64 64 96 00 fa 00 0a 00 04 04 04 03 03 04 32 09 09 32 0a 0a 46 0b 0b 64 0c 0c ff 00 00 64 00 00 00 01 00 02 00 01 3c 00 00 14 1e 37 4b 03 02 04 00 00 00 79 89 f3 f0
2026-06-27T15:12:09.000,1782553329000,1_1,dop1,38345,out,na,160155.0,0c 17 17 17 17 0c 0c 0c 0c 0c 17 17 17 17 17 17
2026-06-27T15:12:09.000,1782553329000,1_1,dop2,38346,out,na,160155.0,0c 17 17 17 17 0c 0c 0c 0c 0c 17 17 17 17 17 17
2026-06-27T15:12:10.000,1782553330000,1_1,ccsys,38347,in,fail,160155.0,03 01 01 00 00 00 00 00 00 00 00 00 00 00 00 00 00 00 00 00 00 00 00 00 00 00 00 00 00 03 01 01 0a 0a 00 00 00 00 03 03 00 00 00 00 1c 1c 33 33 00 00 00 00
2026-06-27T15:12:10.000,1782553330000,1_1,dop1,38348,out,na,160155.0,0c 17 17 17 17 0c 0c 0c 0c 0c 17 17 17 17 17 17
2026-06-27T15:12:10.000,1782553330000,1_1,dop2,38349,out,na,160155.0,0c 17 17 17 17 0c 0c 0c 0c 0c 17 17 17 17 17 17
2026-06-27T15:12:10.000,1782553330000,1_1,dmi,38350,out,na,160155.0,aa aa 74 02 01 0a 6f 00 55 2c 00 00 00 00 00 00 00 00 00 00 1b 06 ea 07 0f 0c 0a 00 00 00 00 00 00 00 00 40 00 00 00 00 00 00 01 00 00 20 00 00 00 00 00 00 00 00 00 00 00 50 00 00 00 00 00 00 00 00 00 00 00 00 fa 00 00 00 00 00 01 00 00 0d 6a 0d 00 00 00 00 00 00 00 00 00 00 00 00 f0 3c 00 f4 01 00 00 00 00 08 06 0f 00 00 01 00 69 f2 f1 81 bb bb
2026-06-27T15:12:10.000,1782553330000,1_1,dop1,38351,out,na,160155.0,0c 17 17 17 17 0c 0c 0c 0c 0c 17 17 17 17 17 17
2026-06-27T15:12:10.000,1782553330000,1_1,dop2,38352,out,na,160155.0,0c 17 17 17 17 0c 0c 0c 0c 0c 17 17 17 17 17 17
2026-06-27T15:12:10.000,1782553330000,1_1,nms hlth,38353,out,pass,160155.0,02 06 0b 00 3f 00 00 00 bb bb 18 00 35 00 01 00 00 01 00 01 01 1b 06 1a 0f 0c 0a 09 00 01 01 00 02 01 00 0d 00 00 0e 00 00 0f 00 00 10 00 00 11 00 00 00 29 00 00 39 4a 67 19 26 91 8f d3 db
2026-06-27T15:12:10.000,1782553330000,1_1,nms rssi,38354,out,pass,160155.0,02 06 0c 00 31 00 00 00 aa aa 20 00 29 00 01 00 00 01 00 01 01 1b 06 1a 0f 0c 0a 00 00 00 00 00 00 00 00 00 00 00 00 00 00 00 00 00 00 24 a0 2f 6d
2026-06-27T15:12:10.000,1782553330000,1_1,linfo,38355,,pass,160155.0,01 02 01 00 00 00 a0 00 b6 03 b6 03 02 16 16 02 05 05 05 02 1e 00 00 00 1e 00 00 01 02 05 08 0a 1e 00 19 0f 05 05 00 00 00 3f 5a 00 05 03 03 06 06 02 04 0a b4 00 3c 00 f0 00 b8 0b 0e 05 1e 0f 08 5a 0f 02 1e 00 05 00 1e 00 78 00 0f 50 00 64 00 2c 01 b8 0b f4 01 dc 05 0a c8 00 2c 01 32 32 32 1e 2c 01 58 02 b8 0b b8 0b 64 00 f4 01 64 00 0f 05 02 78 00 78 00 19 3c 3c 02 41 42 43 44 00 00 00 00 00 00 00 00 00 00 00 00 00 00 00 00 00 00 00 00 00 00 00 00 00 00 00 00 00 00 00 00 00 00 00 00 58 59 5a 41 00 00 00 00 00 00 00 00 00 00 00 00 00 00 00 00 00 00 00 00 00 00 00 00 00 00 00 00 00 00 00 00 00 00 00 00 01 00 00 7f 51 c3 00 00 01 00 00 7f 52 c3 00 00 c0 a8 a7 f4 01 70 17 03 28 02 0f 00 00 00 41 00 00 a0 40 66 66 86 40 66 66 66 40 00 00 00 00 fa 00 64 00 50 00 50 00 dc 05 64 00 32 00 00 00 03 00 c1 4a 13 f6 01 01 4c 4f 43 4f 5f 54 43 41 53 5f 42 52 41 4b 49 4e 47 00 c3 00 00 00 72 00 6e 00 61 00 6c 00 30 ed 3f 1d c3 00 00 00 29 43 a0 64 64 96 00 fa 00 0a 00 04 04 04 03 03 04 32 09 09 32 0a 0a 46 0b 0b 64 0c 0c ff 00 00 64 00 00 00 01 00 02 00 01 3c 00 00 14 1e 37 4b 03 02 04 00 00 00 79 89 f3 f0
2026-06-27T15:12:10.000,1782553330000,1_1,arp,38356,out,fail,160155.0,02 07 0d 00 27 00 00 00 00 00 d3 ad 5c b0 00 01 40 00 00 07 d0 00 04 00 00 00 00 00 00 00 00 00 09 66 c0 ea 47 77 3f
2026-06-27T15:12:10.000,1782553330000,1_1,dop1,38357,out,na,160155.0,0c 17 17 17 17 0c 0c 0c 0c 0c 17 17 17 17 17 17
2026-06-27T15:12:10.000,1782553330000,1_1,dop2,38358,out,na,160155.0,0c 17 17 17 17 0c 0c 0c 0c 0c 17 17 17 17 17 17
2026-06-27T15:12:10.000,1782553330000,1_1,dop1,38359,out,na,160155.0,0c 17 17 17 17 0c 0c 0c 0c 0c 17 17 17 17 17 17
2026-06-27T15:12:10.000,1782553330000,1_1,dop2,38360,out,na,160155.0,0c 17 17 17 17 0c 0c 0c 0c 0c 17 17 17 17 17 17
2026-06-27T15:12:10.000,1782553330000,1_1,dmi,38361,out,na,160155.0,aa aa 74 02 01 0a 6f 00 74 2c 00 00 00 00 00 00 00 00 00 00 1b 06 ea 07 0f 0c 0a 00 00 00 00 00 00 00 00 40 00 00 00 00 00 00 01 00 00 20 00 00 00 00 00 00 00 00 00 00 00 50 00 00 00 00 00 00 00 00 00 00 00 00 fa 00 00 00 00 00 01 00 00 0d 6a 0d 00 00 00 00 00 00 00 00 00 00 00 00 f0 3c 00 f4 01 00 00 00 00 08 06 0f 00 00 01 00 5b 98 ca 86 bb bb
2026-06-27T15:12:10.000,1782553330000,1_1,dop1,38362,out,na,160155.0,0c 17 17 17 17 0c 0c 0c 0c 0c 17 17 17 17 17 17
2026-06-27T15:12:10.000,1782553330000,1_1,dop2,38363,out,na,160155.0,0c 17 17 17 17 0c 0c 0c 0c 0c 17 17 17 17 17 17
2026-06-27T15:12:10.000,1782553330000,1_1,nms hlth,38364,out,pass,160155.0,02 06 0b 00 3f 00 00 00 bb bb 18 00 35 00 01 00 00 01 00 01 01 1b 06 1a 0f 0c 0a 09 00 01 01 00 02 01 00 0d 00 00 0e 00 00 0f 00 00 10 00 00 11 00 00 00 29 00 00 39 4a 67 19 26 91 8f d3 db
2026-06-27T15:12:10.000,1782553330000,1_1,nms rssi,38365,out,pass,160155.0,02 06 0c 00 31 00 00 00 aa aa 20 00 29 00 01 00 00 01 00 01 01 1b 06 1a 0f 0c 0a 00 00 00 00 00 00 00 00 00 00 00 00 00 00 00 00 00 00 24 a0 2f 6d
2026-06-27T15:12:10.000,1782553330000,1_1,linfo,38366,,pass,160155.0,01 02 01 00 00 00 a0 00 b6 03 b6 03 02 16 16 02 05 05 05 02 1e 00 00 00 1e 00 00 01 02 05 08 0a 1e 00 19 0f 05 05 00 00 00 3f 5a 00 05 03 03 06 06 02 04 0a b4 00 3c 00 f0 00 b8 0b 0e 05 1e 0f 08 5a 0f 02 1e 00 05 00 1e 00 78 00 0f 50 00 64 00 2c 01 b8 0b f4 01 dc 05 0a c8 00 2c 01 32 32 32 1e 2c 01 58 02 b8 0b b8 0b 64 00 f4 01 64 00 0f 05 02 78 00 78 00 19 3c 3c 02 41 42 43 44 00 00 00 00 00 00 00 00 00 00 00 00 00 00 00 00 00 00 00 00 00 00 00 00 00 00 00 00 00 00 00 00 00 00 00 00 58 59 5a 41 00 00 00 00 00 00 00 00 00 00 00 00 00 00 00 00 00 00 00 00 00 00 00 00 00 00 00 00 00 00 00 00 00 00 00 00 01 00 00 7f 51 c3 00 00 01 00 00 7f 52 c3 00 00 c0 a8 a7 f4 01 70 17 03 28 02 0f 00 00 00 41 00 00 a0 40 66 66 86 40 66 66 66 40 00 00 00 00 fa 00 64 00 50 00 50 00 dc 05 64 00 32 00 00 00 03 00 c1 4a 13 f6 01 01 4c 4f 43 4f 5f 54 43 41 53 5f 42 52 41 4b 49 4e 47 00 c3 00 00 00 72 00 6e 00 61 00 6c 00 30 ed 3f 1d c3 00 00 00 29 43 a0 64 64 96 00 fa 00 0a 00 04 04 04 03 03 04 32 09 09 32 0a 0a 46 0b 0b 64 0c 0c ff 00 00 64 00 00 00 01 00 02 00 01 3c 00 00 14 1e 37 4b 03 02 04 00 00 00 79 89 f3 f0
2026-06-27T15:12:11.000,1782553331000,1_1,dop1,38367,out,na,160155.0,0c 17 17 17 17 0c 0c 0c 0c 0c 17 17 17 17 17 17
2026-06-27T15:12:11.000,1782553331000,1_1,dop2,38368,out,na,160155.0,0c 17 17 17 17 0c 0c 0c 0c 0c 17 17 17 17 17 17
2026-06-27T15:12:12.000,1782553332000,1_1,dop1,38369,out,na,160155.0,0c 17 17 17 17 0c 0c 0c 0c 0c 17 17 17 17 17 17
2026-06-27T15:12:12.000,1782553332000,1_1,dop2,38370,out,na,160155.0,0c 17 17 17 17 0c 0c 0c 0c 0c 17 17 17 17 17 17
2026-06-27T15:12:12.000,1782553332000,1_1,dmi,38371,out,na,160155.0,aa aa 74 02 01 0a 6f 00 92 2c 00 00 00 00 00 00 00 00 00 00 1b 06 ea 07 0f 0c 0c 00 00 00 00 00 00 00 00 40 00 00 00 00 00 00 01 00 00 20 00 00 00 00 00 00 00 00 00 00 00 50 00 00 00 00 00 00 00 00 00 00 00 00 fa 00 00 00 00 00 01 00 00 0d 6a 0d 00 00 00 00 00 00 00 00 00 00 00 00 f0 3c 00 f4 01 00 00 00 00 08 06 0f 00 00 01 00 6b ac fa 22 bb bb
2026-06-27T15:12:12.000,1782553332000,1_1,dop1,38372,out,na,160155.0,0c 17 17 17 17 0c 0c 0c 0c 0c 17 17 17 17 17 17
2026-06-27T15:12:12.000,1782553332000,1_1,dop2,38373,out,na,160155.0,0c 17 17 17 17 0c 0c 0c 0c 0c 17 17 17 17 17 17
2026-06-27T15:12:12.000,1782553332000,1_1,nms hlth,38374,out,pass,160155.0,02 06 0b 00 3f 00 00 00 bb bb 18 00 35 00 01 00 00 01 00 01 01 1b 06 1a 0f 0c 0c 09 00 01 01 00 02 01 00 0d 00 00 0e 00 00 0f 00 00 10 00 00 11 00 00 00 29 00 00 39 4a 67 19 26 27 a0 b1 f1
2026-06-27T15:12:12.000,1782553332000,1_1,nms rssi,38375,out,pass,160155.0,02 06 0c 00 31 00 00 00 aa aa 20 00 29 00 01 00 00 01 00 01 01 1b 06 1a 0f 0c 0c 00 00 00 00 00 00 00 00 00 00 00 00 00 00 00 00 00 00 b9 7c 24 7e
2026-06-27T15:12:12.000,1782553332000,1_1,linfo,38376,,pass,160155.0,01 02 01 00 00 00 a0 00 b6 03 b6 03 02 16 16 02 05 05 05 02 1e 00 00 00 1e 00 00 01 02 05 08 0a 1e 00 19 0f 05 05 00 00 00 3f 5a 00 05 03 03 06 06 02 04 0a b4 00 3c 00 f0 00 b8 0b 0e 05 1e 0f 08 5a 0f 02 1e 00 05 00 1e 00 78 00 0f 50 00 64 00 2c 01 b8 0b f4 01 dc 05 0a c8 00 2c 01 32 32 32 1e 2c 01 58 02 b8 0b b8 0b 64 00 f4 01 64 00 0f 05 02 78 00 78 00 19 3c 3c 02 41 42 43 44 00 00 00 00 00 00 00 00 00 00 00 00 00 00 00 00 00 00 00 00 00 00 00 00 00 00 00 00 00 00 00 00 00 00 00 00 58 59 5a 41 00 00 00 00 00 00 00 00 00 00 00 00 00 00 00 00 00 00 00 00 00 00 00 00 00 00 00 00 00 00 00 00 00 00 00 00 01 00 00 7f 51 c3 00 00 01 00 00 7f 52 c3 00 00 c0 a8 a7 f4 01 70 17 03 28 02 0f 00 00 00 41 00 00 a0 40 66 66 86 40 66 66 66 40 00 00 00 00 fa 00 64 00 50 00 50 00 dc 05 64 00 32 00 00 00 03 00 c1 4a 13 f6 01 01 4c 4f 43 4f 5f 54 43 41 53 5f 42 52 41 4b 49 4e 47 00 c3 00 00 00 72 00 6e 00 61 00 6c 00 30 ed 3f 1d c3 00 00 00 29 43 a0 64 64 96 00 fa 00 0a 00 04 04 04 03 03 04 32 09 09 32 0a 0a 46 0b 0b 64 0c 0c ff 00 00 64 00 00 00 01 00 02 00 01 3c 00 00 14 1e 37 4b 03 02 04 00 00 00 79 89 f3 f0
2026-06-27T15:12:12.000,1782553332000,1_1,arp,38377,out,fail,160155.0,02 07 0d 00 27 00 00 00 00 00 d3 ad 5c d0 00 01 40 00 00 07 d0 00 04 00 00 00 00 00 00 00 00 00 09 66 c0 a8 96 c6 3b
2026-06-27T15:12:12.000,1782553332000,1_1,dop1,38378,out,na,160155.0,0c 17 17 17 17 0c 0c 0c 0c 0c 17 17 17 17 17 17
2026-06-27T15:12:12.000,1782553332000,1_1,dop2,38379,out,na,160155.0,0c 17 17 17 17 0c 0c 0c 0c 0c 17 17 17 17 17 17
2026-06-27T15:12:12.000,1782553332000,1_1,dop1,38380,out,na,160155.0,0c 17 17 17 17 0c 0c 0c 0c 0c 17 17 17 17 17 17
2026-06-27T15:12:12.000,1782553332000,1_1,dop2,38381,out,na,160155.0,0c 17 17 17 17 0c 0c 0c 0c 0c 17 17 17 17 17 17
2026-06-27T15:12:12.000,1782553332000,1_1,dmi,38382,out,na,160155.0,aa aa 74 02 01 0a 6f 00 b2 2c 00 00 00 00 00 00 00 00 00 00 1b 06 ea 07 0f 0c 0c 00 00 00 00 00 00 00 00 40 00 00 00 00 00 00 01 00 00 20 00 00 00 00 00 00 00 00 00 00 00 50 00 00 00 00 00 00 00 00 00 00 00 00 fa 00 00 00 00 00 01 00 00 0d 6a 0d 00 00 00 00 00 00 00 00 00 00 00 00 f0 3c 00 f4 01 00 00 00 00 08 06 0f 00 00 01 00 14 20 29 93 bb bb
2026-06-27T15:12:12.000,1782553332000,1_1,dop1,38383,out,na,160155.0,0c 17 17 17 17 0c 0c 0c 0c 0c 17 17 17 17 17 17
2026-06-27T15:12:12.000,1782553332000,1_1,dop2,38384,out,na,160155.0,0c 17 17 17 17 0c 0c 0c 0c 0c 17 17 17 17 17 17
2026-06-27T15:12:12.000,1782553332000,1_1,nms hlth,38385,out,pass,160155.0,02 06 0b 00 3f 00 00 00 bb bb 18 00 35 00 01 00 00 01 00 01 01 1b 06 1a 0f 0c 0c 09 00 01 01 00 02 01 00 0d 00 00 0e 00 00 0f 00 00 10 00 00 11 00 00 00 29 00 00 39 4a 67 19 26 27 a0 b1 f1
2026-06-27T15:12:12.000,1782553332000,1_1,nms rssi,38386,out,pass,160155.0,02 06 0c 00 31 00 00 00 aa aa 20 00 29 00 01 00 00 01 00 01 01 1b 06 1a 0f 0c 0c 00 00 00 00 00 00 00 00 00 00 00 00 00 00 00 00 00 00 b9 7c 24 7e
2026-06-27T15:12:12.000,1782553332000,1_1,linfo,38387,,pass,160155.0,01 02 01 00 00 00 a0 00 b6 03 b6 03 02 16 16 02 05 05 05 02 1e 00 00 00 1e 00 00 01 02 05 08 0a 1e 00 19 0f 05 05 00 00 00 3f 5a 00 05 03 03 06 06 02 04 0a b4 00 3c 00 f0 00 b8 0b 0e 05 1e 0f 08 5a 0f 02 1e 00 05 00 1e 00 78 00 0f 50 00 64 00 2c 01 b8 0b f4 01 dc 05 0a c8 00 2c 01 32 32 32 1e 2c 01 58 02 b8 0b b8 0b 64 00 f4 01 64 00 0f 05 02 78 00 78 00 19 3c 3c 02 41 42 43 44 00 00 00 00 00 00 00 00 00 00 00 00 00 00 00 00 00 00 00 00 00 00 00 00 00 00 00 00 00 00 00 00 00 00 00 00 58 59 5a 41 00 00 00 00 00 00 00 00 00 00 00 00 00 00 00 00 00 00 00 00 00 00 00 00 00 00 00 00 00 00 00 00 00 00 00 00 01 00 00 7f 51 c3 00 00 01 00 00 7f 52 c3 00 00 c0 a8 a7 f4 01 70 17 03 28 02 0f 00 00 00 41 00 00 a0 40 66 66 86 40 66 66 66 40 00 00 00 00 fa 00 64 00 50 00 50 00 dc 05 64 00 32 00 00 00 03 00 c1 4a 13 f6 01 01 4c 4f 43 4f 5f 54 43 41 53 5f 42 52 41 4b 49 4e 47 00 c3 00 00 00 72 00 6e 00 61 00 6c 00 30 ed 3f 1d c3 00 00 00 29 43 a0 64 64 96 00 fa 00 0a 00 04 04 04 03 03 04 32 09 09 32 0a 0a 46 0b 0b 64 0c 0c ff 00 00 64 00 00 00 01 00 02 00 01 3c 00 00 14 1e 37 4b 03 02 04 00 00 00 79 89 f3 f0
2026-06-27T15:12:13.000,1782553333000,1_1,dop1,38388,out,na,160155.0,0c 17 17 17 17 0c 0c 0c 0c 0c 17 17 17 17 17 17
2026-06-27T15:12:13.000,1782553333000,1_1,dop2,38389,out,na,160155.0,0c 17 17 17 17 0c 0c 0c 0c 0c 17 17 17 17 17 17
2026-06-27T15:12:14.000,1782553334000,1_1,dop1,38390,out,na,160155.0,0c 17 17 17 17 0c 0c 0c 0c 0c 17 17 17 17 17 17
2026-06-27T15:12:14.000,1782553334000,1_1,dop2,38391,out,na,160155.0,0c 17 17 17 17 0c 0c 0c 0c 0c 17 17 17 17 17 17
2026-06-27T15:12:14.000,1782553334000,1_1,dmi,38392,out,na,160155.0,aa aa 74 02 01 0a 6f 00 d1 2c 00 00 00 00 00 00 00 00 00 00 1b 06 ea 07 0f 0c 0e 00 00 00 00 00 00 00 00 40 00 00 00 00 00 00 01 00 00 20 00 00 00 00 00 00 00 00 00 00 00 50 00 00 00 00 00 00 00 00 00 00 00 00 fa 00 00 00 00 00 01 00 00 0d 6a 0d 00 00 00 00 00 00 00 00 00 00 00 00 f0 3c 00 f4 01 00 00 00 00 08 06 0f 00 00 01 00 dc df 63 2e bb bb
2026-06-27T15:12:14.000,1782553334000,1_1,dop1,38393,out,na,160155.0,0c 17 17 17 17 0c 0c 0c 0c 0c 17 17 17 17 17 17
2026-06-27T15:12:14.000,1782553334000,1_1,dop2,38394,out,na,160155.0,0c 17 17 17 17 0c 0c 0c 0c 0c 17 17 17 17 17 17
2026-06-27T15:12:14.000,1782553334000,1_1,arp,38395,out,fail,160155.0,02 07 0d 00 27 00 00 00 00 00 d3 ad 5c f0 00 01 40 00 00 07 d0 00 04 00 00 00 00 00 00 00 00 00 09 66 c0 20 09 54 f8
2026-06-27T15:12:14.000,1782553334000,1_1,nms hlth,38396,out,pass,160155.0,02 06 0b 00 3f 00 00 00 bb bb 18 00 35 00 01 00 00 01 00 01 01 1b 06 1a 0f 0c 0e 09 00 01 01 00 02 01 00 0d 00 00 0e 00 00 0f 00 00 10 00 00 11 00 00 00 29 00 00 39 4a 67 19 26 4a 45 90 17
2026-06-27T15:12:14.000,1782553334000,1_1,nms rssi,38397,out,pass,160155.0,02 06 0c 00 31 00 00 00 aa aa 20 00 29 00 01 00 00 01 00 01 01 1b 06 1a 0f 0c 0e 00 00 00 00 00 00 00 00 00 00 00 00 00 00 00 00 00 00 cd c8 22 8f
2026-06-27T15:12:14.000,1782553334000,1_1,linfo,38398,,pass,160155.0,01 02 01 00 00 00 a0 00 b6 03 b6 03 02 16 16 02 05 05 05 02 1e 00 00 00 1e 00 00 01 02 05 08 0a 1e 00 19 0f 05 05 00 00 00 3f 5a 00 05 03 03 06 06 02 04 0a b4 00 3c 00 f0 00 b8 0b 0e 05 1e 0f 08 5a 0f 02 1e 00 05 00 1e 00 78 00 0f 50 00 64 00 2c 01 b8 0b f4 01 dc 05 0a c8 00 2c 01 32 32 32 1e 2c 01 58 02 b8 0b b8 0b 64 00 f4 01 64 00 0f 05 02 78 00 78 00 19 3c 3c 02 41 42 43 44 00 00 00 00 00 00 00 00 00 00 00 00 00 00 00 00 00 00 00 00 00 00 00 00 00 00 00 00 00 00 00 00 00 00 00 00 58 59 5a 41 00 00 00 00 00 00 00 00 00 00 00 00 00 00 00 00 00 00 00 00 00 00 00 00 00 00 00 00 00 00 00 00 00 00 00 00 01 00 00 7f 51 c3 00 00 01 00 00 7f 52 c3 00 00 c0 a8 a7 f4 01 70 17 03 28 02 0f 00 00 00 41 00 00 a0 40 66 66 86 40 66 66 66 40 00 00 00 00 fa 00 64 00 50 00 50 00 dc 05 64 00 32 00 00 00 03 00 c1 4a 13 f6 01 01 4c 4f 43 4f 5f 54 43 41 53 5f 42 52 41 4b 49 4e 47 00 c3 00 00 00 72 00 6e 00 61 00 6c 00 30 ed 3f 1d c3 00 00 00 29 43 a0 64 64 96 00 fa 00 0a 00 04 04 04 03 03 04 32 09 09 32 0a 0a 46 0b 0b 64 0c 0c ff 00 00 64 00 00 00 01 00 02 00 01 3c 00 00 14 1e 37 4b 03 02 04 00 00 00 79 89 f3 f0
2026-06-27T15:12:14.000,1782553334000,1_1,dop1,38399,out,na,160155.0,0c 17 17 17 17 0c 0c 0c 0c 0c 17 17 17 17 17 17
2026-06-27T15:12:14.000,1782553334000,1_1,dop2,38400,out,na,160155.0,0c 17 17 17 17 0c 0c 0c 0c 0c 17 17 17 17 17 17
2026-06-27T15:12:14.000,1782553334000,1_1,ccsys,38401,in,fail,160155.0,03 01 01 00 00 00 00 00 00 00 00 00 00 00 00 00 00 00 00 00 00 00 00 00 00 00 00 00 00 03 01 01 0f 0f 00 00 00 00 03 03 00 00 00 00 1c 1c 33 33 00 00 00 00
2026-06-27T15:12:15.000,1782553335000,1_1,dop1,38402,out,na,160155.0,0c 17 17 17 17 0c 0c 0c 0c 0c 17 17 17 17 17 17
2026-06-27T15:12:15.000,1782553335000,1_1,dop2,38403,out,na,160155.0,0c 17 17 17 17 0c 0c 0c 0c 0c 17 17 17 17 17 17
2026-06-27T15:12:15.000,1782553335000,1_1,dmi,38404,out,na,160155.0,aa aa 74 02 01 0a 6f 00 f1 2c 00 00 00 00 00 00 00 00 00 00 1b 06 ea 07 0f 0c 0f 00 00 00 00 00 00 00 00 40 00 00 00 00 00 00 01 00 00 20 00 00 00 00 00 00 00 00 00 00 00 50 00 00 00 00 00 00 00 00 00 00 00 00 fa 00 00 00 00 00 01 00 00 0d 6a 0d 00 00 00 00 00 00 00 00 00 00 00 00 f0 3c 00 f4 01 00 00 00 00 08 06 0f 00 00 01 00 6c f3 b3 c5 bb bb
2026-06-27T15:12:15.000,1782553335000,1_1,dop1,38405,out,na,160155.0,0c 17 17 17 17 0c 0c 0c 0c 0c 17 17 17 17 17 17
2026-06-27T15:12:15.000,1782553335000,1_1,dop2,38406,out,na,160155.0,0c 17 17 17 17 0c 0c 0c 0c 0c 17 17 17 17 17 17
2026-06-27T15:12:15.000,1782553335000,1_1,nms hlth,38407,out,pass,160155.0,02 06 0b 00 3f 00 00 00 bb bb 18 00 35 00 01 00 00 01 00 01 01 1b 06 1a 0f 0c 0f 09 00 01 01 00 02 01 00 0d 00 00 0e 00 00 0f 00 00 10 00 00 11 00 00 00 29 00 00 39 4a 67 19 26 7c b7 00 e4
2026-06-27T15:12:15.000,1782553335000,1_1,nms rssi,38408,out,pass,160155.0,02 06 0c 00 31 00 00 00 aa aa 20 00 29 00 01 00 00 01 00 01 01 1b 06 1a 0f 0c 0f 00 00 00 00 00 00 00 00 00 00 00 00 00 00 00 00 00 00 1a 2a a2 d7
2026-06-27T15:12:15.000,1782553335000,1_1,linfo,38409,,pass,160155.0,01 02 01 00 00 00 a0 00 b6 03 b6 03 02 16 16 02 05 05 05 02 1e 00 00 00 1e 00 00 01 02 05 08 0a 1e 00 19 0f 05 05 00 00 00 3f 5a 00 05 03 03 06 06 02 04 0a b4 00 3c 00 f0 00 b8 0b 0e 05 1e 0f 08 5a 0f 02 1e 00 05 00 1e 00 78 00 0f 50 00 64 00 2c 01 b8 0b f4 01 dc 05 0a c8 00 2c 01 32 32 32 1e 2c 01 58 02 b8 0b b8 0b 64 00 f4 01 64 00 0f 05 02 78 00 78 00 19 3c 3c 02 41 42 43 44 00 00 00 00 00 00 00 00 00 00 00 00 00 00 00 00 00 00 00 00 00 00 00 00 00 00 00 00 00 00 00 00 00 00 00 00 58 59 5a 41 00 00 00 00 00 00 00 00 00 00 00 00 00 00 00 00 00 00 00 00 00 00 00 00 00 00 00 00 00 00 00 00 00 00 00 00 01 00 00 7f 51 c3 00 00 01 00 00 7f 52 c3 00 00 c0 a8 a7 f4 01 70 17 03 28 02 0f 00 00 00 41 00 00 a0 40 66 66 86 40 66 66 66 40 00 00 00 00 fa 00 64 00 50 00 50 00 dc 05 64 00 32 00 00 00 03 00 c1 4a 13 f6 01 01 4c 4f 43 4f 5f 54 43 41 53 5f 42 52 41 4b 49 4e 47 00 c3 00 00 00 72 00 6e 00 61 00 6c 00 30 ed 3f 1d c3 00 00 00 29 43 a0 64 64 96 00 fa 00 0a 00 04 04 04 03 03 04 32 09 09 32 0a 0a 46 0b 0b 64 0c 0c ff 00 00 64 00 00 00 01 00 02 00 01 3c 00 00 14 1e 37 4b 03 02 04 00 00 00 79 89 f3 f0
2026-06-27T15:12:15.000,1782553335000,1_1,dop1,38410,out,na,160155.0,0c 17 17 17 17 0c 0c 0c 0c 0c 17 17 17 17 17 17
2026-06-27T15:12:15.000,1782553335000,1_1,dop2,38411,out,na,160155.0,0c 17 17 17 17 0c 0c 0c 0c 0c 17 17 17 17 17 17
2026-06-27T15:12:16.000,1782553336000,1_1,dop1,38412,out,na,160155.0,0c 17 17 17 17 0c 0c 0c 0c 0c 17 17 17 17 17 17
2026-06-27T15:12:16.000,1782553336000,1_1,dop2,38413,out,na,160155.0,0c 17 17 17 17 0c 0c 0c 0c 0c 17 17 17 17 17 17
2026-06-27T15:12:16.000,1782553336000,1_1,dmi,38414,out,na,160155.0,aa aa 74 02 01 0a 6f 00 0f 2d 00 00 00 00 00 00 00 00 00 00 1b 06 ea 07 0f 0c 10 00 00 00 00 00 00 00 00 40 00 00 00 00 00 00 01 00 00 20 00 00 00 00 00 00 00 00 00 00 00 50 00 00 00 00 00 00 00 00 00 00 00 00 fa 00 00 00 00 00 01 00 00 0d 6a 0d 00 00 00 00 00 00 00 00 00 00 00 00 f0 3c 00 f4 01 00 00 00 00 08 06 0f 00 00 01 00 90 60 e9 aa bb bb
2026-06-27T15:12:16.000,1782553336000,1_1,dop1,38415,out,na,160155.0,0c 17 17 17 17 0c 0c 0c 0c 0c 17 17 17 17 17 17
2026-06-27T15:12:16.000,1782553336000,1_1,dop2,38416,out,na,160155.0,0c 17 17 17 17 0c 0c 0c 0c 0c 17 17 17 17 17 17
2026-06-27T15:12:16.000,1782553336000,1_1,arp,38417,out,fail,160155.0,02 07 0d 00 27 00 00 00 00 00 d3 ad 5d 10 00 01 40 00 00 07 d0 00 04 00 00 00 00 00 00 00 00 00 09 66 c0 b6 46 4e e7
2026-06-27T15:12:16.000,1782553336000,1_1,nms hlth,38418,out,pass,160155.0,02 06 0b 00 3f 00 00 00 bb bb 18 00 35 00 01 00 00 01 00 01 01 1b 06 1a 0f 0c 10 09 00 01 01 00 02 01 00 0d 00 00 0e 00 00 0f 00 00 10 00 00 11 00 00 00 29 00 00 39 4a 67 19 26 49 44 70 56
2026-06-27T15:12:16.000,1782553336000,1_1,nms rssi,38419,out,pass,160155.0,02 06 0c 00 31 00 00 00 aa aa 20 00 29 00 01 00 00 01 00 01 01 1b 06 1a 0f 0c 10 00 00 00 00 00 00 00 00 00 00 00 00 00 00 00 00 00 00 4a f7 0f 13
2026-06-27T15:12:16.000,1782553336000,1_1,linfo,38420,,pass,160155.0,01 02 01 00 00 00 a0 00 b6 03 b6 03 02 16 16 02 05 05 05 02 1e 00 00 00 1e 00 00 01 02 05 08 0a 1e 00 19 0f 05 05 00 00 00 3f 5a 00 05 03 03 06 06 02 04 0a b4 00 3c 00 f0 00 b8 0b 0e 05 1e 0f 08 5a 0f 02 1e 00 05 00 1e 00 78 00 0f 50 00 64 00 2c 01 b8 0b f4 01 dc 05 0a c8 00 2c 01 32 32 32 1e 2c 01 58 02 b8 0b b8 0b 64 00 f4 01 64 00 0f 05 02 78 00 78 00 19 3c 3c 02 41 42 43 44 00 00 00 00 00 00 00 00 00 00 00 00 00 00 00 00 00 00 00 00 00 00 00 00 00 00 00 00 00 00 00 00 00 00 00 00 58 59 5a 41 00 00 00 00 00 00 00 00 00 00 00 00 00 00 00 00 00 00 00 00 00 00 00 00 00 00 00 00 00 00 00 00 00 00 00 00 01 00 00 7f 51 c3 00 00 01 00 00 7f 52 c3 00 00 c0 a8 a7 f4 01 70 17 03 28 02 0f 00 00 00 41 00 00 a0 40 66 66 86 40 66 66 66 40 00 00 00 00 fa 00 64 00 50 00 50 00 dc 05 64 00 32 00 00 00 03 00 c1 4a 13 f6 01 01 4c 4f 43 4f 5f 54 43 41 53 5f 42 52 41 4b 49 4e 47 00 c3 00 00 00 72 00 6e 00 61 00 6c 00 30 ed 3f 1d c3 00 00 00 29 43 a0 64 64 96 00 fa 00 0a 00 04 04 04 03 03 04 32 09 09 32 0a 0a 46 0b 0b 64 0c 0c ff 00 00 64 00 00 00 01 00 02 00 01 3c 00 00 14 1e 37 4b 03 02 04 00 00 00 79 89 f3 f0
2026-06-27T15:12:16.000,1782553336000,1_1,dop1,38421,out,na,160155.0,0c 17 17 17 17 0c 0c 0c 0c 0c 17 17 17 17 17 17
2026-06-27T15:12:16.000,1782553336000,1_1,dop2,38422,out,na,160155.0,0c 17 17 17 17 0c 0c 0c 0c 0c 17 17 17 17 17 17
2026-06-27T15:12:17.000,1782553337000,1_1,dop1,38423,out,na,160155.0,0c 17 17 17 17 0c 0c 0c 0c 0c 17 17 17 17 17 17
2026-06-27T15:12:17.000,1782553337000,1_1,dop2,38424,out,na,160155.0,0c 17 17 17 17 0c 0c 0c 0c 0c 17 17 17 17 17 17
2026-06-27T15:12:17.000,1782553337000,1_1,dmi,38425,out,na,160155.0,aa aa 74 02 01 0a 6f 00 2e 2d 00 00 00 00 00 00 00 00 00 00 1b 06 ea 07 0f 0c 11 00 00 00 00 00 00 00 00 40 00 00 00 00 00 00 01 00 00 20 00 00 00 00 00 00 00 00 00 00 00 50 00 00 00 00 00 00 00 00 00 00 00 00 fa 00 00 00 00 00 01 00 00 0d 6a 0d 00 00 00 00 00 00 00 00 00 00 00 00 f0 3c 00 f4 01 00 00 00 00 08 06 0f 00 00 01 00 6d aa d1 f7 bb bb
2026-06-27T15:12:17.000,1782553337000,1_1,dop1,38426,out,na,160155.0,0c 17 17 17 17 0c 0c 0c 0c 0c 17 17 17 17 17 17
2026-06-27T15:12:17.000,1782553337000,1_1,dop2,38427,out,na,160155.0,0c 17 17 17 17 0c 0c 0c 0c 0c 17 17 17 17 17 17
2026-06-27T15:12:17.000,1782553337000,1_1,nms hlth,38428,out,pass,160155.0,02 06 0b 00 3f 00 00 00 bb bb 18 00 35 00 01 00 00 01 00 01 01 1b 06 1a 0f 0c 11 09 00 01 01 00 02 01 00 0d 00 00 0e 00 00 0f 00 00 10 00 00 11 00 00 00 29 00 00 39 4a 67 19 26 7f b6 e0 a5
2026-06-27T15:12:17.000,1782553337000,1_1,nms rssi,38429,out,pass,160155.0,02 06 0c 00 31 00 00 00 aa aa 20 00 29 00 01 00 00 01 00 01 01 1b 06 1a 0f 0c 11 00 00 00 00 00 00 00 00 00 00 00 00 00 00 00 00 00 00 9d 15 8f 4b
2026-06-27T15:12:17.000,1782553337000,1_1,linfo,38430,,pass,160155.0,01 02 01 00 00 00 a0 00 b6 03 b6 03 02 16 16 02 05 05 05 02 1e 00 00 00 1e 00 00 01 02 05 08 0a 1e 00 19 0f 05 05 00 00 00 3f 5a 00 05 03 03 06 06 02 04 0a b4 00 3c 00 f0 00 b8 0b 0e 05 1e 0f 08 5a 0f 02 1e 00 05 00 1e 00 78 00 0f 50 00 64 00 2c 01 b8 0b f4 01 dc 05 0a c8 00 2c 01 32 32 32 1e 2c 01 58 02 b8 0b b8 0b 64 00 f4 01 64 00 0f 05 02 78 00 78 00 19 3c 3c 02 41 42 43 44 00 00 00 00 00 00 00 00 00 00 00 00 00 00 00 00 00 00 00 00 00 00 00 00 00 00 00 00 00 00 00 00 00 00 00 00 58 59 5a 41 00 00 00 00 00 00 00 00 00 00 00 00 00 00 00 00 00 00 00 00 00 00 00 00 00 00 00 00 00 00 00 00 00 00 00 00 01 00 00 7f 51 c3 00 00 01 00 00 7f 52 c3 00 00 c0 a8 a7 f4 01 70 17 03 28 02 0f 00 00 00 41 00 00 a0 40 66 66 86 40 66 66 66 40 00 00 00 00 fa 00 64 00 50 00 50 00 dc 05 64 00 32 00 00 00 03 00 c1 4a 13 f6 01 01 4c 4f 43 4f 5f 54 43 41 53 5f 42 52 41 4b 49 4e 47 00 c3 00 00 00 72 00 6e 00 61 00 6c 00 30 ed 3f 1d c3 00 00 00 29 43 a0 64 64 96 00 fa 00 0a 00 04 04 04 03 03 04 32 09 09 32 0a 0a 46 0b 0b 64 0c 0c ff 00 00 64 00 00 00 01 00 02 00 01 3c 00 00 14 1e 37 4b 03 02 04 00 00 00 79 89 f3 f0
2026-06-27T15:12:17.000,1782553337000,1_1,dop1,38431,out,na,160155.0,0c 17 17 17 17 0c 0c 0c 0c 0c 17 17 17 17 17 17
2026-06-27T15:12:17.000,1782553337000,1_1,dop2,38432,out,na,160155.0,0c 17 17 17 17 0c 0c 0c 0c 0c 17 17 17 17 17 17
2026-06-27T15:12:18.000,1782553338000,1_1,dop1,38433,out,na,160155.0,0c 17 17 17 17 0c 0c 0c 0c 0c 17 17 17 17 17 17
2026-06-27T15:12:18.000,1782553338000,1_1,dop2,38434,out,na,160155.0,0c 17 17 17 17 0c 0c 0c 0c 0c 17 17 17 17 17 17
2026-06-27T15:12:18.000,1782553338000,1_1,dmi,38435,out,na,160155.0,aa aa 74 02 01 0a 6f 00 4d 2d 00 00 00 00 00 00 00 00 00 00 1b 06 ea 07 0f 0c 12 00 00 00 00 00 00 00 00 40 00 00 00 00 00 00 01 00 00 20 00 00 00 00 00 00 00 00 00 00 00 50 00 00 00 00 00 00 00 00 00 00 00 00 fa 00 00 00 00 00 01 00 00 0d 6a 0d 00 00 00 00 00 00 00 00 00 00 00 00 f0 3c 00 f4 01 00 00 00 00 08 06 0f 00 00 01 00 6a f5 98 10 bb bb
2026-06-27T15:12:18.000,1782553338000,1_1,dlsys,38436,in,fail,160155.0,0c 63 0a 04 09 01 50 01 00 00 00 00 39 05 a5 fb
2026-06-27T15:12:18.000,1782553338000,1_1,dop1,38437,out,na,160155.0,0c 17 17 17 17 0c 0c 0c 0c 0c 17 17 17 17 17 17
2026-06-27T15:12:18.000,1782553338000,1_1,dop2,38438,out,na,160155.0,0c 17 17 17 17 0c 0c 0c 0c 0c 17 17 17 17 17 17
2026-06-27T15:12:18.000,1782553338000,1_1,arp,38439,out,fail,160155.0,02 07 0d 00 27 00 00 00 00 00 d3 ad 5d 30 00 01 40 00 00 07 d0 00 04 00 00 00 00 00 00 00 00 00 09 66 c0 3e d9 dc 24
2026-06-27T15:12:18.000,1782553338000,1_1,nms hlth,38440,out,pass,160155.0,02 06 0b 00 3f 00 00 00 bb bb 18 00 35 00 01 00 00 01 00 01 01 1b 06 1a 0f 0c 12 09 00 01 01 00 02 01 00 0d 00 00 0e 00 00 0f 00 00 10 00 00 11 00 00 00 29 00 00 39 4a 67 19 26 24 a1 51 b0
2026-06-27T15:12:18.000,1782553338000,1_1,nms rssi,38441,out,pass,160155.0,02 06 0c 00 31 00 00 00 aa aa 20 00 29 00 01 00 00 01 00 01 01 1b 06 1a 0f 0c 12 00 00 00 00 00 00 00 00 00 00 00 00 00 00 00 00 00 00 3e 43 09 e2
2026-06-27T15:12:18.000,1782553338000,1_1,linfo,38442,,pass,160155.0,01 02 01 00 00 00 a0 00 b6 03 b6 03 02 16 16 02 05 05 05 02 1e 00 00 00 1e 00 00 01 02 05 08 0a 1e 00 19 0f 05 05 00 00 00 3f 5a 00 05 03 03 06 06 02 04 0a b4 00 3c 00 f0 00 b8 0b 0e 05 1e 0f 08 5a 0f 02 1e 00 05 00 1e 00 78 00 0f 50 00 64 00 2c 01 b8 0b f4 01 dc 05 0a c8 00 2c 01 32 32 32 1e 2c 01 58 02 b8 0b b8 0b 64 00 f4 01 64 00 0f 05 02 78 00 78 00 19 3c 3c 02 41 42 43 44 00 00 00 00 00 00 00 00 00 00 00 00 00 00 00 00 00 00 00 00 00 00 00 00 00 00 00 00 00 00 00 00 00 00 00 00 58 59 5a 41 00 00 00 00 00 00 00 00 00 00 00 00 00 00 00 00 00 00 00 00 00 00 00 00 00 00 00 00 00 00 00 00 00 00 00 00 01 00 00 7f 51 c3 00 00 01 00 00 7f 52 c3 00 00 c0 a8 a7 f4 01 70 17 03 28 02 0f 00 00 00 41 00 00 a0 40 66 66 86 40 66 66 66 40 00 00 00 00 fa 00 64 00 50 00 50 00 dc 05 64 00 32 00 00 00 03 00 c1 4a 13 f6 01 01 4c 4f 43 4f 5f 54 43 41 53 5f 42 52 41 4b 49 4e 47 00 c3 00 00 00 72 00 6e 00 61 00 6c 00 30 ed 3f 1d c3 00 00 00 29 43 a0 64 64 96 00 fa 00 0a 00 04 04 04 03 03 04 32 09 09 32 0a 0a 46 0b 0b 64 0c 0c ff 00 00 64 00 00 00 01 00 02 00 01 3c 00 00 14 1e 37 4b 03 02 04 00 00 00 79 89 f3 f0
2026-06-27T15:12:18.000,1782553338000,1_1,dop1,38443,out,na,160155.0,0c 17 17 17 17 0c 0c 0c 0c 0c 17 17 17 17 17 17
2026-06-27T15:12:18.000,1782553338000,1_1,dop2,38444,out,na,160155.0,0c 17 17 17 17 0c 0c 0c 0c 0c 17 17 17 17 17 17
2026-06-27T15:12:19.000,1782553339000,1_1,dop1,38445,out,na,160155.0,0c 17 17 17 17 0c 0c 0c 0c 0c 17 17 17 17 17 17
2026-06-27T15:12:19.000,1782553339000,1_1,dop2,38446,out,na,160155.0,0c 17 17 17 17 0c 0c 0c 0c 0c 17 17 17 17 17 17
2026-06-27T15:12:19.000,1782553339000,1_1,dmi,38447,out,na,160155.0,aa aa 74 02 01 0a 6f 00 6c 2d 00 00 00 00 00 00 00 00 00 00 1b 06 ea 07 0f 0c 13 00 00 00 00 00 00 00 00 40 00 00 00 00 00 00 01 00 00 20 00 00 00 00 00 00 00 00 00 00 00 50 00 00 00 00 00 00 00 00 00 00 00 00 fa 00 00 00 00 00 01 00 00 0d 6a 0d 00 00 00 00 00 00 00 00 00 00 00 00 f0 3c 00 f4 01 00 00 00 00 08 06 0f 00 00 01 00 97 3f a0 4d bb bb
2026-06-27T15:12:19.000,1782553339000,1_1,dop1,38448,out,na,160155.0,0c 17 17 17 17 0c 0c 0c 0c 0c 17 17 17 17 17 17
2026-06-27T15:12:19.000,1782553339000,1_1,dop2,38449,out,na,160155.0,0c 17 17 17 17 0c 0c 0c 0c 0c 17 17 17 17 17 17
2026-06-27T15:12:19.000,1782553339000,1_1,nms hlth,38450,out,pass,160155.0,02 06 0b 00 3f 00 00 00 bb bb 18 00 35 00 01 00 00 01 00 01 01 1b 06 1a 0f 0c 13 09 00 01 01 00 02 01 00 0d 00 00 0e 00 00 0f 00 00 10 00 00 11 00 00 00 29 00 00 39 4a 67 19 26 12 53 c1 43
2026-06-27T15:12:19.000,1782553339000,1_1,nms rssi,38451,out,pass,160155.0,02 06 0c 00 31 00 00 00 aa aa 20 00 29 00 01 00 00 01 00 01 01 1b 06 1a 0f 0c 13 00 00 00 00 00 00 00 00 00 00 00 00 00 00 00 00 00 00 e9 a1 89 ba
2026-06-27T15:12:19.000,1782553339000,1_1,linfo,38452,,pass,160155.0,01 02 01 00 00 00 a0 00 b6 03 b6 03 02 16 16 02 05 05 05 02 1e 00 00 00 1e 00 00 01 02 05 08 0a 1e 00 19 0f 05 05 00 00 00 3f 5a 00 05 03 03 06 06 02 04 0a b4 00 3c 00 f0 00 b8 0b 0e 05 1e 0f 08 5a 0f 02 1e 00 05 00 1e 00 78 00 0f 50 00 64 00 2c 01 b8 0b f4 01 dc 05 0a c8 00 2c 01 32 32 32 1e 2c 01 58 02 b8 0b b8 0b 64 00 f4 01 64 00 0f 05 02 78 00 78 00 19 3c 3c 02 41 42 43 44 00 00 00 00 00 00 00 00 00 00 00 00 00 00 00 00 00 00 00 00 00 00 00 00 00 00 00 00 00 00 00 00 00 00 00 00 58 59 5a 41 00 00 00 00 00 00 00 00 00 00 00 00 00 00 00 00 00 00 00 00 00 00 00 00 00 00 00 00 00 00 00 00 00 00 00 00 01 00 00 7f 51 c3 00 00 01 00 00 7f 52 c3 00 00 c0 a8 a7 f4 01 70 17 03 28 02 0f 00 00 00 41 00 00 a0 40 66 66 86 40 66 66 66 40 00 00 00 00 fa 00 64 00 50 00 50 00 dc 05 64 00 32 00 00 00 03 00 c1 4a 13 f6 01 01 4c 4f 43 4f 5f 54 43 41 53 5f 42 52 41 4b 49 4e 47 00 c3 00 00 00 72 00 6e 00 61 00 6c 00 30 ed 3f 1d c3 00 00 00 29 43 a0 64 64 96 00 fa 00 0a 00 04 04 04 03 03 04 32 09 09 32 0a 0a 46 0b 0b 64 0c 0c ff 00 00 64 00 00 00 01 00 02 00 01 3c 00 00 14 1e 37 4b 03 02 04 00 00 00 79 89 f3 f0
2026-06-27T15:12:19.000,1782553339000,1_1,dop1,38453,out,na,160155.0,0c 17 17 17 17 0c 0c 0c 0c 0c 17 17 17 17 17 17
2026-06-27T15:12:19.000,1782553339000,1_1,dop2,38454,out,na,160155.0,0c 17 17 17 17 0c 0c 0c 0c 0c 17 17 17 17 17 17
2026-06-27T15:12:20.000,1782553340000,1_1,ccsys,38455,in,fail,160155.0,03 01 01 00 00 00 00 00 00 00 00 00 00 00 00 00 00 00 00 00 00 00 00 00 00 00 00 00 00 03 01 01 14 14 00 00 00 00 03 03 00 00 00 00 1c 1c 33 33 00 00 00 00
2026-06-27T15:12:20.000,1782553340000,1_1,dop1,38456,out,na,160155.0,0c 17 17 17 17 0c 0c 0c 0c 0c 17 17 17 17 17 17
2026-06-27T15:12:20.000,1782553340000,1_1,dop2,38457,out,na,160155.0,0c 17 17 17 17 0c 0c 0c 0c 0c 17 17 17 17 17 17
2026-06-27T15:12:20.000,1782553340000,1_1,dmi,38458,out,na,160155.0,aa aa 74 02 01 0a 6f 00 8c 2d 00 00 00 00 00 00 00 00 00 00 1b 06 ea 07 0f 0c 14 00 00 00 00 00 00 00 00 40 00 00 00 00 00 00 01 00 00 20 00 00 00 00 00 00 00 00 00 00 00 50 00 00 00 00 00 00 00 00 00 00 00 00 fa 00 00 00 00 00 01 00 00 0d 6a 0d 00 00 00 00 00 00 00 00 00 00 00 00 f0 3c 00 f4 01 00 00 00 00 08 06 0f 00 00 01 00 44 f2 03 b3 bb bb
2026-06-27T15:12:20.000,1782553340000,1_1,dop1,38459,out,na,160155.0,0c 17 17 17 17 0c 0c 0c 0c 0c 17 17 17 17 17 17
2026-06-27T15:12:20.000,1782553340000,1_1,dop2,38460,out,na,160155.0,0c 17 17 17 17 0c 0c 0c 0c 0c 17 17 17 17 17 17
2026-06-27T15:12:20.000,1782553340000,1_1,arp,38461,out,fail,160155.0,02 07 0d 00 27 00 00 00 00 00 d3 ad 5d 50 00 01 40 00 00 07 d0 00 04 00 00 00 00 00 00 00 00 00 09 66 c0 7c 08 6d 20
2026-06-27T15:12:20.000,1782553340000,1_1,nms hlth,38462,out,pass,160155.0,02 06 0b 00 3f 00 00 00 bb bb 18 00 35 00 01 00 00 01 00 01 01 1b 06 1a 0f 0c 14 09 00 01 01 00 02 01 00 0d 00 00 0e 00 00 0f 00 00 10 00 00 11 00 00 00 29 00 00 39 4a 67 19 26 92 8e 33 9a
2026-06-27T15:12:20.000,1782553340000,1_1,nms rssi,38463,out,pass,160155.0,02 06 0c 00 31 00 00 00 aa aa 20 00 29 00 01 00 00 01 00 01 01 1b 06 1a 0f 0c 14 00 00 00 00 00 00 00 00 00 00 00 00 00 00 00 00 00 00 a3 9f 02 f1
2026-06-27T15:12:20.000,1782553340000,1_1,linfo,38464,,pass,160155.0,01 02 01 00 00 00 a0 00 b6 03 b6 03 02 16 16 02 05 05 05 02 1e 00 00 00 1e 00 00 01 02 05 08 0a 1e 00 19 0f 05 05 00 00 00 3f 5a 00 05 03 03 06 06 02 04 0a b4 00 3c 00 f0 00 b8 0b 0e 05 1e 0f 08 5a 0f 02 1e 00 05 00 1e 00 78 00 0f 50 00 64 00 2c 01 b8 0b f4 01 dc 05 0a c8 00 2c 01 32 32 32 1e 2c 01 58 02 b8 0b b8 0b 64 00 f4 01 64 00 0f 05 02 78 00 78 00 19 3c 3c 02 41 42 43 44 00 00 00 00 00 00 00 00 00 00 00 00 00 00 00 00 00 00 00 00 00 00 00 00 00 00 00 00 00 00 00 00 00 00 00 00 58 59 5a 41 00 00 00 00 00 00 00 00 00 00 00 00 00 00 00 00 00 00 00 00 00 00 00 00 00 00 00 00 00 00 00 00 00 00 00 00 01 00 00 7f 51 c3 00 00 01 00 00 7f 52 c3 00 00 c0 a8 a7 f4 01 70 17 03 28 02 0f 00 00 00 41 00 00 a0 40 66 66 86 40 66 66 66 40 00 00 00 00 fa 00 64 00 50 00 50 00 dc 05 64 00 32 00 00 00 03 00 c1 4a 13 f6 01 01 4c 4f 43 4f 5f 54 43 41 53 5f 42 52 41 4b 49 4e 47 00 c3 00 00 00 72 00 6e 00 61 00 6c 00 30 ed 3f 1d c3 00 00 00 29 43 a0 64 64 96 00 fa 00 0a 00 04 04 04 03 03 04 32 09 09 32 0a 0a 46 0b 0b 64 0c 0c ff 00 00 64 00 00 00 01 00 02 00 01 3c 00 00 14 1e 37 4b 03 02 04 00 00 00 79 89 f3 f0
2026-06-27T15:12:20.000,1782553340000,1_1,dop1,38465,out,na,160155.0,0c 17 17 17 17 0c 0c 0c 0c 0c 17 17 17 17 17 17
2026-06-27T15:12:20.000,1782553340000,1_1,dop2,38466,out,na,160155.0,0c 17 17 17 17 0c 0c 0c 0c 0c 17 17 17 17 17 17
2026-06-27T15:12:21.000,1782553341000,1_1,dop1,38467,out,na,160155.0,0c 17 17 17 17 0c 0c 0c 0c 0c 17 17 17 17 17 17
2026-06-27T15:12:21.000,1782553341000,1_1,dop2,38468,out,na,160155.0,0c 17 17 17 17 0c 0c 0c 0c 0c 17 17 17 17 17 17
2026-06-27T15:12:21.000,1782553341000,1_1,dmi,38469,out,na,160155.0,aa aa 74 02 01 0a 6f 00 ab 2d 00 00 00 00 00 00 00 00 00 00 1b 06 ea 07 0f 0c 15 00 00 00 00 00 00 00 00 40 00 00 00 00 00 00 01 00 00 20 00 00 00 00 00 00 00 00 00 00 00 50 00 00 00 00 00 00 00 00 00 00 00 00 fa 00 00 00 00 00 01 00 00 0d 6a 0d 00 00 00 00 00 00 00 00 00 00 00 00 f0 3c 00 f4 01 00 00 00 00 08 06 0f 00 00 01 00 95 61 ab ee bb bb
2026-06-27T15:12:21.000,1782553341000,1_1,dop1,38470,out,na,160155.0,0c 17 17 17 17 0c 0c 0c 0c 0c 17 17 17 17 17 17
2026-06-27T15:12:21.000,1782553341000,1_1,dop2,38471,out,na,160155.0,0c 17 17 17 17 0c 0c 0c 0c 0c 17 17 17 17 17 17
2026-06-27T15:12:21.000,1782553341000,1_1,nms hlth,38472,out,pass,160155.0,02 06 0b 00 3f 00 00 00 bb bb 18 00 35 00 01 00 00 01 00 01 01 1b 06 1a 0f 0c 15 09 00 01 01 00 02 01 00 0d 00 00 0e 00 00 0f 00 00 10 00 00 11 00 00 00 29 00 00 39 4a 67 19 26 a4 7c a3 69
2026-06-27T15:12:21.000,1782553341000,1_1,nms rssi,38473,out,pass,160155.0,02 06 0c 00 31 00 00 00 aa aa 20 00 29 00 01 00 00 01 00 01 01 1b 06 1a 0f 0c 15 00 00 00 00 00 00 00 00 00 00 00 00 00 00 00 00 00 00 74 7d 82 a9
2026-06-27T15:12:21.000,1782553341000,1_1,linfo,38474,,pass,160155.0,01 02 01 00 00 00 a0 00 b6 03 b6 03 02 16 16 02 05 05 05 02 1e 00 00 00 1e 00 00 01 02 05 08 0a 1e 00 19 0f 05 05 00 00 00 3f 5a 00 05 03 03 06 06 02 04 0a b4 00 3c 00 f0 00 b8 0b 0e 05 1e 0f 08 5a 0f 02 1e 00 05 00 1e 00 78 00 0f 50 00 64 00 2c 01 b8 0b f4 01 dc 05 0a c8 00 2c 01 32 32 32 1e 2c 01 58 02 b8 0b b8 0b 64 00 f4 01 64 00 0f 05 02 78 00 78 00 19 3c 3c 02 41 42 43 44 00 00 00 00 00 00 00 00 00 00 00 00 00 00 00 00 00 00 00 00 00 00 00 00 00 00 00 00 00 00 00 00 00 00 00 00 58 59 5a 41 00 00 00 00 00 00 00 00 00 00 00 00 00 00 00 00 00 00 00 00 00 00 00 00 00 00 00 00 00 00 00 00 00 00 00 00 01 00 00 7f 51 c3 00 00 01 00 00 7f 52 c3 00 00 c0 a8 a7 f4 01 70 17 03 28 02 0f 00 00 00 41 00 00 a0 40 66 66 86 40 66 66 66 40 00 00 00 00 fa 00 64 00 50 00 50 00 dc 05 64 00 32 00 00 00 03 00 c1 4a 13 f6 01 01 4c 4f 43 4f 5f 54 43 41 53 5f 42 52 41 4b 49 4e 47 00 c3 00 00 00 72 00 6e 00 61 00 6c 00 30 ed 3f 1d c3 00 00 00 29 43 a0 64 64 96 00 fa 00 0a 00 04 04 04 03 03 04 32 09 09 32 0a 0a 46 0b 0b 64 0c 0c ff 00 00 64 00 00 00 01 00 02 00 01 3c 00 00 14 1e 37 4b 03 02 04 00 00 00 79 89 f3 f0
2026-06-27T15:12:21.000,1782553341000,1_1,dop1,38475,out,na,160155.0,0c 17 17 17 17 0c 0c 0c 0c 0c 17 17 17 17 17 17
2026-06-27T15:12:21.000,1782553341000,1_1,dop2,38476,out,na,160155.0,0c 17 17 17 17 0c 0c 0c 0c 0c 17 17 17 17 17 17
2026-06-27T15:12:22.000,1782553342000,1_1,dop1,38477,out,na,160155.0,0c 17 17 17 17 0c 0c 0c 0c 0c 17 17 17 17 17 17
2026-06-27T15:12:22.000,1782553342000,1_1,dop2,38478,out,na,160155.0,0c 17 17 17 17 0c 0c 0c 0c 0c 17 17 17 17 17 17
2026-06-27T15:12:22.000,1782553342000,1_1,dmi,38479,out,na,160155.0,aa aa 74 02 01 0a 6f 00 cb 2d 00 00 00 00 00 00 00 00 00 00 1b 06 ea 07 0f 0c 16 00 00 00 00 00 00 00 00 40 00 00 00 00 00 00 01 00 00 20 00 00 00 00 00 00 00 00 00 00 00 50 00 00 00 00 00 00 00 00 00 00 00 00 fa 00 00 00 00 00 01 00 00 0d 6a 0d 00 00 00 00 00 00 00 00 00 00 00 00 f0 3c 00 f4 01 00 00 00 00 08 06 0f 00 00 01 00 04 12 aa 09 bb bb
2026-06-27T15:12:22.000,1782553342000,1_1,dop1,38480,out,na,160155.0,0c 17 17 17 17 0c 0c 0c 0c 0c 17 17 17 17 17 17
2026-06-27T15:12:22.000,1782553342000,1_1,dop2,38481,out,na,160155.0,0c 17 17 17 17 0c 0c 0c 0c 0c 17 17 17 17 17 17
2026-06-27T15:12:22.000,1782553342000,1_1,arp,38482,out,fail,160155.0,02 07 0d 00 27 00 00 00 00 00 d3 ad 5d 70 00 01 40 00 00 07 d0 00 04 00 00 00 00 00 00 00 00 00 09 66 c0 f4 97 ff e3
2026-06-27T15:12:22.000,1782553342000,1_1,nms hlth,38483,out,pass,160155.0,02 06 0b 00 3f 00 00 00 bb bb 18 00 35 00 01 00 00 01 00 01 01 1b 06 1a 0f 0c 16 09 00 01 01 00 02 01 00 0d 00 00 0e 00 00 0f 00 00 10 00 00 11 00 00 00 29 00 00 39 4a 67 19 26 ff 6b 12 7c
2026-06-27T15:12:22.000,1782553342000,1_1,nms rssi,38484,out,pass,160155.0,02 06 0c 00 31 00 00 00 aa aa 20 00 29 00 01 00 00 01 00 01 01 1b 06 1a 0f 0c 16 00 00 00 00 00 00 00 00 00 00 00 00 00 00 00 00 00 00 d7 2b 04 00
2026-06-27T15:12:22.000,1782553342000,1_1,linfo,38485,,pass,160155.0,01 02 01 00 00 00 a0 00 b6 03 b6 03 02 16 16 02 05 05 05 02 1e 00 00 00 1e 00 00 01 02 05 08 0a 1e 00 19 0f 05 05 00 00 00 3f 5a 00 05 03 03 06 06 02 04 0a b4 00 3c 00 f0 00 b8 0b 0e 05 1e 0f 08 5a 0f 02 1e 00 05 00 1e 00 78 00 0f 50 00 64 00 2c 01 b8 0b f4 01 dc 05 0a c8 00 2c 01 32 32 32 1e 2c 01 58 02 b8 0b b8 0b 64 00 f4 01 64 00 0f 05 02 78 00 78 00 19 3c 3c 02 41 42 43 44 00 00 00 00 00 00 00 00 00 00 00 00 00 00 00 00 00 00 00 00 00 00 00 00 00 00 00 00 00 00 00 00 00 00 00 00 58 59 5a 41 00 00 00 00 00 00 00 00 00 00 00 00 00 00 00 00 00 00 00 00 00 00 00 00 00 00 00 00 00 00 00 00 00 00 00 00 01 00 00 7f 51 c3 00 00 01 00 00 7f 52 c3 00 00 c0 a8 a7 f4 01 70 17 03 28 02 0f 00 00 00 41 00 00 a0 40 66 66 86 40 66 66 66 40 00 00 00 00 fa 00 64 00 50 00 50 00 dc 05 64 00 32 00 00 00 03 00 c1 4a 13 f6 01 01 4c 4f 43 4f 5f 54 43 41 53 5f 42 52 41 4b 49 4e 47 00 c3 00 00 00 72 00 6e 00 61 00 6c 00 30 ed 3f 1d c3 00 00 00 29 43 a0 64 64 96 00 fa 00 0a 00 04 04 04 03 03 04 32 09 09 32 0a 0a 46 0b 0b 64 0c 0c ff 00 00 64 00 00 00 01 00 02 00 01 3c 00 00 14 1e 37 4b 03 02 04 00 00 00 79 89 f3 f0
2026-06-27T15:12:22.000,1782553342000,1_1,dop1,38486,out,na,160155.0,0c 17 17 17 17 0c 0c 0c 0c 0c 17 17 17 17 17 17
2026-06-27T15:12:22.000,1782553342000,1_1,dop2,38487,out,na,160155.0,0c 17 17 17 17 0c 0c 0c 0c 0c 17 17 17 17 17 17
2026-06-27T15:12:22.000,1782553342000,1_1,dop1,38488,out,na,160155.0,0c 17 17 17 17 0c 0c 0c 0c 0c 17 17 17 17 17 17
2026-06-27T15:12:22.000,1782553342000,1_1,dop2,38489,out,na,160155.0,0c 17 17 17 17 0c 0c 0c 0c 0c 17 17 17 17 17 17
2026-06-27T15:12:23.000,1782553343000,1_1,dmi,38490,out,na,160155.0,aa aa 74 02 01 0a 6f 00 ea 2d 00 00 00 00 00 00 00 00 00 00 1b 06 ea 07 0f 0c 17 00 00 00 00 00 00 00 00 40 00 00 00 00 00 00 01 00 00 20 00 00 00 00 00 00 00 00 00 00 00 50 00 00 00 00 00 00 00 00 00 00 00 00 fa 00 00 00 00 00 01 00 00 0d 6a 0d 00 00 00 00 00 00 00 00 00 00 00 00 f0 3c 00 f4 01 00 00 00 00 08 06 0f 00 00 01 00 f9 d8 92 54 bb bb
2026-06-27T15:12:23.000,1782553343000,1_1,dop1,38491,out,na,160155.0,0c 17 17 17 17 0c 0c 0c 0c 0c 17 17 17 17 17 17
2026-06-27T15:12:23.000,1782553343000,1_1,dop2,38492,out,na,160155.0,0c 17 17 17 17 0c 0c 0c 0c 0c 17 17 17 17 17 17
2026-06-27T15:12:23.000,1782553343000,1_1,nms hlth,38493,out,pass,160155.0,02 06 0b 00 3f 00 00 00 bb bb 18 00 35 00 01 00 00 01 00 01 01 1b 06 1a 0f 0c 17 09 00 01 01 00 02 01 00 0d 00 00 0e 00 00 0f 00 00 10 00 00 11 00 00 00 29 00 00 39 4a 67 19 26 c9 99 82 8f
2026-06-27T15:12:23.000,1782553343000,1_1,nms rssi,38494,out,pass,160155.0,02 06 0c 00 31 00 00 00 aa aa 20 00 29 00 01 00 00 01 00 01 01 1b 06 1a 0f 0c 17 00 00 00 00 00 00 00 00 00 00 00 00 00 00 00 00 00 00 00 c9 84 58
2026-06-27T15:12:23.000,1782553343000,1_1,linfo,38495,,pass,160155.0,01 02 01 00 00 00 a0 00 b6 03 b6 03 02 16 16 02 05 05 05 02 1e 00 00 00 1e 00 00 01 02 05 08 0a 1e 00 19 0f 05 05 00 00 00 3f 5a 00 05 03 03 06 06 02 04 0a b4 00 3c 00 f0 00 b8 0b 0e 05 1e 0f 08 5a 0f 02 1e 00 05 00 1e 00 78 00 0f 50 00 64 00 2c 01 b8 0b f4 01 dc 05 0a c8 00 2c 01 32 32 32 1e 2c 01 58 02 b8 0b b8 0b 64 00 f4 01 64 00 0f 05 02 78 00 78 00 19 3c 3c 02 41 42 43 44 00 00 00 00 00 00 00 00 00 00 00 00 00 00 00 00 00 00 00 00 00 00 00 00 00 00 00 00 00 00 00 00 00 00 00 00 58 59 5a 41 00 00 00 00 00 00 00 00 00 00 00 00 00 00 00 00 00 00 00 00 00 00 00 00 00 00 00 00 00 00 00 00 00 00 00 00 01 00 00 7f 51 c3 00 00 01 00 00 7f 52 c3 00 00 c0 a8 a7 f4 01 70 17 03 28 02 0f 00 00 00 41 00 00 a0 40 66 66 86 40 66 66 66 40 00 00 00 00 fa 00 64 00 50 00 50 00 dc 05 64 00 32 00 00 00 03 00 c1 4a 13 f6 01 01 4c 4f 43 4f 5f 54 43 41 53 5f 42 52 41 4b 49 4e 47 00 c3 00 00 00 72 00 6e 00 61 00 6c 00 30 ed 3f 1d c3 00 00 00 29 43 a0 64 64 96 00 fa 00 0a 00 04 04 04 03 03 04 32 09 09 32 0a 0a 46 0b 0b 64 0c 0c ff 00 00 64 00 00 00 01 00 02 00 01 3c 00 00 14 1e 37 4b 03 02 04 00 00 00 79 89 f3 f0
2026-06-27T15:12:23.000,1782553343000,1_1,dop1,38496,out,na,160155.0,0c 17 17 17 17 0c 0c 0c 0c 0c 17 17 17 17 17 17
2026-06-27T15:12:23.000,1782553343000,1_1,dop2,38497,out,na,160155.0,0c 17 17 17 17 0c 0c 0c 0c 0c 17 17 17 17 17 17
2026-06-27T15:12:23.000,1782553343000,1_1,dop1,38498,out,na,160155.0,0c 17 17 17 17 0c 0c 0c 0c 0c 17 17 17 17 17 17
2026-06-27T15:12:23.000,1782553343000,1_1,dop2,38499,out,na,160155.0,0c 17 17 17 17 0c 0c 0c 0c 0c 17 17 17 17 17 17
2026-06-27T15:12:24.000,1782553344000,1_1,dmi,38500,out,na,160155.0,aa aa 74 02 01 0a 6f 00 09 2e 00 00 00 00 00 00 00 00 00 00 1b 06 ea 07 0f 0c 18 00 00 00 00 00 00 00 00 40 00 00 00 00 00 00 01 00 00 20 00 00 00 00 00 00 00 00 00 00 00 50 00 00 00 00 00 00 00 00 00 00 00 00 fa 00 00 00 00 00 01 00 00 0d 6a 0d 00 00 00 00 00 00 00 00 00 00 00 00 f0 3c 00 f4 01 00 00 00 00 08 06 0f 00 00 01 00 07 a3 db 5f bb bb
2026-06-27T15:12:24.000,1782553344000,1_1,dop1,38501,out,na,160155.0,0c 17 17 17 17 0c 0c 0c 0c 0c 17 17 17 17 17 17
2026-06-27T15:12:24.000,1782553344000,1_1,dop2,38502,out,na,160155.0,0c 17 17 17 17 0c 0c 0c 0c 0c 17 17 17 17 17 17
2026-06-27T15:12:24.000,1782553344000,1_1,arp,38503,out,fail,160155.0,02 07 0d 00 27 00 00 00 00 00 d3 ad 5d 90 00 01 40 00 00 07 d0 00 04 00 00 00 00 00 00 00 00 00 09 66 c0 f9 ab 0f 28
2026-06-27T15:12:24.000,1782553344000,1_1,nms hlth,38504,out,pass,160155.0,02 06 0b 00 3f 00 00 00 bb bb 18 00 35 00 01 00 00 01 00 01 01 1b 06 1a 0f 0c 18 09 00 01 01 00 02 01 00 0d 00 00 0e 00 00 0f 00 00 10 00 00 11 00 00 00 29 00 00 39 4a 67 19 26 25 a1 f1 8f
2026-06-27T15:12:24.000,1782553344000,1_1,nms rssi,38505,out,pass,160155.0,02 06 0c 00 31 00 00 00 aa aa 20 00 29 00 01 00 00 01 00 01 01 1b 06 1a 0f 0c 18 00 00 00 00 00 00 00 00 00 00 00 00 00 00 00 00 00 00 43 56 12 96
2026-06-27T15:12:24.000,1782553344000,1_1,linfo,38506,,pass,160155.0,01 02 01 00 00 00 a0 00 b6 03 b6 03 02 16 16 02 05 05 05 02 1e 00 00 00 1e 00 00 01 02 05 08 0a 1e 00 19 0f 05 05 00 00 00 3f 5a 00 05 03 03 06 06 02 04 0a b4 00 3c 00 f0 00 b8 0b 0e 05 1e 0f 08 5a 0f 02 1e 00 05 00 1e 00 78 00 0f 50 00 64 00 2c 01 b8 0b f4 01 dc 05 0a c8 00 2c 01 32 32 32 1e 2c 01 58 02 b8 0b b8 0b 64 00 f4 01 64 00 0f 05 02 78 00 78 00 19 3c 3c 02 41 42 43 44 00 00 00 00 00 00 00 00 00 00 00 00 00 00 00 00 00 00 00 00 00 00 00 00 00 00 00 00 00 00 00 00 00 00 00 00 58 59 5a 41 00 00 00 00 00 00 00 00 00 00 00 00 00 00 00 00 00 00 00 00 00 00 00 00 00 00 00 00 00 00 00 00 00 00 00 00 01 00 00 7f 51 c3 00 00 01 00 00 7f 52 c3 00 00 c0 a8 a7 f4 01 70 17 03 28 02 0f 00 00 00 41 00 00 a0 40 66 66 86 40 66 66 66 40 00 00 00 00 fa 00 64 00 50 00 50 00 dc 05 64 00 32 00 00 00 03 00 c1 4a 13 f6 01 01 4c 4f 43 4f 5f 54 43 41 53 5f 42 52 41 4b 49 4e 47 00 c3 00 00 00 72 00 6e 00 61 00 6c 00 30 ed 3f 1d c3 00 00 00 29 43 a0 64 64 96 00 fa 00 0a 00 04 04 04 03 03 04 32 09 09 32 0a 0a 46 0b 0b 64 0c 0c ff 00 00 64 00 00 00 01 00 02 00 01 3c 00 00 14 1e 37 4b 03 02 04 00 00 00 79 89 f3 f0
2026-06-27T15:12:24.000,1782553344000,1_1,dop1,38507,out,na,160155.0,0c 17 17 17 17 0c 0c 0c 0c 0c 17 17 17 17 17 17
2026-06-27T15:12:24.000,1782553344000,1_1,dop2,38508,out,na,160155.0,0c 17 17 17 17 0c 0c 0c 0c 0c 17 17 17 17 17 17
2026-06-27T15:12:24.000,1782553344000,1_1,dop1,38509,out,na,160155.0,0c 17 17 17 17 0c 0c 0c 0c 0c 17 17 17 17 17 17
2026-06-27T15:12:24.000,1782553344000,1_1,dop2,38510,out,na,160155.0,0c 17 17 17 17 0c 0c 0c 0c 0c 17 17 17 17 17 17
2026-06-27T15:12:24.000,1782553344000,1_1,ccsys,38511,in,fail,160155.0,03 01 01 00 00 00 00 00 00 00 00 00 00 00 00 00 00 00 00 00 00 00 00 00 00 00 00 00 00 03 01 01 19 19 00 00 00 00 03 03 00 00 00 00 1c 1c 33 33 00 00 00 00
2026-06-27T15:12:25.000,1782553345000,1_1,dmi,38512,out,na,160155.0,aa aa 74 02 01 0a 6f 00 28 2e 00 00 00 00 00 00 00 00 00 00 1b 06 ea 07 0f 0c 19 00 00 00 00 00 00 00 00 40 00 00 00 00 00 00 01 00 00 20 00 00 00 00 00 00 00 00 00 00 00 50 00 00 00 00 00 00 00 00 00 00 00 00 fa 00 00 00 00 00 01 00 00 0d 6a 0d 00 00 00 00 00 00 00 00 00 00 00 00 f0 3c 00 f4 01 00 00 00 00 08 06 0f 00 00 01 00 fa 69 e3 02 bb bb
2026-06-27T15:12:25.000,1782553345000,1_1,dop1,38513,out,na,160155.0,0c 17 17 17 17 0c 0c 0c 0c 0c 17 17 17 17 17 17
2026-06-27T15:12:25.000,1782553345000,1_1,dop2,38514,out,na,160155.0,0c 17 17 17 17 0c 0c 0c 0c 0c 17 17 17 17 17 17
2026-06-27T15:12:25.000,1782553345000,1_1,nms hlth,38515,out,pass,160155.0,02 06 0b 00 3f 00 00 00 bb bb 18 00 35 00 01 00 00 01 00 01 01 1b 06 1a 0f 0c 19 09 00 01 01 00 02 01 00 0d 00 00 0e 00 00 0f 00 00 10 00 00 11 00 00 00 29 00 00 39 4a 67 19 26 13 53 61 7c
2026-06-27T15:12:25.000,1782553345000,1_1,nms rssi,38516,out,pass,160155.0,02 06 0c 00 31 00 00 00 aa aa 20 00 29 00 01 00 00 01 00 01 01 1b 06 1a 0f 0c 19 00 00 00 00 00 00 00 00 00 00 00 00 00 00 00 00 00 00 94 b4 92 ce
2026-06-27T15:12:25.000,1782553345000,1_1,linfo,38517,,pass,160155.0,01 02 01 00 00 00 a0 00 b6 03 b6 03 02 16 16 02 05 05 05 02 1e 00 00 00 1e 00 00 01 02 05 08 0a 1e 00 19 0f 05 05 00 00 00 3f 5a 00 05 03 03 06 06 02 04 0a b4 00 3c 00 f0 00 b8 0b 0e 05 1e 0f 08 5a 0f 02 1e 00 05 00 1e 00 78 00 0f 50 00 64 00 2c 01 b8 0b f4 01 dc 05 0a c8 00 2c 01 32 32 32 1e 2c 01 58 02 b8 0b b8 0b 64 00 f4 01 64 00 0f 05 02 78 00 78 00 19 3c 3c 02 41 42 43 44 00 00 00 00 00 00 00 00 00 00 00 00 00 00 00 00 00 00 00 00 00 00 00 00 00 00 00 00 00 00 00 00 00 00 00 00 58 59 5a 41 00 00 00 00 00 00 00 00 00 00 00 00 00 00 00 00 00 00 00 00 00 00 00 00 00 00 00 00 00 00 00 00 00 00 00 00 01 00 00 7f 51 c3 00 00 01 00 00 7f 52 c3 00 00 c0 a8 a7 f4 01 70 17 03 28 02 0f 00 00 00 41 00 00 a0 40 66 66 86 40 66 66 66 40 00 00 00 00 fa 00 64 00 50 00 50 00 dc 05 64 00 32 00 00 00 03 00 c1 4a 13 f6 01 01 4c 4f 43 4f 5f 54 43 41 53 5f 42 52 41 4b 49 4e 47 00 c3 00 00 00 72 00 6e 00 61 00 6c 00 30 ed 3f 1d c3 00 00 00 29 43 a0 64 64 96 00 fa 00 0a 00 04 04 04 03 03 04 32 09 09 32 0a 0a 46 0b 0b 64 0c 0c ff 00 00 64 00 00 00 01 00 02 00 01 3c 00 00 14 1e 37 4b 03 02 04 00 00 00 79 89 f3 f0
2026-06-27T15:12:25.000,1782553345000,1_1,dop1,38518,out,na,160155.0,0c 17 17 17 17 0c 0c 0c 0c 0c 17 17 17 17 17 17
2026-06-27T15:12:25.000,1782553345000,1_1,dop2,38519,out,na,160155.0,0c 17 17 17 17 0c 0c 0c 0c 0c 17 17 17 17 17 17
2026-06-27T15:12:25.000,1782553345000,1_1,dop1,38520,out,na,160155.0,0c 17 17 17 17 0c 0c 0c 0c 0c 17 17 17 17 17 17
2026-06-27T15:12:25.000,1782553345000,1_1,dop2,38521,out,na,160155.0,0c 17 17 17 17 0c 0c 0c 0c 0c 17 17 17 17 17 17
2026-06-27T15:12:26.000,1782553346000,1_1,dmi,38522,out,na,160155.0,aa aa 74 02 01 0a 6f 00 47 2e 00 00 00 00 00 00 00 00 00 00 1b 06 ea 07 0f 0c 1a 00 00 00 00 00 00 00 00 40 00 00 00 00 00 00 01 00 00 20 00 00 00 00 00 00 00 00 00 00 00 50 00 00 00 00 00 00 00 00 00 00 00 00 fa 00 00 00 00 00 01 00 00 0d 6a 0d 00 00 00 00 00 00 00 00 00 00 00 00 f0 3c 00 f4 01 00 00 00 00 08 06 0f 00 00 01 00 a5 84 8a e4 bb bb
2026-06-27T15:12:26.000,1782553346000,1_1,dop1,38523,out,na,160155.0,0c 17 17 17 17 0c 0c 0c 0c 0c 17 17 17 17 17 17
2026-06-27T15:12:26.000,1782553346000,1_1,dop2,38524,out,na,160155.0,0c 17 17 17 17 0c 0c 0c 0c 0c 17 17 17 17 17 17
2026-06-27T15:12:26.000,1782553346000,1_1,arp,38525,out,fail,160155.0,02 07 0d 00 27 00 00 00 00 00 d3 ad 5d b0 00 01 40 00 00 07 d0 00 04 00 00 00 00 00 00 00 00 00 09 66 c0 71 34 9d eb
2026-06-27T15:12:26.000,1782553346000,1_1,nms hlth,38526,out,pass,160155.0,02 06 0b 00 3f 00 00 00 bb bb 18 00 35 00 01 00 00 01 00 01 01 1b 06 1a 0f 0c 1a 09 00 01 01 00 02 01 00 0d 00 00 0e 00 00 0f 00 00 10 00 00 11 00 00 00 29 00 00 39 4a 67 19 26 48 44 d0 69
2026-06-27T15:12:26.000,1782553346000,1_1,nms rssi,38527,out,pass,160155.0,02 06 0c 00 31 00 00 00 aa aa 20 00 29 00 01 00 00 01 00 01 01 1b 06 1a 0f 0c 1a 00 00 00 00 00 00 00 00 00 00 00 00 00 00 00 00 00 00 37 e2 14 67
2026-06-27T15:12:26.000,1782553346000,1_1,linfo,38528,,pass,160155.0,01 02 01 00 00 00 a0 00 b6 03 b6 03 02 16 16 02 05 05 05 02 1e 00 00 00 1e 00 00 01 02 05 08 0a 1e 00 19 0f 05 05 00 00 00 3f 5a 00 05 03 03 06 06 02 04 0a b4 00 3c 00 f0 00 b8 0b 0e 05 1e 0f 08 5a 0f 02 1e 00 05 00 1e 00 78 00 0f 50 00 64 00 2c 01 b8 0b f4 01 dc 05 0a c8 00 2c 01 32 32 32 1e 2c 01 58 02 b8 0b b8 0b 64 00 f4 01 64 00 0f 05 02 78 00 78 00 19 3c 3c 02 41 42 43 44 00 00 00 00 00 00 00 00 00 00 00 00 00 00 00 00 00 00 00 00 00 00 00 00 00 00 00 00 00 00 00 00 00 00 00 00 58 59 5a 41 00 00 00 00 00 00 00 00 00 00 00 00 00 00 00 00 00 00 00 00 00 00 00 00 00 00 00 00 00 00 00 00 00 00 00 00 01 00 00 7f 51 c3 00 00 01 00 00 7f 52 c3 00 00 c0 a8 a7 f4 01 70 17 03 28 02 0f 00 00 00 41 00 00 a0 40 66 66 86 40 66 66 66 40 00 00 00 00 fa 00 64 00 50 00 50 00 dc 05 64 00 32 00 00 00 03 00 c1 4a 13 f6 01 01 4c 4f 43 4f 5f 54 43 41 53 5f 42 52 41 4b 49 4e 47 00 c3 00 00 00 72 00 6e 00 61 00 6c 00 30 ed 3f 1d c3 00 00 00 29 43 a0 64 64 96 00 fa 00 0a 00 04 04 04 03 03 04 32 09 09 32 0a 0a 46 0b 0b 64 0c 0c ff 00 00 64 00 00 00 01 00 02 00 01 3c 00 00 14 1e 37 4b 03 02 04 00 00 00 79 89 f3 f0
2026-06-27T15:12:26.000,1782553346000,1_1,dop1,38529,out,na,160155.0,0c 17 17 17 17 0c 0c 0c 0c 0c 17 17 17 17 17 17
2026-06-27T15:12:26.000,1782553346000,1_1,dop2,38530,out,na,160155.0,0c 17 17 17 17 0c 0c 0c 0c 0c 17 17 17 17 17 17
2026-06-27T15:12:26.000,1782553346000,1_1,dop1,38531,out,na,160155.0,0c 17 17 17 17 0c 0c 0c 0c 0c 17 17 17 17 17 17
2026-06-27T15:12:26.000,1782553346000,1_1,dop2,38532,out,na,160155.0,0c 17 17 17 17 0c 0c 0c 0c 0c 17 17 17 17 17 17
2026-06-27T15:12:27.000,1782553347000,1_1,dmi,38533,out,na,160155.0,aa aa 74 02 01 0a 6f 00 66 2e 00 00 00 00 00 00 00 00 00 00 1b 06 ea 07 0f 0c 1b 00 00 00 00 00 00 00 00 40 00 00 00 00 00 00 01 00 00 20 00 00 00 00 00 00 00 00 00 00 00 50 00 00 00 00 00 00 00 00 00 00 00 00 fa 00 00 00 00 00 01 00 00 0d 6a 0d 00 00 00 00 00 00 00 00 00 00 00 00 f0 3c 00 f4 01 00 00 00 00 08 06 0f 00 00 01 00 58 4e b2 b9 bb bb
2026-06-27T15:12:27.000,1782553347000,1_1,dop1,38534,out,na,160155.0,0c 17 17 17 17 0c 0c 0c 0c 0c 17 17 17 17 17 17
2026-06-27T15:12:27.000,1782553347000,1_1,dop2,38535,out,na,160155.0,0c 17 17 17 17 0c 0c 0c 0c 0c 17 17 17 17 17 17
2026-06-27T15:12:27.000,1782553347000,1_1,nms hlth,38536,out,pass,160155.0,02 06 0b 00 3f 00 00 00 bb bb 18 00 35 00 01 00 00 01 00 01 01 1b 06 1a 0f 0c 1b 09 00 01 01 00 02 01 00 0d 00 00 0e 00 00 0f 00 00 10 00 00 11 00 00 00 29 00 00 39 4a 67 19 26 7e b6 40 9a
2026-06-27T15:12:27.000,1782553347000,1_1,nms rssi,38537,out,pass,160155.0,02 06 0c 00 31 00 00 00 aa aa 20 00 29 00 01 00 00 01 00 01 01 1b 06 1a 0f 0c 1b 00 00 00 00 00 00 00 00 00 00 00 00 00 00 00 00 00 00 e0 00 94 3f
2026-06-27T15:12:27.000,1782553347000,1_1,linfo,38538,,pass,160155.0,01 02 01 00 00 00 a0 00 b6 03 b6 03 02 16 16 02 05 05 05 02 1e 00 00 00 1e 00 00 01 02 05 08 0a 1e 00 19 0f 05 05 00 00 00 3f 5a 00 05 03 03 06 06 02 04 0a b4 00 3c 00 f0 00 b8 0b 0e 05 1e 0f 08 5a 0f 02 1e 00 05 00 1e 00 78 00 0f 50 00 64 00 2c 01 b8 0b f4 01 dc 05 0a c8 00 2c 01 32 32 32 1e 2c 01 58 02 b8 0b b8 0b 64 00 f4 01 64 00 0f 05 02 78 00 78 00 19 3c 3c 02 41 42 43 44 00 00 00 00 00 00 00 00 00 00 00 00 00 00 00 00 00 00 00 00 00 00 00 00 00 00 00 00 00 00 00 00 00 00 00 00 58 59 5a 41 00 00 00 00 00 00 00 00 00 00 00 00 00 00 00 00 00 00 00 00 00 00 00 00 00 00 00 00 00 00 00 00 00 00 00 00 01 00 00 7f 51 c3 00 00 01 00 00 7f 52 c3 00 00 c0 a8 a7 f4 01 70 17 03 28 02 0f 00 00 00 41 00 00 a0 40 66 66 86 40 66 66 66 40 00 00 00 00 fa 00 64 00 50 00 50 00 dc 05 64 00 32 00 00 00 03 00 c1 4a 13 f6 01 01 4c 4f 43 4f 5f 54 43 41 53 5f 42 52 41 4b 49 4e 47 00 c3 00 00 00 72 00 6e 00 61 00 6c 00 30 ed 3f 1d c3 00 00 00 29 43 a0 64 64 96 00 fa 00 0a 00 04 04 04 03 03 04 32 09 09 32 0a 0a 46 0b 0b 64 0c 0c ff 00 00 64 00 00 00 01 00 02 00 01 3c 00 00 14 1e 37 4b 03 02 04 00 00 00 79 89 f3 f0
2026-06-27T15:12:27.000,1782553347000,1_1,dop1,38539,out,na,160155.0,0c 17 17 17 17 0c 0c 0c 0c 0c 17 17 17 17 17 17
2026-06-27T15:12:27.000,1782553347000,1_1,dop2,38540,out,na,160155.0,0c 17 17 17 17 0c 0c 0c 0c 0c 17 17 17 17 17 17
2026-06-27T15:12:27.000,1782553347000,1_1,dop1,38541,out,na,160155.0,0c 17 17 17 17 0c 0c 0c 0c 0c 17 17 17 17 17 17
2026-06-27T15:12:27.000,1782553347000,1_1,dop2,38542,out,na,160155.0,0c 17 17 17 17 0c 0c 0c 0c 0c 17 17 17 17 17 17
2026-06-27T15:12:28.000,1782553348000,1_1,dmi,38543,out,na,160155.0,aa aa 74 02 01 0a 6f 00 85 2e 00 00 00 00 00 00 00 00 00 00 1b 06 ea 07 0f 0c 1c 00 00 00 00 00 00 00 00 40 00 00 00 00 00 00 01 00 00 20 00 00 00 00 00 00 00 00 00 00 00 50 00 00 00 00 00 00 00 00 00 00 00 00 fa 00 00 00 00 00 01 00 00 0d 6a 0d 00 00 00 00 00 00 00 00 00 00 00 00 f0 3c 00 f4 01 00 00 00 00 08 06 0f 00 00 01 00 1d af 59 47 bb bb
2026-06-27T15:12:28.000,1782553348000,1_1,dop1,38544,out,na,160155.0,0c 17 17 17 17 0c 0c 0c 0c 0c 17 17 17 17 17 17
2026-06-27T15:12:28.000,1782553348000,1_1,dop2,38545,out,na,160155.0,0c 17 17 17 17 0c 0c 0c 0c 0c 17 17 17 17 17 17
2026-06-27T15:12:28.000,1782553348000,1_1,dlsys,38546,in,fail,160155.0,0e 63 0a 04 09 01 50 01 00 00 00 00 d0 7a 91 8a
2026-06-27T15:12:28.000,1782553348000,1_1,arp,38547,out,fail,160155.0,02 07 0d 00 27 00 00 00 00 00 d3 ad 5d d0 00 01 40 00 00 07 d0 00 04 00 00 00 00 00 00 00 00 00 09 66 c0 33 e5 2c ef
2026-06-27T15:12:28.000,1782553348000,1_1,nms hlth,38548,out,pass,160155.0,02 06 0b 00 3f 00 00 00 bb bb 18 00 35 00 01 00 00 01 00 01 01 1b 06 1a 0f 0c 1c 09 00 01 01 00 02 01 00 0d 00 00 0e 00 00 0f 00 00 10 00 00 11 00 00 00 29 00 00 39 4a 67 19 26 fe 6b b2 43
2026-06-27T15:12:28.000,1782553348000,1_1,nms rssi,38549,out,pass,160155.0,02 06 0c 00 31 00 00 00 aa aa 20 00 29 00 01 00 00 01 00 01 01 1b 06 1a 0f 0c 1c 00 00 00 00 00 00 00 00 00 00 00 00 00 00 00 00 00 00 aa 3e 1f 74
2026-06-27T15:12:28.000,1782553348000,1_1,linfo,38550,,pass,160155.0,01 02 01 00 00 00 a0 00 b6 03 b6 03 02 16 16 02 05 05 05 02 1e 00 00 00 1e 00 00 01 02 05 08 0a 1e 00 19 0f 05 05 00 00 00 3f 5a 00 05 03 03 06 06 02 04 0a b4 00 3c 00 f0 00 b8 0b 0e 05 1e 0f 08 5a 0f 02 1e 00 05 00 1e 00 78 00 0f 50 00 64 00 2c 01 b8 0b f4 01 dc 05 0a c8 00 2c 01 32 32 32 1e 2c 01 58 02 b8 0b b8 0b 64 00 f4 01 64 00 0f 05 02 78 00 78 00 19 3c 3c 02 41 42 43 44 00 00 00 00 00 00 00 00 00 00 00 00 00 00 00 00 00 00 00 00 00 00 00 00 00 00 00 00 00 00 00 00 00 00 00 00 58 59 5a 41 00 00 00 00 00 00 00 00 00 00 00 00 00 00 00 00 00 00 00 00 00 00 00 00 00 00 00 00 00 00 00 00 00 00 00 00 01 00 00 7f 51 c3 00 00 01 00 00 7f 52 c3 00 00 c0 a8 a7 f4 01 70 17 03 28 02 0f 00 00 00 41 00 00 a0 40 66 66 86 40 66 66 66 40 00 00 00 00 fa 00 64 00 50 00 50 00 dc 05 64 00 32 00 00 00 03 00 c1 4a 13 f6 01 01 4c 4f 43 4f 5f 54 43 41 53 5f 42 52 41 4b 49 4e 47 00 c3 00 00 00 72 00 6e 00 61 00 6c 00 30 ed 3f 1d c3 00 00 00 29 43 a0 64 64 96 00 fa 00 0a 00 04 04 04 03 03 04 32 09 09 32 0a 0a 46 0b 0b 64 0c 0c ff 00 00 64 00 00 00 01 00 02 00 01 3c 00 00 14 1e 37 4b 03 02 04 00 00 00 79 89 f3 f0
2026-06-27T15:12:28.000,1782553348000,1_1,dop1,38551,out,na,160155.0,0c 17 17 17 17 0c 0c 0c 0c 0c 17 17 17 17 17 17
2026-06-27T15:12:28.000,1782553348000,1_1,dop2,38552,out,na,160155.0,0c 17 17 17 17 0c 0c 0c 0c 0c 17 17 17 17 17 17
2026-06-27T15:12:28.000,1782553348000,1_1,dop1,38553,out,na,160155.0,0c 17 17 17 17 0c 0c 0c 0c 0c 17 17 17 17 17 17
2026-06-27T15:12:28.000,1782553348000,1_1,dop2,38554,out,na,160155.0,0c 17 17 17 17 0c 0c 0c 0c 0c 17 17 17 17 17 17
2026-06-27T15:12:29.000,1782553349000,1_1,dmi,38555,out,na,160155.0,aa aa 74 02 01 0a 6f 00 a4 2e 00 00 00 00 00 00 00 00 00 00 1b 06 ea 07 0f 0c 1d 00 00 00 00 00 00 00 00 40 00 00 00 00 00 00 01 00 00 20 00 00 00 00 00 00 00 00 00 00 00 50 00 00 00 00 00 00 00 00 00 00 00 00 fa 00 00 00 00 00 01 00 00 0d 6a 0d 00 00 00 00 00 00 00 00 00 00 00 00 f0 3c 00 f4 01 00 00 00 00 08 06 0f 00 00 01 00 e0 65 61 1a bb bb
2026-06-27T15:12:29.000,1782553349000,1_1,dop1,38556,out,na,160155.0,0c 17 17 17 17 0c 0c 0c 0c 0c 17 17 17 17 17 17
2026-06-27T15:12:29.000,1782553349000,1_1,dop2,38557,out,na,160155.0,0c 17 17 17 17 0c 0c 0c 0c 0c 17 17 17 17 17 17
2026-06-27T15:12:29.000,1782553349000,1_1,nms hlth,38558,out,pass,160155.0,02 06 0b 00 3f 00 00 00 bb bb 18 00 35 00 01 00 00 01 00 01 01 1b 06 1a 0f 0c 1d 09 00 01 01 00 02 01 00 0d 00 00 0e 00 00 0f 00 00 10 00 00 11 00 00 00 29 00 00 39 4a 67 19 26 c8 99 22 b0
2026-06-27T15:12:29.000,1782553349000,1_1,nms rssi,38559,out,pass,160155.0,02 06 0c 00 31 00 00 00 aa aa 20 00 29 00 01 00 00 01 00 01 01 1b 06 1a 0f 0c 1d 00 00 00 00 00 00 00 00 00 00 00 00 00 00 00 00 00 00 7d dc 9f 2c
2026-06-27T15:12:29.000,1782553349000,1_1,linfo,38560,,pass,160155.0,01 02 01 00 00 00 a0 00 b6 03 b6 03 02 16 16 02 05 05 05 02 1e 00 00 00 1e 00 00 01 02 05 08 0a 1e 00 19 0f 05 05 00 00 00 3f 5a 00 05 03 03 06 06 02 04 0a b4 00 3c 00 f0 00 b8 0b 0e 05 1e 0f 08 5a 0f 02 1e 00 05 00 1e 00 78 00 0f 50 00 64 00 2c 01 b8 0b f4 01 dc 05 0a c8 00 2c 01 32 32 32 1e 2c 01 58 02 b8 0b b8 0b 64 00 f4 01 64 00 0f 05 02 78 00 78 00 19 3c 3c 02 41 42 43 44 00 00 00 00 00 00 00 00 00 00 00 00 00 00 00 00 00 00 00 00 00 00 00 00 00 00 00 00 00 00 00 00 00 00 00 00 58 59 5a 41 00 00 00 00 00 00 00 00 00 00 00 00 00 00 00 00 00 00 00 00 00 00 00 00 00 00 00 00 00 00 00 00 00 00 00 00 01 00 00 7f 51 c3 00 00 01 00 00 7f 52 c3 00 00 c0 a8 a7 f4 01 70 17 03 28 02 0f 00 00 00 41 00 00 a0 40 66 66 86 40 66 66 66 40 00 00 00 00 fa 00 64 00 50 00 50 00 dc 05 64 00 32 00 00 00 03 00 c1 4a 13 f6 01 01 4c 4f 43 4f 5f 54 43 41 53 5f 42 52 41 4b 49 4e 47 00 c3 00 00 00 72 00 6e 00 61 00 6c 00 30 ed 3f 1d c3 00 00 00 29 43 a0 64 64 96 00 fa 00 0a 00 04 04 04 03 03 04 32 09 09 32 0a 0a 46 0b 0b 64 0c 0c ff 00 00 64 00 00 00 01 00 02 00 01 3c 00 00 14 1e 37 4b 03 02 04 00 00 00 79 89 f3 f0
2026-06-27T15:12:29.000,1782553349000,1_1,dop1,38561,out,na,160155.0,0c 17 17 17 17 0c 0c 0c 0c 0c 17 17 17 17 17 17
2026-06-27T15:12:29.000,1782553349000,1_1,dop2,38562,out,na,160155.0,0c 17 17 17 17 0c 0c 0c 0c 0c 17 17 17 17 17 17
2026-06-27T15:12:29.000,1782553349000,1_1,dop1,38563,out,na,160155.0,0c 17 17 17 17 0c 0c 0c 0c 0c 17 17 17 17 17 17
2026-06-27T15:12:29.000,1782553349000,1_1,dop2,38564,out,na,160155.0,0c 17 17 17 17 0c 0c 0c 0c 0c 17 17 17 17 17 17
2026-06-27T15:12:30.000,1782553350000,1_1,ccsys,38565,in,fail,160155.0,03 01 01 00 00 00 00 00 00 00 00 00 00 00 00 00 00 00 00 00 00 00 00 00 00 00 00 00 00 03 01 01 1e 1e 00 00 00 00 03 03 00 00 00 00 1c 1c 33 33 00 00 00 00
2026-06-27T15:12:30.000,1782553350000,1_1,dmi,38566,out,na,160155.0,aa aa 74 02 01 0a 6f 00 c3 2e 00 00 00 00 00 00 00 00 00 00 1b 06 ea 07 0f 0c 1e 00 00 00 00 00 00 00 00 40 00 00 00 00 00 00 01 00 00 20 00 00 00 00 00 00 00 00 00 00 00 50 00 00 00 00 00 00 00 00 00 00 00 00 fa 00 00 00 00 00 01 00 00 0d 6a 0d 00 00 00 00 00 00 00 00 00 00 00 00 f0 3c 00 f4 01 00 00 00 00 08 06 0f 00 00 01 00 10 a9 18 4b bb bb
2026-06-27T15:12:30.000,1782553350000,1_1,dop1,38567,out,na,160155.0,0c 17 17 17 17 0c 0c 0c 0c 0c 17 17 17 17 17 17
2026-06-27T15:12:30.000,1782553350000,1_1,dop2,38568,out,na,160155.0,0c 17 17 17 17 0c 0c 0c 0c 0c 17 17 17 17 17 17
2026-06-27T15:12:30.000,1782553350000,1_1,arp,38569,out,fail,160155.0,02 07 0d 00 27 00 00 00 00 00 d3 ad 5d f0 00 01 40 00 00 07 d0 00 04 00 00 00 00 00 00 00 00 00 09 66 c0 bb 7a be 2c
2026-06-27T15:12:30.000,1782553350000,1_1,nms hlth,38570,out,pass,160155.0,02 06 0b 00 3f 00 00 00 bb bb 18 00 35 00 01 00 00 01 00 01 01 1b 06 1a 0f 0c 1e 09 00 01 01 00 02 01 00 0d 00 00 0e 00 00 0f 00 00 10 00 00 11 00 00 00 29 00 00 39 4a 67 19 26 93 8e 93 a5
2026-06-27T15:12:30.000,1782553350000,1_1,nms rssi,38571,out,pass,160155.0,02 06 0c 00 31 00 00 00 aa aa 20 00 29 00 01 00 00 01 00 01 01 1b 06 1a 0f 0c 1e 00 00 00 00 00 00 00 00 00 00 00 00 00 00 00 00 00 00 de 8a 19 85
2026-06-27T15:12:30.000,1782553350000,1_1,linfo,38572,,pass,160155.0,01 02 01 00 00 00 a0 00 b6 03 b6 03 02 16 16 02 05 05 05 02 1e 00 00 00 1e 00 00 01 02 05 08 0a 1e 00 19 0f 05 05 00 00 00 3f 5a 00 05 03 03 06 06 02 04 0a b4 00 3c 00 f0 00 b8 0b 0e 05 1e 0f 08 5a 0f 02 1e 00 05 00 1e 00 78 00 0f 50 00 64 00 2c 01 b8 0b f4 01 dc 05 0a c8 00 2c 01 32 32 32 1e 2c 01 58 02 b8 0b b8 0b 64 00 f4 01 64 00 0f 05 02 78 00 78 00 19 3c 3c 02 41 42 43 44 00 00 00 00 00 00 00 00 00 00 00 00 00 00 00 00 00 00 00 00 00 00 00 00 00 00 00 00 00 00 00 00 00 00 00 00 58 59 5a 41 00 00 00 00 00 00 00 00 00 00 00 00 00 00 00 00 00 00 00 00 00 00 00 00 00 00 00 00 00 00 00 00 00 00 00 00 01 00 00 7f 51 c3 00 00 01 00 00 7f 52 c3 00 00 c0 a8 a7 f4 01 70 17 03 28 02 0f 00 00 00 41 00 00 a0 40 66 66 86 40 66 66 66 40 00 00 00 00 fa 00 64 00 50 00 50 00 dc 05 64 00 32 00 00 00 03 00 c1 4a 13 f6 01 01 4c 4f 43 4f 5f 54 43 41 53 5f 42 52 41 4b 49 4e 47 00 c3 00 00 00 72 00 6e 00 61 00 6c 00 30 ed 3f 1d c3 00 00 00 29 43 a0 64 64 96 00 fa 00 0a 00 04 04 04 03 03 04 32 09 09 32 0a 0a 46 0b 0b 64 0c 0c ff 00 00 64 00 00 00 01 00 02 00 01 3c 00 00 14 1e 37 4b 03 02 04 00 00 00 79 89 f3 f0
2026-06-27T15:12:30.000,1782553350000,1_1,dop1,38573,out,na,160155.0,0c 17 17 17 17 0c 0c 0c 0c 0c 17 17 17 17 17 17
2026-06-27T15:12:30.000,1782553350000,1_1,dop2,38574,out,na,160155.0,0c 17 17 17 17 0c 0c 0c 0c 0c 17 17 17 17 17 17
2026-06-27T15:12:30.000,1782553350000,1_1,dop1,38575,out,na,160155.0,0c 17 17 17 17 0c 0c 0c 0c 0c 17 17 17 17 17 17
2026-06-27T15:12:30.000,1782553350000,1_1,dop2,38576,out,na,160155.0,0c 17 17 17 17 0c 0c 0c 0c 0c 17 17 17 17 17 17
2026-06-27T15:12:31.000,1782553351000,1_1,dmi,38577,out,na,160155.0,aa aa 74 02 01 0a 6f 00 e2 2e 00 00 00 00 00 00 00 00 00 00 1b 06 ea 07 0f 0c 1f 00 00 00 00 00 00 00 00 40 00 00 00 00 00 00 01 00 00 20 00 00 00 00 00 00 00 00 00 00 00 50 00 00 00 00 00 00 00 00 00 00 00 00 fa 00 00 00 00 00 01 00 00 0d 6a 0d 00 00 00 00 00 00 00 00 00 00 00 00 f0 3c 00 f4 01 00 00 00 00 08 06 0f 00 00 01 00 ed 63 20 16 bb bb
2026-06-27T15:12:31.000,1782553351000,1_1,dop1,38578,out,na,160155.0,0c 17 17 17 17 0c 0c 0c 0c 0c 17 17 17 17 17 17
2026-06-27T15:12:31.000,1782553351000,1_1,dop2,38579,out,na,160155.0,0c 17 17 17 17 0c 0c 0c 0c 0c 17 17 17 17 17 17
2026-06-27T15:12:31.000,1782553351000,1_1,nms hlth,38580,out,pass,160155.0,02 06 0b 00 3f 00 00 00 bb bb 18 00 35 00 01 00 00 01 00 01 01 1b 06 1a 0f 0c 1f 09 00 01 01 00 02 01 00 0d 00 00 0e 00 00 0f 00 00 10 00 00 11 00 00 00 29 00 00 39 4a 67 19 26 a5 7c 03 56
2026-06-27T15:12:31.000,1782553351000,1_1,nms rssi,38581,out,pass,160155.0,02 06 0c 00 31 00 00 00 aa aa 20 00 29 00 01 00 00 01 00 01 01 1b 06 1a 0f 0c 1f 00 00 00 00 00 00 00 00 00 00 00 00 00 00 00 00 00 00 09 68 99 dd
2026-06-27T15:12:31.000,1782553351000,1_1,linfo,38582,,pass,160155.0,01 02 01 00 00 00 a0 00 b6 03 b6 03 02 16 16 02 05 05 05 02 1e 00 00 00 1e 00 00 01 02 05 08 0a 1e 00 19 0f 05 05 00 00 00 3f 5a 00 05 03 03 06 06 02 04 0a b4 00 3c 00 f0 00 b8 0b 0e 05 1e 0f 08 5a 0f 02 1e 00 05 00 1e 00 78 00 0f 50 00 64 00 2c 01 b8 0b f4 01 dc 05 0a c8 00 2c 01 32 32 32 1e 2c 01 58 02 b8 0b b8 0b 64 00 f4 01 64 00 0f 05 02 78 00 78 00 19 3c 3c 02 41 42 43 44 00 00 00 00 00 00 00 00 00 00 00 00 00 00 00 00 00 00 00 00 00 00 00 00 00 00 00 00 00 00 00 00 00 00 00 00 58 59 5a 41 00 00 00 00 00 00 00 00 00 00 00 00 00 00 00 00 00 00 00 00 00 00 00 00 00 00 00 00 00 00 00 00 00 00 00 00 01 00 00 7f 51 c3 00 00 01 00 00 7f 52 c3 00 00 c0 a8 a7 f4 01 70 17 03 28 02 0f 00 00 00 41 00 00 a0 40 66 66 86 40 66 66 66 40 00 00 00 00 fa 00 64 00 50 00 50 00 dc 05 64 00 32 00 00 00 03 00 c1 4a 13 f6 01 01 4c 4f 43 4f 5f 54 43 41 53 5f 42 52 41 4b 49 4e 47 00 c3 00 00 00 72 00 6e 00 61 00 6c 00 30 ed 3f 1d c3 00 00 00 29 43 a0 64 64 96 00 fa 00 0a 00 04 04 04 03 03 04 32 09 09 32 0a 0a 46 0b 0b 64 0c 0c ff 00 00 64 00 00 00 01 00 02 00 01 3c 00 00 14 1e 37 4b 03 02 04 00 00 00 79 89 f3 f0
2026-06-27T15:12:31.000,1782553351000,1_1,dop1,38583,out,na,160155.0,0c 17 17 17 17 0c 0c 0c 0c 0c 17 17 17 17 17 17
2026-06-27T15:12:31.000,1782553351000,1_1,dop2,38584,out,na,160155.0,0c 17 17 17 17 0c 0c 0c 0c 0c 17 17 17 17 17 17
2026-06-27T15:12:31.000,1782553351000,1_1,dop1,38585,out,na,160155.0,0c 17 17 17 17 0c 0c 0c 0c 0c 17 17 17 17 17 17
2026-06-27T15:12:31.000,1782553351000,1_1,dop2,38586,out,na,160155.0,0c 17 17 17 17 0c 0c 0c 0c 0c 17 17 17 17 17 17
2026-06-27T15:12:32.000,1782553352000,1_1,dmi,38587,out,na,160155.0,aa aa 74 02 01 0a 6f 00 01 2f 00 00 00 00 00 00 00 00 00 00 1b 06 ea 07 0f 0c 20 00 00 00 00 00 00 00 00 40 00 00 00 00 00 00 01 00 00 20 00 00 00 00 00 00 00 00 00 00 00 50 00 00 00 00 00 00 00 00 00 00 00 00 fa 00 00 00 00 00 01 00 00 0d 6a 0d 00 00 00 00 00 00 00 00 00 00 00 00 f0 3c 00 f4 01 00 00 00 00 08 06 0f 00 00 01 00 34 d9 48 e0 bb bb
2026-06-27T15:12:32.000,1782553352000,1_1,dop1,38588,out,na,160155.0,0c 17 17 17 17 0c 0c 0c 0c 0c 17 17 17 17 17 17
2026-06-27T15:12:32.000,1782553352000,1_1,dop2,38589,out,na,160155.0,0c 17 17 17 17 0c 0c 0c 0c 0c 17 17 17 17 17 17
2026-06-27T15:12:32.000,1782553352000,1_1,arp,38590,out,fail,160155.0,02 07 0d 00 27 00 00 00 00 00 d3 ad 5e 10 00 01 40 00 00 07 d0 00 04 00 00 00 00 00 00 00 00 00 09 66 c0 c0 a3 77 da
2026-06-27T15:12:32.000,1782553352000,1_1,nms hlth,38591,out,pass,160155.0,02 06 0b 00 3f 00 00 00 bb bb 18 00 35 00 01 00 00 01 00 01 01 1b 06 1a 0f 0c 20 09 00 01 01 00 02 01 00 0d 00 00 0e 00 00 0f 00 00 10 00 00 11 00 00 00 29 00 00 39 4a 67 19 26 f8 68 72 c1
2026-06-27T15:12:32.000,1782553352000,1_1,nms rssi,38592,out,pass,160155.0,02 06 0c 00 31 00 00 00 aa aa 20 00 29 00 01 00 00 01 00 01 01 1b 06 1a 0f 0c 20 00 00 00 00 00 00 00 00 00 00 00 00 00 00 00 00 00 00 7f 31 42 0d
2026-06-27T15:12:32.000,1782553352000,1_1,linfo,38593,,pass,160155.0,01 02 01 00 00 00 a0 00 b6 03 b6 03 02 16 16 02 05 05 05 02 1e 00 00 00 1e 00 00 01 02 05 08 0a 1e 00 19 0f 05 05 00 00 00 3f 5a 00 05 03 03 06 06 02 04 0a b4 00 3c 00 f0 00 b8 0b 0e 05 1e 0f 08 5a 0f 02 1e 00 05 00 1e 00 78 00 0f 50 00 64 00 2c 01 b8 0b f4 01 dc 05 0a c8 00 2c 01 32 32 32 1e 2c 01 58 02 b8 0b b8 0b 64 00 f4 01 64 00 0f 05 02 78 00 78 00 19 3c 3c 02 41 42 43 44 00 00 00 00 00 00 00 00 00 00 00 00 00 00 00 00 00 00 00 00 00 00 00 00 00 00 00 00 00 00 00 00 00 00 00 00 58 59 5a 41 00 00 00 00 00 00 00 00 00 00 00 00 00 00 00 00 00 00 00 00 00 00 00 00 00 00 00 00 00 00 00 00 00 00 00 00 01 00 00 7f 51 c3 00 00 01 00 00 7f 52 c3 00 00 c0 a8 a7 f4 01 70 17 03 28 02 0f 00 00 00 41 00 00 a0 40 66 66 86 40 66 66 66 40 00 00 00 00 fa 00 64 00 50 00 50 00 dc 05 64 00 32 00 00 00 03 00 c1 4a 13 f6 01 01 4c 4f 43 4f 5f 54 43 41 53 5f 42 52 41 4b 49 4e 47 00 c3 00 00 00 72 00 6e 00 61 00 6c 00 30 ed 3f 1d c3 00 00 00 29 43 a0 64 64 96 00 fa 00 0a 00 04 04 04 03 03 04 32 09 09 32 0a 0a 46 0b 0b 64 0c 0c ff 00 00 64 00 00 00 01 00 02 00 01 3c 00 00 14 1e 37 4b 03 02 04 00 00 00 79 89 f3 f0
2026-06-27T15:12:32.000,1782553352000,1_1,dop1,38594,out,na,160155.0,0c 17 17 17 17 0c 0c 0c 0c 0c 17 17 17 17 17 17
2026-06-27T15:12:32.000,1782553352000,1_1,dop2,38595,out,na,160155.0,0c 17 17 17 17 0c 0c 0c 0c 0c 17 17 17 17 17 17
2026-06-27T15:12:32.000,1782553352000,1_1,dop1,38596,out,na,160155.0,0c 17 17 17 17 0c 0c 0c 0c 0c 17 17 17 17 17 17
2026-06-27T15:12:32.000,1782553352000,1_1,dop2,38597,out,na,160155.0,0c 17 17 17 17 0c 0c 0c 0c 0c 17 17 17 17 17 17
2026-06-27T15:12:33.000,1782553353000,1_1,dmi,38598,out,na,160155.0,aa aa 74 02 01 0a 6f 00 20 2f 00 00 00 00 00 00 00 00 00 00 1b 06 ea 07 0f 0c 21 00 00 00 00 00 00 00 00 40 00 00 00 00 00 00 01 00 00 20 00 00 00 00 00 00 00 00 00 00 00 50 00 00 00 00 00 00 00 00 00 00 00 00 fa 00 00 00 00 00 01 00 00 0d 6a 0d 00 00 00 00 00 00 00 00 00 00 00 00 f0 3c 00 f4 01 00 00 00 00 08 06 0f 00 00 01 00 c9 13 70 bd bb bb
2026-06-27T15:12:33.000,1782553353000,1_1,dop1,38599,out,na,160155.0,0c 17 17 17 17 0c 0c 0c 0c 0c 17 17 17 17 17 17
2026-06-27T15:12:33.000,1782553353000,1_1,dop2,38600,out,na,160155.0,0c 17 17 17 17 0c 0c 0c 0c 0c 17 17 17 17 17 17
2026-06-27T15:12:33.000,1782553353000,1_1,nms hlth,38601,out,pass,160155.0,02 06 0b 00 3f 00 00 00 bb bb 18 00 35 00 01 00 00 01 00 01 01 1b 06 1a 0f 0c 21 09 00 01 01 00 02 01 00 0d 00 00 0e 00 00 0f 00 00 10 00 00 11 00 00 00 29 00 00 39 4a 67 19 26 ce 9a e2 32
2026-06-27T15:12:33.000,1782553353000,1_1,nms rssi,38602,out,pass,160155.0,02 06 0c 00 31 00 00 00 aa aa 20 00 29 00 01 00 00 01 00 01 01 1b 06 1a 0f 0c 21 00 00 00 00 00 00 00 00 00 00 00 00 00 00 00 00 00 00 a8 d3 c2 55
2026-06-27T15:12:33.000,1782553353000,1_1,linfo,38603,,pass,160155.0,01 02 01 00 00 00 a0 00 b6 03 b6 03 02 16 16 02 05 05 05 02 1e 00 00 00 1e 00 00 01 02 05 08 0a 1e 00 19 0f 05 05 00 00 00 3f 5a 00 05 03 03 06 06 02 04 0a b4 00 3c 00 f0 00 b8 0b 0e 05 1e 0f 08 5a 0f 02 1e 00 05 00 1e 00 78 00 0f 50 00 64 00 2c 01 b8 0b f4 01 dc 05 0a c8 00 2c 01 32 32 32 1e 2c 01 58 02 b8 0b b8 0b 64 00 f4 01 64 00 0f 05 02 78 00 78 00 19 3c 3c 02 41 42 43 44 00 00 00 00 00 00 00 00 00 00 00 00 00 00 00 00 00 00 00 00 00 00 00 00 00 00 00 00 00 00 00 00 00 00 00 00 58 59 5a 41 00 00 00 00 00 00 00 00 00 00 00 00 00 00 00 00 00 00 00 00 00 00 00 00 00 00 00 00 00 00 00 00 00 00 00 00 01 00 00 7f 51 c3 00 00 01 00 00 7f 52 c3 00 00 c0 a8 a7 f4 01 70 17 03 28 02 0f 00 00 00 41 00 00 a0 40 66 66 86 40 66 66 66 40 00 00 00 00 fa 00 64 00 50 00 50 00 dc 05 64 00 32 00 00 00 03 00 c1 4a 13 f6 01 01 4c 4f 43 4f 5f 54 43 41 53 5f 42 52 41 4b 49 4e 47 00 c3 00 00 00 72 00 6e 00 61 00 6c 00 30 ed 3f 1d c3 00 00 00 29 43 a0 64 64 96 00 fa 00 0a 00 04 04 04 03 03 04 32 09 09 32 0a 0a 46 0b 0b 64 0c 0c ff 00 00 64 00 00 00 01 00 02 00 01 3c 00 00 14 1e 37 4b 03 02 04 00 00 00 79 89 f3 f0
2026-06-27T15:12:33.000,1782553353000,1_1,dop1,38604,out,na,160155.0,0c 17 17 17 17 0c 0c 0c 0c 0c 17 17 17 17 17 17
2026-06-27T15:12:33.000,1782553353000,1_1,dop2,38605,out,na,160155.0,0c 17 17 17 17 0c 0c 0c 0c 0c 17 17 17 17 17 17
2026-06-27T15:12:33.000,1782553353000,1_1,dop1,38606,out,na,160155.0,0c 17 17 17 17 0c 0c 0c 0c 0c 17 17 17 17 17 17
2026-06-27T15:12:33.000,1782553353000,1_1,dop2,38607,out,na,160155.0,0c 17 17 17 17 0c 0c 0c 0c 0c 17 17 17 17 17 17
2026-06-27T15:12:34.000,1782553354000,1_1,dmi,38608,out,na,160155.0,aa aa 74 02 01 0a 6f 00 3f 2f 00 00 00 00 00 00 00 00 00 00 1b 06 ea 07 0f 0c 22 00 00 00 00 00 00 00 00 40 00 00 00 00 00 00 01 00 00 20 00 00 00 00 00 00 00 00 00 00 00 50 00 00 00 00 00 00 00 00 00 00 00 00 fa 00 00 00 00 00 01 00 00 0d 6a 0d 00 00 00 00 00 00 00 00 00 00 00 00 f0 3c 00 f4 01 00 00 00 00 08 06 0f 00 00 01 00 49 29 4d e7 bb bb
2026-06-27T15:12:34.000,1782553354000,1_1,dop1,38609,out,na,160155.0,0c 17 17 17 17 0c 0c 0c 0c 0c 17 17 17 17 17 17
2026-06-27T15:12:34.000,1782553354000,1_1,dop2,38610,out,na,160155.0,0c 17 17 17 17 0c 0c 0c 0c 0c 17 17 17 17 17 17
2026-06-27T15:12:34.000,1782553354000,1_1,arp,38611,out,fail,160155.0,02 07 0d 00 27 00 00 00 00 00 d3 ad 5e 30 00 01 40 00 00 07 d0 00 04 00 00 00 00 00 00 00 00 00 09 66 c0 48 3c e5 19
2026-06-27T15:12:34.000,1782553354000,1_1,nms hlth,38612,out,pass,160155.0,02 06 0b 00 3f 00 00 00 bb bb 18 00 35 00 01 00 00 01 00 01 01 1b 06 1a 0f 0c 22 09 00 01 01 00 02 01 00 0d 00 00 0e 00 00 0f 00 00 10 00 00 11 00 00 00 29 00 00 39 4a 67 19 26 95 8d 53 27
2026-06-27T15:12:34.000,1782553354000,1_1,nms rssi,38613,out,pass,160155.0,02 06 0c 00 31 00 00 00 aa aa 20 00 29 00 01 00 00 01 00 01 01 1b 06 1a 0f 0c 22 00 00 00 00 00 00 00 00 00 00 00 00 00 00 00 00 00 00 0b 85 44 fc
2026-06-27T15:12:34.000,1782553354000,1_1,linfo,38614,,pass,160155.0,01 02 01 00 00 00 a0 00 b6 03 b6 03 02 16 16 02 05 05 05 02 1e 00 00 00 1e 00 00 01 02 05 08 0a 1e 00 19 0f 05 05 00 00 00 3f 5a 00 05 03 03 06 06 02 04 0a b4 00 3c 00 f0 00 b8 0b 0e 05 1e 0f 08 5a 0f 02 1e 00 05 00 1e 00 78 00 0f 50 00 64 00 2c 01 b8 0b f4 01 dc 05 0a c8 00 2c 01 32 32 32 1e 2c 01 58 02 b8 0b b8 0b 64 00 f4 01 64 00 0f 05 02 78 00 78 00 19 3c 3c 02 41 42 43 44 00 00 00 00 00 00 00 00 00 00 00 00 00 00 00 00 00 00 00 00 00 00 00 00 00 00 00 00 00 00 00 00 00 00 00 00 58 59 5a 41 00 00 00 00 00 00 00 00 00 00 00 00 00 00 00 00 00 00 00 00 00 00 00 00 00 00 00 00 00 00 00 00 00 00 00 00 01 00 00 7f 51 c3 00 00 01 00 00 7f 52 c3 00 00 c0 a8 a7 f4 01 70 17 03 28 02 0f 00 00 00 41 00 00 a0 40 66 66 86 40 66 66 66 40 00 00 00 00 fa 00 64 00 50 00 50 00 dc 05 64 00 32 00 00 00 03 00 c1 4a 13 f6 01 01 4c 4f 43 4f 5f 54 43 41 53 5f 42 52 41 4b 49 4e 47 00 c3 00 00 00 72 00 6e 00 61 00 6c 00 30 ed 3f 1d c3 00 00 00 29 43 a0 64 64 96 00 fa 00 0a 00 04 04 04 03 03 04 32 09 09 32 0a 0a 46 0b 0b 64 0c 0c ff 00 00 64 00 00 00 01 00 02 00 01 3c 00 00 14 1e 37 4b 03 02 04 00 00 00 79 89 f3 f0
2026-06-27T15:12:34.000,1782553354000,1_1,dop1,38615,out,na,160155.0,0c 17 17 17 17 0c 0c 0c 0c 0c 17 17 17 17 17 17
2026-06-27T15:12:34.000,1782553354000,1_1,dop2,38616,out,na,160155.0,0c 17 17 17 17 0c 0c 0c 0c 0c 17 17 17 17 17 17
2026-06-27T15:12:34.000,1782553354000,1_1,dop1,38617,out,na,160155.0,0c 17 17 17 17 0c 0c 0c 0c 0c 17 17 17 17 17 17
2026-06-27T15:12:34.000,1782553354000,1_1,dop2,38618,out,na,160155.0,0c 17 17 17 17 0c 0c 0c 0c 0c 17 17 17 17 17 17
2026-06-27T15:12:34.000,1782553354000,1_1,ccsys,38619,in,fail,160155.0,03 01 01 00 00 00 00 00 00 00 00 00 00 00 00 00 00 00 00 00 00 00 00 00 00 00 00 00 00 03 01 01 23 23 00 00 00 00 03 03 00 00 00 00 1c 1c 33 33 00 00 00 00
2026-06-27T15:12:35.000,1782553355000,1_1,dmi,38620,out,na,160155.0,aa aa 74 02 01 0a 6f 00 5e 2f 00 00 00 00 00 00 00 00 00 00 1b 06 ea 07 0f 0c 23 00 00 00 00 00 00 00 00 40 00 00 00 00 00 00 01 00 00 20 00 00 00 00 00 00 00 00 00 00 00 50 00 00 00 00 00 00 00 00 00 00 00 00 fa 00 00 00 00 00 01 00 00 0d 6a 0d 00 00 00 00 00 00 00 00 00 00 00 00 f0 3c 00 f4 01 00 00 00 00 08 06 0f 00 00 01 00 0b fd a3 02 bb bb
2026-06-27T15:12:35.000,1782553355000,1_1,dop1,38621,out,na,160155.0,0c 17 17 17 17 0c 0c 0c 0c 0c 17 17 17 17 17 17
2026-06-27T15:12:35.000,1782553355000,1_1,dop2,38622,out,na,160155.0,0c 17 17 17 17 0c 0c 0c 0c 0c 17 17 17 17 17 17
2026-06-27T15:12:35.000,1782553355000,1_1,nms hlth,38623,out,pass,160155.0,02 06 0b 00 3f 00 00 00 bb bb 18 00 35 00 01 00 00 01 00 01 01 1b 06 1a 0f 0c 23 09 00 01 01 00 02 01 00 0d 00 00 0e 00 00 0f 00 00 10 00 00 11 00 00 00 29 00 00 39 4a 67 19 26 a3 7f c3 d4
2026-06-27T15:12:35.000,1782553355000,1_1,nms rssi,38624,out,pass,160155.0,02 06 0c 00 31 00 00 00 aa aa 20 00 29 00 01 00 00 01 00 01 01 1b 06 1a 0f 0c 23 00 00 00 00 00 00 00 00 00 00 00 00 00 00 00 00 00 00 dc 67 c4 a4
2026-06-27T15:12:35.000,1782553355000,1_1,linfo,38625,,pass,160155.0,01 02 01 00 00 00 a0 00 b6 03 b6 03 02 16 16 02 05 05 05 02 1e 00 00 00 1e 00 00 01 02 05 08 0a 1e 00 19 0f 05 05 00 00 00 3f 5a 00 05 03 03 06 06 02 04 0a b4 00 3c 00 f0 00 b8 0b 0e 05 1e 0f 08 5a 0f 02 1e 00 05 00 1e 00 78 00 0f 50 00 64 00 2c 01 b8 0b f4 01 dc 05 0a c8 00 2c 01 32 32 32 1e 2c 01 58 02 b8 0b b8 0b 64 00 f4 01 64 00 0f 05 02 78 00 78 00 19 3c 3c 02 41 42 43 44 00 00 00 00 00 00 00 00 00 00 00 00 00 00 00 00 00 00 00 00 00 00 00 00 00 00 00 00 00 00 00 00 00 00 00 00 58 59 5a 41 00 00 00 00 00 00 00 00 00 00 00 00 00 00 00 00 00 00 00 00 00 00 00 00 00 00 00 00 00 00 00 00 00 00 00 00 01 00 00 7f 51 c3 00 00 01 00 00 7f 52 c3 00 00 c0 a8 a7 f4 01 70 17 03 28 02 0f 00 00 00 41 00 00 a0 40 66 66 86 40 66 66 66 40 00 00 00 00 fa 00 64 00 50 00 50 00 dc 05 64 00 32 00 00 00 03 00 c1 4a 13 f6 01 01 4c 4f 43 4f 5f 54 43 41 53 5f 42 52 41 4b 49 4e 47 00 c3 00 00 00 72 00 6e 00 61 00 6c 00 30 ed 3f 1d c3 00 00 00 29 43 a0 64 64 96 00 fa 00 0a 00 04 04 04 03 03 04 32 09 09 32 0a 0a 46 0b 0b 64 0c 0c ff 00 00 64 00 00 00 01 00 02 00 01 3c 00 00 14 1e 37 4b 03 02 04 00 00 00 79 89 f3 f0
2026-06-27T15:12:35.000,1782553355000,1_1,dop1,38626,out,na,160155.0,0c 17 17 17 17 0c 0c 0c 0c 0c 17 17 17 17 17 17
2026-06-27T15:12:35.000,1782553355000,1_1,dop2,38627,out,na,160155.0,0c 17 17 17 17 0c 0c 0c 0c 0c 17 17 17 17 17 17
2026-06-27T15:12:35.000,1782553355000,1_1,dop1,38628,out,na,160155.0,0c 17 17 17 17 0c 0c 0c 0c 0c 17 17 17 17 17 17
2026-06-27T15:12:35.000,1782553355000,1_1,dop2,38629,out,na,160155.0,0c 17 17 17 17 0c 0c 0c 0c 0c 17 17 17 17 17 17
2026-06-27T15:12:36.000,1782553356000,1_1,dmi,38630,out,na,160155.0,aa aa 74 02 01 0a 6f 00 7d 2f 00 00 00 00 00 00 00 00 00 00 1b 06 ea 07 0f 0c 24 00 00 00 00 00 00 00 00 40 00 00 00 00 00 00 01 00 00 20 00 00 00 00 00 00 00 00 00 00 00 50 00 00 00 00 00 00 00 00 00 00 00 00 fa 00 00 00 00 00 01 00 00 0d 6a 0d 00 00 00 00 00 00 00 00 00 00 00 00 f0 3c 00 f4 01 00 00 00 00 08 06 0f 00 00 01 00 ce 39 43 ee bb bb
2026-06-27T15:12:36.000,1782553356000,1_1,dop1,38631,out,na,160155.0,0c 17 17 17 17 0c 0c 0c 0c 0c 17 17 17 17 17 17
2026-06-27T15:12:36.000,1782553356000,1_1,dop2,38632,out,na,160155.0,0c 17 17 17 17 0c 0c 0c 0c 0c 17 17 17 17 17 17
2026-06-27T15:12:36.000,1782553356000,1_1,arp,38633,out,fail,160155.0,02 07 0d 00 27 00 00 00 00 00 d3 ad 5e 50 00 01 40 00 00 07 d0 00 04 00 00 00 00 00 00 00 00 00 09 66 c0 0a ed 54 1d
2026-06-27T15:12:36.000,1782553356000,1_1,nms hlth,38634,out,pass,160155.0,02 06 0b 00 3f 00 00 00 bb bb 18 00 35 00 01 00 00 01 00 01 01 1b 06 1a 0f 0c 24 09 00 01 01 00 02 01 00 0d 00 00 0e 00 00 0f 00 00 10 00 00 11 00 00 00 29 00 00 39 4a 67 19 26 23 a2 31 0d
2026-06-27T15:12:36.000,1782553356000,1_1,nms rssi,38635,out,pass,160155.0,02 06 0c 00 31 00 00 00 aa aa 20 00 29 00 01 00 00 01 00 01 01 1b 06 1a 0f 0c 24 00 00 00 00 00 00 00 00 00 00 00 00 00 00 00 00 00 00 96 59 4f ef
2026-06-27T15:12:36.000,1782553356000,1_1,linfo,38636,,pass,160155.0,01 02 01 00 00 00 a0 00 b6 03 b6 03 02 16 16 02 05 05 05 02 1e 00 00 00 1e 00 00 01 02 05 08 0a 1e 00 19 0f 05 05 00 00 00 3f 5a 00 05 03 03 06 06 02 04 0a b4 00 3c 00 f0 00 b8 0b 0e 05 1e 0f 08 5a 0f 02 1e 00 05 00 1e 00 78 00 0f 50 00 64 00 2c 01 b8 0b f4 01 dc 05 0a c8 00 2c 01 32 32 32 1e 2c 01 58 02 b8 0b b8 0b 64 00 f4 01 64 00 0f 05 02 78 00 78 00 19 3c 3c 02 41 42 43 44 00 00 00 00 00 00 00 00 00 00 00 00 00 00 00 00 00 00 00 00 00 00 00 00 00 00 00 00 00 00 00 00 00 00 00 00 58 59 5a 41 00 00 00 00 00 00 00 00 00 00 00 00 00 00 00 00 00 00 00 00 00 00 00 00 00 00 00 00 00 00 00 00 00 00 00 00 01 00 00 7f 51 c3 00 00 01 00 00 7f 52 c3 00 00 c0 a8 a7 f4 01 70 17 03 28 02 0f 00 00 00 41 00 00 a0 40 66 66 86 40 66 66 66 40 00 00 00 00 fa 00 64 00 50 00 50 00 dc 05 64 00 32 00 00 00 03 00 c1 4a 13 f6 01 01 4c 4f 43 4f 5f 54 43 41 53 5f 42 52 41 4b 49 4e 47 00 c3 00 00 00 72 00 6e 00 61 00 6c 00 30 ed 3f 1d c3 00 00 00 29 43 a0 64 64 96 00 fa 00 0a 00 04 04 04 03 03 04 32 09 09 32 0a 0a 46 0b 0b 64 0c 0c ff 00 00 64 00 00 00 01 00 02 00 01 3c 00 00 14 1e 37 4b 03 02 04 00 00 00 79 89 f3 f0
2026-06-27T15:12:36.000,1782553356000,1_1,dop1,38637,out,na,160155.0,0c 17 17 17 17 0c 0c 0c 0c 0c 17 17 17 17 17 17
2026-06-27T15:12:36.000,1782553356000,1_1,dop2,38638,out,na,160155.0,0c 17 17 17 17 0c 0c 0c 0c 0c 17 17 17 17 17 17
2026-06-27T15:12:36.000,1782553356000,1_1,dop1,38639,out,na,160155.0,0c 17 17 17 17 0c 0c 0c 0c 0c 17 17 17 17 17 17
2026-06-27T15:12:36.000,1782553356000,1_1,dop2,38640,out,na,160155.0,0c 17 17 17 17 0c 0c 0c 0c 0c 17 17 17 17 17 17
2026-06-27T15:12:37.000,1782553357000,1_1,dmi,38641,out,na,160155.0,aa aa 74 02 01 0a 6f 00 9c 2f 00 00 00 00 00 00 00 00 00 00 1b 06 ea 07 0f 0c 25 00 00 00 00 00 00 00 00 40 00 00 00 00 00 00 01 00 00 20 00 00 00 00 00 00 00 00 00 00 00 50 00 00 00 00 00 00 00 00 00 00 00 00 fa 00 00 00 00 00 01 00 00 0d 6a 0d 00 00 00 00 00 00 00 00 00 00 00 00 f0 3c 00 f4 01 00 00 00 00 08 06 0f 00 00 01 00 b3 d6 70 a1 bb bb
2026-06-27T15:12:37.000,1782553357000,1_1,dop1,38642,out,na,160155.0,0c 17 17 17 17 0c 0c 0c 0c 0c 17 17 17 17 17 17
2026-06-27T15:12:37.000,1782553357000,1_1,dop2,38643,out,na,160155.0,0c 17 17 17 17 0c 0c 0c 0c 0c 17 17 17 17 17 17
2026-06-27T15:12:37.000,1782553357000,1_1,nms hlth,38644,out,pass,160155.0,02 06 0b 00 3f 00 00 00 bb bb 18 00 35 00 01 00 00 01 00 01 01 1b 06 1a 0f 0c 25 09 00 01 01 00 02 01 00 0d 00 00 0e 00 00 0f 00 00 10 00 00 11 00 00 00 29 00 00 39 4a 67 19 26 15 50 a1 fe
2026-06-27T15:12:37.000,1782553357000,1_1,nms rssi,38645,out,pass,160155.0,02 06 0c 00 31 00 00 00 aa aa 20 00 29 00 01 00 00 01 00 01 01 1b 06 1a 0f 0c 25 00 00 00 00 00 00 00 00 00 00 00 00 00 00 00 00 00 00 41 bb cf b7
2026-06-27T15:12:37.000,1782553357000,1_1,linfo,38646,,pass,160155.0,01 02 01 00 00 00 a0 00 b6 03 b6 03 02 16 16 02 05 05 05 02 1e 00 00 00 1e 00 00 01 02 05 08 0a 1e 00 19 0f 05 05 00 00 00 3f 5a 00 05 03 03 06 06 02 04 0a b4 00 3c 00 f0 00 b8 0b 0e 05 1e 0f 08 5a 0f 02 1e 00 05 00 1e 00 78 00 0f 50 00 64 00 2c 01 b8 0b f4 01 dc 05 0a c8 00 2c 01 32 32 32 1e 2c 01 58 02 b8 0b b8 0b 64 00 f4 01 64 00 0f 05 02 78 00 78 00 19 3c 3c 02 41 42 43 44 00 00 00 00 00 00 00 00 00 00 00 00 00 00 00 00 00 00 00 00 00 00 00 00 00 00 00 00 00 00 00 00 00 00 00 00 58 59 5a 41 00 00 00 00 00 00 00 00 00 00 00 00 00 00 00 00 00 00 00 00 00 00 00 00 00 00 00 00 00 00 00 00 00 00 00 00 01 00 00 7f 51 c3 00 00 01 00 00 7f 52 c3 00 00 c0 a8 a7 f4 01 70 17 03 28 02 0f 00 00 00 41 00 00 a0 40 66 66 86 40 66 66 66 40 00 00 00 00 fa 00 64 00 50 00 50 00 dc 05 64 00 32 00 00 00 03 00 c1 4a 13 f6 01 01 4c 4f 43 4f 5f 54 43 41 53 5f 42 52 41 4b 49 4e 47 00 c3 00 00 00 72 00 6e 00 61 00 6c 00 30 ed 3f 1d c3 00 00 00 29 43 a0 64 64 96 00 fa 00 0a 00 04 04 04 03 03 04 32 09 09 32 0a 0a 46 0b 0b 64 0c 0c ff 00 00 64 00 00 00 01 00 02 00 01 3c 00 00 14 1e 37 4b 03 02 04 00 00 00 79 89 f3 f0
2026-06-27T15:12:37.000,1782553357000,1_1,dop1,38647,out,na,160155.0,0c 17 17 17 17 0c 0c 0c 0c 0c 17 17 17 17 17 17
2026-06-27T15:12:37.000,1782553357000,1_1,dop2,38648,out,na,160155.0,0c 17 17 17 17 0c 0c 0c 0c 0c 17 17 17 17 17 17
2026-06-27T15:12:37.000,1782553357000,1_1,dop1,38649,out,na,160155.0,0c 17 17 17 17 0c 0c 0c 0c 0c 17 17 17 17 17 17
2026-06-27T15:12:37.000,1782553357000,1_1,dop2,38650,out,na,160155.0,0c 17 17 17 17 0c 0c 0c 0c 0c 17 17 17 17 17 17
2026-06-27T15:12:38.000,1782553358000,1_1,dmi,38651,out,na,160155.0,aa aa 74 02 01 0a 6f 00 bb 2f 00 00 00 00 00 00 00 00 00 00 1b 06 ea 07 0f 0c 26 00 00 00 00 00 00 00 00 40 00 00 00 00 00 00 01 00 00 20 00 00 00 00 00 00 00 00 00 00 00 50 00 00 00 00 00 00 00 00 00 00 00 00 fa 00 00 00 00 00 01 00 00 0d 6a 0d 00 00 00 00 00 00 00 00 00 00 00 00 f0 3c 00 f4 01 00 00 00 00 08 06 0f 00 00 01 00 fc 04 df 48 bb bb
2026-06-27T15:12:38.000,1782553358000,1_1,dop1,38652,out,na,160155.0,0c 17 17 17 17 0c 0c 0c 0c 0c 17 17 17 17 17 17
2026-06-27T15:12:38.000,1782553358000,1_1,dop2,38653,out,na,160155.0,0c 17 17 17 17 0c 0c 0c 0c 0c 17 17 17 17 17 17
2026-06-27T15:12:38.000,1782553358000,1_1,dlsys,38654,in,fail,160155.0,0c 63 0a 04 09 01 50 01 00 00 00 00 94 c1 cb 1a
2026-06-27T15:12:38.000,1782553358000,1_1,arp,38655,out,fail,160155.0,02 07 0d 00 27 00 00 00 00 00 d3 ad 5e 70 00 01 40 00 00 07 d0 00 04 00 00 00 00 00 00 00 00 00 09 66 c0 82 72 c6 de
2026-06-27T15:12:38.000,1782553358000,1_1,nms hlth,38656,out,pass,160155.0,02 06 0b 00 3f 00 00 00 bb bb 18 00 35 00 01 00 00 01 00 01 01 1b 06 1a 0f 0c 26 09 00 01 01 00 02 01 00 0d 00 00 0e 00 00 0f 00 00 10 00 00 11 00 00 00 29 00 00 39 4a 67 19 26 4e 47 10 eb
2026-06-27T15:12:38.000,1782553358000,1_1,nms rssi,38657,out,pass,160155.0,02 06 0c 00 31 00 00 00 aa aa 20 00 29 00 01 00 00 01 00 01 01 1b 06 1a 0f 0c 26 00 00 00 00 00 00 00 00 00 00 00 00 00 00 00 00 00 00 e2 ed 49 1e
2026-06-27T15:12:38.000,1782553358000,1_1,linfo,38658,,pass,160155.0,01 02 01 00 00 00 a0 00 b6 03 b6 03 02 16 16 02 05 05 05 02 1e 00 00 00 1e 00 00 01 02 05 08 0a 1e 00 19 0f 05 05 00 00 00 3f 5a 00 05 03 03 06 06 02 04 0a b4 00 3c 00 f0 00 b8 0b 0e 05 1e 0f 08 5a 0f 02 1e 00 05 00 1e 00 78 00 0f 50 00 64 00 2c 01 b8 0b f4 01 dc 05 0a c8 00 2c 01 32 32 32 1e 2c 01 58 02 b8 0b b8 0b 64 00 f4 01 64 00 0f 05 02 78 00 78 00 19 3c 3c 02 41 42 43 44 00 00 00 00 00 00 00 00 00 00 00 00 00 00 00 00 00 00 00 00 00 00 00 00 00 00 00 00 00 00 00 00 00 00 00 00 58 59 5a 41 00 00 00 00 00 00 00 00 00 00 00 00 00 00 00 00 00 00 00 00 00 00 00 00 00 00 00 00 00 00 00 00 00 00 00 00 01 00 00 7f 51 c3 00 00 01 00 00 7f 52 c3 00 00 c0 a8 a7 f4 01 70 17 03 28 02 0f 00 00 00 41 00 00 a0 40 66 66 86 40 66 66 66 40 00 00 00 00 fa 00 64 00 50 00 50 00 dc 05 64 00 32 00 00 00 03 00 c1 4a 13 f6 01 01 4c 4f 43 4f 5f 54 43 41 53 5f 42 52 41 4b 49 4e 47 00 c3 00 00 00 72 00 6e 00 61 00 6c 00 30 ed 3f 1d c3 00 00 00 29 43 a0 64 64 96 00 fa 00 0a 00 04 04 04 03 03 04 32 09 09 32 0a 0a 46 0b 0b 64 0c 0c ff 00 00 64 00 00 00 01 00 02 00 01 3c 00 00 14 1e 37 4b 03 02 04 00 00 00 79 89 f3 f0
2026-06-27T15:12:38.000,1782553358000,1_1,dop1,38659,out,na,160155.0,0c 17 17 17 17 0c 0c 0c 0c 0c 17 17 17 17 17 17
2026-06-27T15:12:38.000,1782553358000,1_1,dop2,38660,out,na,160155.0,0c 17 17 17 17 0c 0c 0c 0c 0c 17 17 17 17 17 17
2026-06-27T15:12:38.000,1782553358000,1_1,dop1,38661,out,na,160155.0,0c 17 17 17 17 0c 0c 0c 0c 0c 17 17 17 17 17 17
2026-06-27T15:12:38.000,1782553358000,1_1,dop2,38662,out,na,160155.0,0c 17 17 17 17 0c 0c 0c 0c 0c 17 17 17 17 17 17
2026-06-27T15:12:39.000,1782553359000,1_1,dmi,38663,out,na,160155.0,aa aa 74 02 01 0a 6f 00 da 2f 00 00 00 00 00 00 00 00 00 00 1b 06 ea 07 0f 0c 27 00 00 00 00 00 00 00 00 40 00 00 00 00 00 00 01 00 00 20 00 00 00 00 00 00 00 00 00 00 00 50 00 00 00 00 00 00 00 00 00 00 00 00 fa 00 00 00 00 00 01 00 00 0d 6a 0d 00 00 00 00 00 00 00 00 00 00 00 00 f0 3c 00 f4 01 00 00 00 00 08 06 0f 00 00 01 00 be d0 31 ad bb bb
2026-06-27T15:12:39.000,1782553359000,1_1,dop1,38664,out,na,160155.0,0c 17 17 17 17 0c 0c 0c 0c 0c 17 17 17 17 17 17
2026-06-27T15:12:39.000,1782553359000,1_1,dop2,38665,out,na,160155.0,0c 17 17 17 17 0c 0c 0c 0c 0c 17 17 17 17 17 17
2026-06-27T15:12:39.000,1782553359000,1_1,nms hlth,38666,out,pass,160155.0,02 06 0b 00 3f 00 00 00 bb bb 18 00 35 00 01 00 00 01 00 01 01 1b 06 1a 0f 0c 27 09 00 01 01 00 02 01 00 0d 00 00 0e 00 00 0f 00 00 10 00 00 11 00 00 00 29 00 00 39 4a 67 19 26 78 b5 80 18
2026-06-27T15:12:39.000,1782553359000,1_1,nms rssi,38667,out,pass,160155.0,02 06 0c 00 31 00 00 00 aa aa 20 00 29 00 01 00 00 01 00 01 01 1b 06 1a 0f 0c 27 00 00 00 00 00 00 00 00 00 00 00 00 00 00 00 00 00 00 35 0f c9 46
2026-06-27T15:12:39.000,1782553359000,1_1,linfo,38668,,pass,160155.0,01 02 01 00 00 00 a0 00 b6 03 b6 03 02 16 16 02 05 05 05 02 1e 00 00 00 1e 00 00 01 02 05 08 0a 1e 00 19 0f 05 05 00 00 00 3f 5a 00 05 03 03 06 06 02 04 0a b4 00 3c 00 f0 00 b8 0b 0e 05 1e 0f 08 5a 0f 02 1e 00 05 00 1e 00 78 00 0f 50 00 64 00 2c 01 b8 0b f4 01 dc 05 0a c8 00 2c 01 32 32 32 1e 2c 01 58 02 b8 0b b8 0b 64 00 f4 01 64 00 0f 05 02 78 00 78 00 19 3c 3c 02 41 42 43 44 00 00 00 00 00 00 00 00 00 00 00 00 00 00 00 00 00 00 00 00 00 00 00 00 00 00 00 00 00 00 00 00 00 00 00 00 58 59 5a 41 00 00 00 00 00 00 00 00 00 00 00 00 00 00 00 00 00 00 00 00 00 00 00 00 00 00 00 00 00 00 00 00 00 00 00 00 01 00 00 7f 51 c3 00 00 01 00 00 7f 52 c3 00 00 c0 a8 a7 f4 01 70 17 03 28 02 0f 00 00 00 41 00 00 a0 40 66 66 86 40 66 66 66 40 00 00 00 00 fa 00 64 00 50 00 50 00 dc 05 64 00 32 00 00 00 03 00 c1 4a 13 f6 01 01 4c 4f 43 4f 5f 54 43 41 53 5f 42 52 41 4b 49 4e 47 00 c3 00 00 00 72 00 6e 00 61 00 6c 00 30 ed 3f 1d c3 00 00 00 29 43 a0 64 64 96 00 fa 00 0a 00 04 04 04 03 03 04 32 09 09 32 0a 0a 46 0b 0b 64 0c 0c ff 00 00 64 00 00 00 01 00 02 00 01 3c 00 00 14 1e 37 4b 03 02 04 00 00 00 79 89 f3 f0
2026-06-27T15:12:39.000,1782553359000,1_1,dop1,38669,out,na,160155.0,0c 17 17 17 17 0c 0c 0c 0c 0c 17 17 17 17 17 17
2026-06-27T15:12:39.000,1782553359000,1_1,dop2,38670,out,na,160155.0,0c 17 17 17 17 0c 0c 0c 0c 0c 17 17 17 17 17 17
2026-06-27T15:12:39.000,1782553359000,1_1,dop1,38671,out,na,160155.0,0c 17 17 17 17 0c 0c 0c 0c 0c 17 17 17 17 17 17
2026-06-27T15:12:39.000,1782553359000,1_1,dop2,38672,out,na,160155.0,0c 17 17 17 17 0c 0c 0c 0c 0c 17 17 17 17 17 17
2026-06-27T15:12:40.000,1782553360000,1_1,ccsys,38673,in,fail,160155.0,03 01 01 00 00 00 00 00 00 00 00 00 00 00 00 00 00 00 00 00 00 00 00 00 00 00 00 00 00 03 01 01 28 28 00 00 00 00 03 03 00 00 00 00 1c 1c 33 33 00 00 00 00
2026-06-27T15:12:40.000,1782553360000,1_1,dmi,38674,out,na,160155.0,aa aa 74 02 01 0a 6f 00 f9 2f 00 00 00 00 00 00 00 00 00 00 1b 06 ea 07 0f 0c 28 00 00 00 00 00 00 00 00 40 00 00 00 00 00 00 01 00 00 20 00 00 00 00 00 00 00 00 00 00 00 50 00 00 00 00 00 00 00 00 00 00 00 00 fa 00 00 00 00 00 01 00 00 0d 6a 0d 00 00 00 00 00 00 00 00 00 00 00 00 f0 3c 00 f4 01 00 00 00 00 08 06 0f 00 00 01 00 c0 18 5f fc bb bb
2026-06-27T15:12:40.000,1782553360000,1_1,dop1,38675,out,na,160155.0,0c 17 17 17 17 0c 0c 0c 0c 0c 17 17 17 17 17 17
2026-06-27T15:12:40.000,1782553360000,1_1,dop2,38676,out,na,160155.0,0c 17 17 17 17 0c 0c 0c 0c 0c 17 17 17 17 17 17
2026-06-27T15:12:40.000,1782553360000,1_1,arp,38677,out,fail,160155.0,02 07 0d 00 27 00 00 00 00 00 d3 ad 5e 90 00 01 40 00 00 07 d0 00 04 00 00 00 00 00 00 00 00 00 09 66 c0 8f 4e 36 15
2026-06-27T15:12:40.000,1782553360000,1_1,nms hlth,38678,out,pass,160155.0,02 06 0b 00 3f 00 00 00 bb bb 18 00 35 00 01 00 00 01 00 01 01 1b 06 1a 0f 0c 28 09 00 01 01 00 02 01 00 0d 00 00 0e 00 00 0f 00 00 10 00 00 11 00 00 00 29 00 00 39 4a 67 19 26 94 8d f3 18
2026-06-27T15:12:40.000,1782553360000,1_1,nms rssi,38679,out,pass,160155.0,02 06 0c 00 31 00 00 00 aa aa 20 00 29 00 01 00 00 01 00 01 01 1b 06 1a 0f 0c 28 00 00 00 00 00 00 00 00 00 00 00 00 00 00 00 00 00 00 76 90 5f 88
2026-06-27T15:12:40.000,1782553360000,1_1,linfo,38680,,pass,160155.0,01 02 01 00 00 00 a0 00 b6 03 b6 03 02 16 16 02 05 05 05 02 1e 00 00 00 1e 00 00 01 02 05 08 0a 1e 00 19 0f 05 05 00 00 00 3f 5a 00 05 03 03 06 06 02 04 0a b4 00 3c 00 f0 00 b8 0b 0e 05 1e 0f 08 5a 0f 02 1e 00 05 00 1e 00 78 00 0f 50 00 64 00 2c 01 b8 0b f4 01 dc 05 0a c8 00 2c 01 32 32 32 1e 2c 01 58 02 b8 0b b8 0b 64 00 f4 01 64 00 0f 05 02 78 00 78 00 19 3c 3c 02 41 42 43 44 00 00 00 00 00 00 00 00 00 00 00 00 00 00 00 00 00 00 00 00 00 00 00 00 00 00 00 00 00 00 00 00 00 00 00 00 58 59 5a 41 00 00 00 00 00 00 00 00 00 00 00 00 00 00 00 00 00 00 00 00 00 00 00 00 00 00 00 00 00 00 00 00 00 00 00 00 01 00 00 7f 51 c3 00 00 01 00 00 7f 52 c3 00 00 c0 a8 a7 f4 01 70 17 03 28 02 0f 00 00 00 41 00 00 a0 40 66 66 86 40 66 66 66 40 00 00 00 00 fa 00 64 00 50 00 50 00 dc 05 64 00 32 00 00 00 03 00 c1 4a 13 f6 01 01 4c 4f 43 4f 5f 54 43 41 53 5f 42 52 41 4b 49 4e 47 00 c3 00 00 00 72 00 6e 00 61 00 6c 00 30 ed 3f 1d c3 00 00 00 29 43 a0 64 64 96 00 fa 00 0a 00 04 04 04 03 03 04 32 09 09 32 0a 0a 46 0b 0b 64 0c 0c ff 00 00 64 00 00 00 01 00 02 00 01 3c 00 00 14 1e 37 4b 03 02 04 00 00 00 79 89 f3 f0
2026-06-27T15:12:40.000,1782553360000,1_1,dop1,38681,out,na,160155.0,0c 17 17 17 17 0c 0c 0c 0c 0c 17 17 17 17 17 17
2026-06-27T15:12:40.000,1782553360000,1_1,dop2,38682,out,na,160155.0,0c 17 17 17 17 0c 0c 0c 0c 0c 17 17 17 17 17 17
2026-06-27T15:12:40.000,1782553360000,1_1,dop1,38683,out,na,160155.0,0c 17 17 17 17 0c 0c 0c 0c 0c 17 17 17 17 17 17
2026-06-27T15:12:40.000,1782553360000,1_1,dop2,38684,out,na,160155.0,0c 17 17 17 17 0c 0c 0c 0c 0c 17 17 17 17 17 17
2026-06-27T15:12:41.000,1782553361000,1_1,dmi,38685,out,na,160155.0,aa aa 74 02 01 0a 6f 00 18 30 00 00 00 00 00 00 00 00 00 00 1b 06 ea 07 0f 0c 29 00 00 00 00 00 00 00 00 40 00 00 00 00 00 00 01 00 00 20 00 00 00 00 00 00 00 00 00 00 00 50 00 00 00 00 00 00 00 00 00 00 00 00 fa 00 00 00 00 00 01 00 00 0d 6a 0d 00 00 00 00 00 00 00 00 00 00 00 00 f0 3c 00 f4 01 00 00 00 00 08 06 0f 00 00 01 00 41 11 09 81 bb bb
2026-06-27T15:12:41.000,1782553361000,1_1,dop1,38686,out,na,160155.0,0c 17 17 17 17 0c 0c 0c 0c 0c 17 17 17 17 17 17
2026-06-27T15:12:41.000,1782553361000,1_1,dop2,38687,out,na,160155.0,0c 17 17 17 17 0c 0c 0c 0c 0c 17 17 17 17 17 17
2026-06-27T15:12:41.000,1782553361000,1_1,nms hlth,38688,out,pass,160155.0,02 06 0b 00 3f 00 00 00 bb bb 18 00 35 00 01 00 00 01 00 01 01 1b 06 1a 0f 0c 29 09 00 01 01 00 02 01 00 0d 00 00 0e 00 00 0f 00 00 10 00 00 11 00 00 00 29 00 00 39 4a 67 19 26 a2 7f 63 eb
2026-06-27T15:12:41.000,1782553361000,1_1,nms rssi,38689,out,pass,160155.0,02 06 0c 00 31 00 00 00 aa aa 20 00 29 00 01 00 00 01 00 01 01 1b 06 1a 0f 0c 29 00 00 00 00 00 00 00 00 00 00 00 00 00 00 00 00 00 00 a1 72 df d0
2026-06-27T15:12:41.000,1782553361000,1_1,linfo,38690,,pass,160155.0,01 02 01 00 00 00 a0 00 b6 03 b6 03 02 16 16 02 05 05 05 02 1e 00 00 00 1e 00 00 01 02 05 08 0a 1e 00 19 0f 05 05 00 00 00 3f 5a 00 05 03 03 06 06 02 04 0a b4 00 3c 00 f0 00 b8 0b 0e 05 1e 0f 08 5a 0f 02 1e 00 05 00 1e 00 78 00 0f 50 00 64 00 2c 01 b8 0b f4 01 dc 05 0a c8 00 2c 01 32 32 32 1e 2c 01 58 02 b8 0b b8 0b 64 00 f4 01 64 00 0f 05 02 78 00 78 00 19 3c 3c 02 41 42 43 44 00 00 00 00 00 00 00 00 00 00 00 00 00 00 00 00 00 00 00 00 00 00 00 00 00 00 00 00 00 00 00 00 00 00 00 00 58 59 5a 41 00 00 00 00 00 00 00 00 00 00 00 00 00 00 00 00 00 00 00 00 00 00 00 00 00 00 00 00 00 00 00 00 00 00 00 00 01 00 00 7f 51 c3 00 00 01 00 00 7f 52 c3 00 00 c0 a8 a7 f4 01 70 17 03 28 02 0f 00 00 00 41 00 00 a0 40 66 66 86 40 66 66 66 40 00 00 00 00 fa 00 64 00 50 00 50 00 dc 05 64 00 32 00 00 00 03 00 c1 4a 13 f6 01 01 4c 4f 43 4f 5f 54 43 41 53 5f 42 52 41 4b 49 4e 47 00 c3 00 00 00 72 00 6e 00 61 00 6c 00 30 ed 3f 1d c3 00 00 00 29 43 a0 64 64 96 00 fa 00 0a 00 04 04 04 03 03 04 32 09 09 32 0a 0a 46 0b 0b 64 0c 0c ff 00 00 64 00 00 00 01 00 02 00 01 3c 00 00 14 1e 37 4b 03 02 04 00 00 00 79 89 f3 f0
2026-06-27T15:12:41.000,1782553361000,1_1,dop1,38691,out,na,160155.0,0c 17 17 17 17 0c 0c 0c 0c 0c 17 17 17 17 17 17
2026-06-27T15:12:41.000,1782553361000,1_1,dop2,38692,out,na,160155.0,0c 17 17 17 17 0c 0c 0c 0c 0c 17 17 17 17 17 17
2026-06-27T15:12:41.000,1782553361000,1_1,dop1,38693,out,na,160155.0,0c 17 17 17 17 0c 0c 0c 0c 0c 17 17 17 17 17 17
2026-06-27T15:12:41.000,1782553361000,1_1,dop2,38694,out,na,160155.0,0c 17 17 17 17 0c 0c 0c 0c 0c 17 17 17 17 17 17
2026-06-27T15:12:42.000,1782553362000,1_1,dmi,38695,out,na,160155.0,aa aa 74 02 01 0a 6f 00 37 30 00 00 00 00 00 00 00 00 00 00 1b 06 ea 07 0f 0c 2a 00 00 00 00 00 00 00 00 40 00 00 00 00 00 00 01 00 00 20 00 00 00 00 00 00 00 00 00 00 00 50 00 00 00 00 00 00 00 00 00 00 00 00 fa 00 00 00 00 00 01 00 00 0d 6a 0d 00 00 00 00 00 00 00 00 00 00 00 00 f0 3c 00 f4 01 00 00 00 00 08 06 0f 00 00 01 00 a1 e2 b6 df bb bb
2026-06-27T15:12:42.000,1782553362000,1_1,dop1,38696,out,na,160155.0,0c 17 17 17 17 0c 0c 0c 0c 0c 17 17 17 17 17 17
2026-06-27T15:12:42.000,1782553362000,1_1,dop2,38697,out,na,160155.0,0c 17 17 17 17 0c 0c 0c 0c 0c 17 17 17 17 17 17
2026-06-27T15:12:42.000,1782553362000,1_1,arp,38698,out,fail,160155.0,02 07 0d 00 27 00 00 00 00 00 d3 ad 5e b0 00 01 40 00 00 07 d0 00 04 00 00 00 00 00 00 00 00 00 09 66 c0 07 d1 a4 d6
2026-06-27T15:12:42.000,1782553362000,1_1,nms hlth,38699,out,pass,160155.0,02 06 0b 00 3f 00 00 00 bb bb 18 00 35 00 01 00 00 01 00 01 01 1b 06 1a 0f 0c 2a 09 00 01 01 00 02 01 00 0d 00 00 0e 00 00 0f 00 00 10 00 00 11 00 00 00 29 00 00 39 4a 67 19 26 f9 68 d2 fe
2026-06-27T15:12:42.000,1782553362000,1_1,nms rssi,38700,out,pass,160155.0,02 06 0c 00 31 00 00 00 aa aa 20 00 29 00 01 00 00 01 00 01 01 1b 06 1a 0f 0c 2a 00 00 00 00 00 00 00 00 00 00 00 00 00 00 00 00 00 00 02 24 59 79
2026-06-27T15:12:42.000,1782553362000,1_1,linfo,38701,,pass,160155.0,01 02 01 00 00 00 a0 00 b6 03 b6 03 02 16 16 02 05 05 05 02 1e 00 00 00 1e 00 00 01 02 05 08 0a 1e 00 19 0f 05 05 00 00 00 3f 5a 00 05 03 03 06 06 02 04 0a b4 00 3c 00 f0 00 b8 0b 0e 05 1e 0f 08 5a 0f 02 1e 00 05 00 1e 00 78 00 0f 50 00 64 00 2c 01 b8 0b f4 01 dc 05 0a c8 00 2c 01 32 32 32 1e 2c 01 58 02 b8 0b b8 0b 64 00 f4 01 64 00 0f 05 02 78 00 78 00 19 3c 3c 02 41 42 43 44 00 00 00 00 00 00 00 00 00 00 00 00 00 00 00 00 00 00 00 00 00 00 00 00 00 00 00 00 00 00 00 00 00 00 00 00 58 59 5a 41 00 00 00 00 00 00 00 00 00 00 00 00 00 00 00 00 00 00 00 00 00 00 00 00 00 00 00 00 00 00 00 00 00 00 00 00 01 00 00 7f 51 c3 00 00 01 00 00 7f 52 c3 00 00 c0 a8 a7 f4 01 70 17 03 28 02 0f 00 00 00 41 00 00 a0 40 66 66 86 40 66 66 66 40 00 00 00 00 fa 00 64 00 50 00 50 00 dc 05 64 00 32 00 00 00 03 00 c1 4a 13 f6 01 01 4c 4f 43 4f 5f 54 43 41 53 5f 42 52 41 4b 49 4e 47 00 c3 00 00 00 72 00 6e 00 61 00 6c 00 30 ed 3f 1d c3 00 00 00 29 43 a0 64 64 96 00 fa 00 0a 00 04 04 04 03 03 04 32 09 09 32 0a 0a 46 0b 0b 64 0c 0c ff 00 00 64 00 00 00 01 00 02 00 01 3c 00 00 14 1e 37 4b 03 02 04 00 00 00 79 89 f3 f0
2026-06-27T15:12:42.000,1782553362000,1_1,dop1,38702,out,na,160155.0,0c 17 17 17 17 0c 0c 0c 0c 0c 17 17 17 17 17 17
2026-06-27T15:12:42.000,1782553362000,1_1,dop2,38703,out,na,160155.0,0c 17 17 17 17 0c 0c 0c 0c 0c 17 17 17 17 17 17
2026-06-27T15:12:42.000,1782553362000,1_1,dop1,38704,out,na,160155.0,0c 17 17 17 17 0c 0c 0c 0c 0c 17 17 17 17 17 17
2026-06-27T15:12:42.000,1782553362000,1_1,dop2,38705,out,na,160155.0,0c 17 17 17 17 0c 0c 0c 0c 0c 17 17 17 17 17 17
2026-06-27T15:12:43.000,1782553363000,1_1,dmi,38706,out,na,160155.0,aa aa 74 02 01 0a 6f 00 56 30 00 00 00 00 00 00 00 00 00 00 1b 06 ea 07 0f 0c 2b 00 00 00 00 00 00 00 00 40 00 00 00 00 00 00 01 00 00 20 00 00 00 00 00 00 00 00 00 00 00 50 00 00 00 00 00 00 00 00 00 00 00 00 fa 00 00 00 00 00 01 00 00 0d 6a 0d 00 00 00 00 00 00 00 00 00 00 00 00 f0 3c 00 f4 01 00 00 00 00 08 06 0f 00 00 01 00 e3 36 58 3a bb bb
2026-06-27T15:12:43.000,1782553363000,1_1,dop1,38707,out,na,160155.0,0c 17 17 17 17 0c 0c 0c 0c 0c 17 17 17 17 17 17
2026-06-27T15:12:43.000,1782553363000,1_1,dop2,38708,out,na,160155.0,0c 17 17 17 17 0c 0c 0c 0c 0c 17 17 17 17 17 17
2026-06-27T15:12:43.000,1782553363000,1_1,nms hlth,38709,out,pass,160155.0,02 06 0b 00 3f 00 00 00 bb bb 18 00 35 00 01 00 00 01 00 01 01 1b 06 1a 0f 0c 2b 09 00 01 01 00 02 01 00 0d 00 00 0e 00 00 0f 00 00 10 00 00 11 00 00 00 29 00 00 39 4a 67 19 26 cf 9a 42 0d
2026-06-27T15:12:43.000,1782553363000,1_1,nms rssi,38710,out,pass,160155.0,02 06 0c 00 31 00 00 00 aa aa 20 00 29 00 01 00 00 01 00 01 01 1b 06 1a 0f 0c 2b 00 00 00 00 00 00 00 00 00 00 00 00 00 00 00 00 00 00 d5 c6 d9 21
2026-06-27T15:12:43.000,1782553363000,1_1,linfo,38711,,pass,160155.0,01 02 01 00 00 00 a0 00 b6 03 b6 03 02 16 16 02 05 05 05 02 1e 00 00 00 1e 00 00 01 02 05 08 0a 1e 00 19 0f 05 05 00 00 00 3f 5a 00 05 03 03 06 06 02 04 0a b4 00 3c 00 f0 00 b8 0b 0e 05 1e 0f 08 5a 0f 02 1e 00 05 00 1e 00 78 00 0f 50 00 64 00 2c 01 b8 0b f4 01 dc 05 0a c8 00 2c 01 32 32 32 1e 2c 01 58 02 b8 0b b8 0b 64 00 f4 01 64 00 0f 05 02 78 00 78 00 19 3c 3c 02 41 42 43 44 00 00 00 00 00 00 00 00 00 00 00 00 00 00 00 00 00 00 00 00 00 00 00 00 00 00 00 00 00 00 00 00 00 00 00 00 58 59 5a 41 00 00 00 00 00 00 00 00 00 00 00 00 00 00 00 00 00 00 00 00 00 00 00 00 00 00 00 00 00 00 00 00 00 00 00 00 01 00 00 7f 51 c3 00 00 01 00 00 7f 52 c3 00 00 c0 a8 a7 f4 01 70 17 03 28 02 0f 00 00 00 41 00 00 a0 40 66 66 86 40 66 66 66 40 00 00 00 00 fa 00 64 00 50 00 50 00 dc 05 64 00 32 00 00 00 03 00 c1 4a 13 f6 01 01 4c 4f 43 4f 5f 54 43 41 53 5f 42 52 41 4b 49 4e 47 00 c3 00 00 00 72 00 6e 00 61 00 6c 00 30 ed 3f 1d c3 00 00 00 29 43 a0 64 64 96 00 fa 00 0a 00 04 04 04 03 03 04 32 09 09 32 0a 0a 46 0b 0b 64 0c 0c ff 00 00 64 00 00 00 01 00 02 00 01 3c 00 00 14 1e 37 4b 03 02 04 00 00 00 79 89 f3 f0
2026-06-27T15:12:43.000,1782553363000,1_1,dop1,38712,out,na,160155.0,0c 17 17 17 17 0c 0c 0c 0c 0c 17 17 17 17 17 17
2026-06-27T15:12:43.000,1782553363000,1_1,dop2,38713,out,na,160155.0,0c 17 17 17 17 0c 0c 0c 0c 0c 17 17 17 17 17 17
2026-06-27T15:12:44.000,1782553364000,1_1,dop1,38714,out,na,160155.0,0c 17 17 17 17 0c 0c 0c 0c 0c 17 17 17 17 17 17
2026-06-27T15:12:44.000,1782553364000,1_1,dop2,38715,out,na,160155.0,0c 17 17 17 17 0c 0c 0c 0c 0c 17 17 17 17 17 17
2026-06-27T15:12:44.000,1782553364000,1_1,dmi,38716,out,na,160155.0,aa aa 74 02 01 0a 6f 00 75 30 00 00 00 00 00 00 00 00 00 00 1b 06 ea 07 0f 0c 2c 00 00 00 00 00 00 00 00 40 00 00 00 00 00 00 01 00 00 20 00 00 00 00 00 00 00 00 00 00 00 50 00 00 00 00 00 00 00 00 00 00 00 00 fa 00 00 00 00 00 01 00 00 0d 6a 0d 00 00 00 00 00 00 00 00 00 00 00 00 f0 3c 00 f4 01 00 00 00 00 08 06 0f 00 00 01 00 26 f2 b8 d6 bb bb
2026-06-27T15:12:44.000,1782553364000,1_1,dop1,38717,out,na,160155.0,0c 17 17 17 17 0c 0c 0c 0c 0c 17 17 17 17 17 17
2026-06-27T15:12:44.000,1782553364000,1_1,dop2,38718,out,na,160155.0,0c 17 17 17 17 0c 0c 0c 0c 0c 17 17 17 17 17 17
2026-06-27T15:12:44.000,1782553364000,1_1,arp,38719,out,fail,160155.0,02 07 0d 00 27 00 00 00 00 00 d3 ad 5e d0 00 01 40 00 00 07 d0 00 04 00 00 00 00 00 00 00 00 00 09 66 c0 45 00 15 d2
2026-06-27T15:12:44.000,1782553364000,1_1,nms hlth,38720,out,pass,160155.0,02 06 0b 00 3f 00 00 00 bb bb 18 00 35 00 01 00 00 01 00 01 01 1b 06 1a 0f 0c 2c 09 00 01 01 00 02 01 00 0d 00 00 0e 00 00 0f 00 00 10 00 00 11 00 00 00 29 00 00 39 4a 67 19 26 4f 47 b0 d4
2026-06-27T15:12:44.000,1782553364000,1_1,nms rssi,38721,out,pass,160155.0,02 06 0c 00 31 00 00 00 aa aa 20 00 29 00 01 00 00 01 00 01 01 1b 06 1a 0f 0c 2c 00 00 00 00 00 00 00 00 00 00 00 00 00 00 00 00 00 00 9f f8 52 6a
2026-06-27T15:12:44.000,1782553364000,1_1,linfo,38722,,pass,160155.0,01 02 01 00 00 00 a0 00 b6 03 b6 03 02 16 16 02 05 05 05 02 1e 00 00 00 1e 00 00 01 02 05 08 0a 1e 00 19 0f 05 05 00 00 00 3f 5a 00 05 03 03 06 06 02 04 0a b4 00 3c 00 f0 00 b8 0b 0e 05 1e 0f 08 5a 0f 02 1e 00 05 00 1e 00 78 00 0f 50 00 64 00 2c 01 b8 0b f4 01 dc 05 0a c8 00 2c 01 32 32 32 1e 2c 01 58 02 b8 0b b8 0b 64 00 f4 01 64 00 0f 05 02 78 00 78 00 19 3c 3c 02 41 42 43 44 00 00 00 00 00 00 00 00 00 00 00 00 00 00 00 00 00 00 00 00 00 00 00 00 00 00 00 00 00 00 00 00 00 00 00 00 58 59 5a 41 00 00 00 00 00 00 00 00 00 00 00 00 00 00 00 00 00 00 00 00 00 00 00 00 00 00 00 00 00 00 00 00 00 00 00 00 01 00 00 7f 51 c3 00 00 01 00 00 7f 52 c3 00 00 c0 a8 a7 f4 01 70 17 03 28 02 0f 00 00 00 41 00 00 a0 40 66 66 86 40 66 66 66 40 00 00 00 00 fa 00 64 00 50 00 50 00 dc 05 64 00 32 00 00 00 03 00 c1 4a 13 f6 01 01 4c 4f 43 4f 5f 54 43 41 53 5f 42 52 41 4b 49 4e 47 00 c3 00 00 00 72 00 6e 00 61 00 6c 00 30 ed 3f 1d c3 00 00 00 29 43 a0 64 64 96 00 fa 00 0a 00 04 04 04 03 03 04 32 09 09 32 0a 0a 46 0b 0b 64 0c 0c ff 00 00 64 00 00 00 01 00 02 00 01 3c 00 00 14 1e 37 4b 03 02 04 00 00 00 79 89 f3 f0
2026-06-27T15:12:44.000,1782553364000,1_1,dop1,38723,out,na,160155.0,0c 17 17 17 17 0c 0c 0c 0c 0c 17 17 17 17 17 17
2026-06-27T15:12:44.000,1782553364000,1_1,dop2,38724,out,na,160155.0,0c 17 17 17 17 0c 0c 0c 0c 0c 17 17 17 17 17 17
2026-06-27T15:12:44.000,1782553364000,1_1,ccsys,38725,in,fail,160155.0,03 01 01 00 00 00 00 00 00 00 00 00 00 00 00 00 00 00 00 00 00 00 00 00 00 00 00 00 00 03 01 01 2d 2d 00 00 00 00 03 03 00 00 00 00 1c 1c 33 33 00 00 00 00
2026-06-27T15:12:44.000,1782553364000,1_1,dop1,38726,out,na,160155.0,0c 17 17 17 17 0c 0c 0c 0c 0c 17 17 17 17 17 17
2026-06-27T15:12:44.000,1782553364000,1_1,dop2,38727,out,na,160155.0,0c 17 17 17 17 0c 0c 0c 0c 0c 17 17 17 17 17 17
2026-06-27T15:12:45.000,1782553365000,1_1,dmi,38728,out,na,160155.0,aa aa 74 02 01 0a 6f 00 94 30 00 00 00 00 00 00 00 00 00 00 1b 06 ea 07 0f 0c 2d 00 00 00 00 00 00 00 00 40 00 00 00 00 00 00 01 00 00 20 00 00 00 00 00 00 00 00 00 00 00 50 00 00 00 00 00 00 00 00 00 00 00 00 fa 00 00 00 00 00 01 00 00 0d 6a 0d 00 00 00 00 00 00 00 00 00 00 00 00 f0 3c 00 f4 01 00 00 00 00 08 06 0f 00 00 01 00 5b 1d 8b 99 bb bb
2026-06-27T15:12:45.000,1782553365000,1_1,dop1,38729,out,na,160155.0,0c 17 17 17 17 0c 0c 0c 0c 0c 17 17 17 17 17 17
2026-06-27T15:12:45.000,1782553365000,1_1,dop2,38730,out,na,160155.0,0c 17 17 17 17 0c 0c 0c 0c 0c 17 17 17 17 17 17
2026-06-27T15:12:45.000,1782553365000,1_1,nms hlth,38731,out,pass,160155.0,02 06 0b 00 3f 00 00 00 bb bb 18 00 35 00 01 00 00 01 00 01 01 1b 06 1a 0f 0c 2d 09 00 01 01 00 02 01 00 0d 00 00 0e 00 00 0f 00 00 10 00 00 11 00 00 00 29 00 00 39 4a 67 19 26 79 b5 20 27
2026-06-27T15:12:45.000,1782553365000,1_1,nms rssi,38732,out,pass,160155.0,02 06 0c 00 31 00 00 00 aa aa 20 00 29 00 01 00 00 01 00 01 01 1b 06 1a 0f 0c 2d 00 00 00 00 00 00 00 00 00 00 00 00 00 00 00 00 00 00 48 1a d2 32
2026-06-27T15:12:45.000,1782553365000,1_1,linfo,38733,,pass,160155.0,01 02 01 00 00 00 a0 00 b6 03 b6 03 02 16 16 02 05 05 05 02 1e 00 00 00 1e 00 00 01 02 05 08 0a 1e 00 19 0f 05 05 00 00 00 3f 5a 00 05 03 03 06 06 02 04 0a b4 00 3c 00 f0 00 b8 0b 0e 05 1e 0f 08 5a 0f 02 1e 00 05 00 1e 00 78 00 0f 50 00 64 00 2c 01 b8 0b f4 01 dc 05 0a c8 00 2c 01 32 32 32 1e 2c 01 58 02 b8 0b b8 0b 64 00 f4 01 64 00 0f 05 02 78 00 78 00 19 3c 3c 02 41 42 43 44 00 00 00 00 00 00 00 00 00 00 00 00 00 00 00 00 00 00 00 00 00 00 00 00 00 00 00 00 00 00 00 00 00 00 00 00 58 59 5a 41 00 00 00 00 00 00 00 00 00 00 00 00 00 00 00 00 00 00 00 00 00 00 00 00 00 00 00 00 00 00 00 00 00 00 00 00 01 00 00 7f 51 c3 00 00 01 00 00 7f 52 c3 00 00 c0 a8 a7 f4 01 70 17 03 28 02 0f 00 00 00 41 00 00 a0 40 66 66 86 40 66 66 66 40 00 00 00 00 fa 00 64 00 50 00 50 00 dc 05 64 00 32 00 00 00 03 00 c1 4a 13 f6 01 01 4c 4f 43 4f 5f 54 43 41 53 5f 42 52 41 4b 49 4e 47 00 c3 00 00 00 72 00 6e 00 61 00 6c 00 30 ed 3f 1d c3 00 00 00 29 43 a0 64 64 96 00 fa 00 0a 00 04 04 04 03 03 04 32 09 09 32 0a 0a 46 0b 0b 64 0c 0c ff 00 00 64 00 00 00 01 00 02 00 01 3c 00 00 14 1e 37 4b 03 02 04 00 00 00 79 89 f3 f0
2026-06-27T15:12:45.000,1782553365000,1_1,dop1,38734,out,na,160155.0,0c 17 17 17 17 0c 0c 0c 0c 0c 17 17 17 17 17 17
2026-06-27T15:12:45.000,1782553365000,1_1,dop2,38735,out,na,160155.0,0c 17 17 17 17 0c 0c 0c 0c 0c 17 17 17 17 17 17
2026-06-27T15:12:46.000,1782553366000,1_1,dop1,38736,out,na,160155.0,0c 17 17 17 17 0c 0c 0c 0c 0c 17 17 17 17 17 17
2026-06-27T15:12:46.000,1782553366000,1_1,dop2,38737,out,na,160155.0,0c 17 17 17 17 0c 0c 0c 0c 0c 17 17 17 17 17 17
2026-06-27T15:12:46.000,1782553366000,1_1,dmi,38738,out,na,160155.0,aa aa 74 02 01 0a 6f 00 b3 30 00 00 00 00 00 00 00 00 00 00 1b 06 ea 07 0f 0c 2e 00 00 00 00 00 00 00 00 40 00 00 00 00 00 00 01 00 00 20 00 00 00 00 00 00 00 00 00 00 00 50 00 00 00 00 00 00 00 00 00 00 00 00 fa 00 00 00 00 00 01 00 00 0d 6a 0d 00 00 00 00 00 00 00 00 00 00 00 00 f0 3c 00 f4 01 00 00 00 00 08 06 0f 00 00 01 00 14 cf 24 70 bb bb
2026-06-27T15:12:46.000,1782553366000,1_1,dop1,38739,out,na,160155.0,0c 17 17 17 17 0c 0c 0c 0c 0c 17 17 17 17 17 17
2026-06-27T15:12:46.000,1782553366000,1_1,dop2,38740,out,na,160155.0,0c 17 17 17 17 0c 0c 0c 0c 0c 17 17 17 17 17 17
2026-06-27T15:12:46.000,1782553366000,1_1,arp,38741,out,fail,160155.0,02 07 0d 00 27 00 00 00 00 00 d3 ad 5e f0 00 01 40 00 00 07 d0 00 04 00 00 00 00 00 00 00 00 00 09 66 c0 cd 9f 87 11
2026-06-27T15:12:46.000,1782553366000,1_1,nms hlth,38742,out,pass,160155.0,02 06 0b 00 3f 00 00 00 bb bb 18 00 35 00 01 00 00 01 00 01 01 1b 06 1a 0f 0c 2e 09 00 01 01 00 02 01 00 0d 00 00 0e 00 00 0f 00 00 10 00 00 11 00 00 00 29 00 00 39 4a 67 19 26 22 a2 91 32
2026-06-27T15:12:46.000,1782553366000,1_1,nms rssi,38743,out,pass,160155.0,02 06 0c 00 31 00 00 00 aa aa 20 00 29 00 01 00 00 01 00 01 01 1b 06 1a 0f 0c 2e 00 00 00 00 00 00 00 00 00 00 00 00 00 00 00 00 00 00 eb 4c 54 9b
2026-06-27T15:12:46.000,1782553366000,1_1,linfo,38744,,pass,160155.0,01 02 01 00 00 00 a0 00 b6 03 b6 03 02 16 16 02 05 05 05 02 1e 00 00 00 1e 00 00 01 02 05 08 0a 1e 00 19 0f 05 05 00 00 00 3f 5a 00 05 03 03 06 06 02 04 0a b4 00 3c 00 f0 00 b8 0b 0e 05 1e 0f 08 5a 0f 02 1e 00 05 00 1e 00 78 00 0f 50 00 64 00 2c 01 b8 0b f4 01 dc 05 0a c8 00 2c 01 32 32 32 1e 2c 01 58 02 b8 0b b8 0b 64 00 f4 01 64 00 0f 05 02 78 00 78 00 19 3c 3c 02 41 42 43 44 00 00 00 00 00 00 00 00 00 00 00 00 00 00 00 00 00 00 00 00 00 00 00 00 00 00 00 00 00 00 00 00 00 00 00 00 58 59 5a 41 00 00 00 00 00 00 00 00 00 00 00 00 00 00 00 00 00 00 00 00 00 00 00 00 00 00 00 00 00 00 00 00 00 00 00 00 01 00 00 7f 51 c3 00 00 01 00 00 7f 52 c3 00 00 c0 a8 a7 f4 01 70 17 03 28 02 0f 00 00 00 41 00 00 a0 40 66 66 86 40 66 66 66 40 00 00 00 00 fa 00 64 00 50 00 50 00 dc 05 64 00 32 00 00 00 03 00 c1 4a 13 f6 01 01 4c 4f 43 4f 5f 54 43 41 53 5f 42 52 41 4b 49 4e 47 00 c3 00 00 00 72 00 6e 00 61 00 6c 00 30 ed 3f 1d c3 00 00 00 29 43 a0 64 64 96 00 fa 00 0a 00 04 04 04 03 03 04 32 09 09 32 0a 0a 46 0b 0b 64 0c 0c ff 00 00 64 00 00 00 01 00 02 00 01 3c 00 00 14 1e 37 4b 03 02 04 00 00 00 79 89 f3 f0
2026-06-27T15:12:46.000,1782553366000,1_1,dop1,38745,out,na,160155.0,0c 17 17 17 17 0c 0c 0c 0c 0c 17 17 17 17 17 17
2026-06-27T15:12:46.000,1782553366000,1_1,dop2,38746,out,na,160155.0,0c 17 17 17 17 0c 0c 0c 0c 0c 17 17 17 17 17 17
2026-06-27T15:12:46.000,1782553366000,1_1,dop1,38747,out,na,160155.0,0c 17 17 17 17 0c 0c 0c 0c 0c 17 17 17 17 17 17
2026-06-27T15:12:46.000,1782553366000,1_1,dop2,38748,out,na,160155.0,0c 17 17 17 17 0c 0c 0c 0c 0c 17 17 17 17 17 17
2026-06-27T15:12:47.000,1782553367000,1_1,dmi,38749,out,na,160155.0,aa aa 74 02 01 0a 6f 00 d2 30 00 00 00 00 00 00 00 00 00 00 1b 06 ea 07 0f 0c 2f 00 00 00 00 00 00 00 00 40 00 00 00 00 00 00 01 00 00 20 00 00 00 00 00 00 00 00 00 00 00 50 00 00 00 00 00 00 00 00 00 00 00 00 fa 00 00 00 00 00 01 00 00 0d 6a 0d 00 00 00 00 00 00 00 00 00 00 00 00 f0 3c 00 f4 01 00 00 00 00 08 06 0f 00 00 01 00 56 1b ca 95 bb bb
2026-06-27T15:12:47.000,1782553367000,1_1,dop1,38750,out,na,160155.0,0c 17 17 17 17 0c 0c 0c 0c 0c 17 17 17 17 17 17
2026-06-27T15:12:47.000,1782553367000,1_1,dop2,38751,out,na,160155.0,0c 17 17 17 17 0c 0c 0c 0c 0c 17 17 17 17 17 17
2026-06-27T15:12:47.000,1782553367000,1_1,nms hlth,38752,out,pass,160155.0,02 06 0b 00 3f 00 00 00 bb bb 18 00 35 00 01 00 00 01 00 01 01 1b 06 1a 0f 0c 2f 09 00 01 01 00 02 01 00 0d 00 00 0e 00 00 0f 00 00 10 00 00 11 00 00 00 29 00 00 39 4a 67 19 26 14 50 01 c1
2026-06-27T15:12:47.000,1782553367000,1_1,nms rssi,38753,out,pass,160155.0,02 06 0c 00 31 00 00 00 aa aa 20 00 29 00 01 00 00 01 00 01 01 1b 06 1a 0f 0c 2f 00 00 00 00 00 00 00 00 00 00 00 00 00 00 00 00 00 00 3c ae d4 c3
2026-06-27T15:12:47.000,1782553367000,1_1,linfo,38754,,pass,160155.0,01 02 01 00 00 00 a0 00 b6 03 b6 03 02 16 16 02 05 05 05 02 1e 00 00 00 1e 00 00 01 02 05 08 0a 1e 00 19 0f 05 05 00 00 00 3f 5a 00 05 03 03 06 06 02 04 0a b4 00 3c 00 f0 00 b8 0b 0e 05 1e 0f 08 5a 0f 02 1e 00 05 00 1e 00 78 00 0f 50 00 64 00 2c 01 b8 0b f4 01 dc 05 0a c8 00 2c 01 32 32 32 1e 2c 01 58 02 b8 0b b8 0b 64 00 f4 01 64 00 0f 05 02 78 00 78 00 19 3c 3c 02 41 42 43 44 00 00 00 00 00 00 00 00 00 00 00 00 00 00 00 00 00 00 00 00 00 00 00 00 00 00 00 00 00 00 00 00 00 00 00 00 58 59 5a 41 00 00 00 00 00 00 00 00 00 00 00 00 00 00 00 00 00 00 00 00 00 00 00 00 00 00 00 00 00 00 00 00 00 00 00 00 01 00 00 7f 51 c3 00 00 01 00 00 7f 52 c3 00 00 c0 a8 a7 f4 01 70 17 03 28 02 0f 00 00 00 41 00 00 a0 40 66 66 86 40 66 66 66 40 00 00 00 00 fa 00 64 00 50 00 50 00 dc 05 64 00 32 00 00 00 03 00 c1 4a 13 f6 01 01 4c 4f 43 4f 5f 54 43 41 53 5f 42 52 41 4b 49 4e 47 00 c3 00 00 00 72 00 6e 00 61 00 6c 00 30 ed 3f 1d c3 00 00 00 29 43 a0 64 64 96 00 fa 00 0a 00 04 04 04 03 03 04 32 09 09 32 0a 0a 46 0b 0b 64 0c 0c ff 00 00 64 00 00 00 01 00 02 00 01 3c 00 00 14 1e 37 4b 03 02 04 00 00 00 79 89 f3 f0
2026-06-27T15:12:47.000,1782553367000,1_1,dop1,38755,out,na,160155.0,0c 17 17 17 17 0c 0c 0c 0c 0c 17 17 17 17 17 17
2026-06-27T15:12:47.000,1782553367000,1_1,dop2,38756,out,na,160155.0,0c 17 17 17 17 0c 0c 0c 0c 0c 17 17 17 17 17 17
2026-06-27T15:12:48.000,1782553368000,1_1,dop1,38757,out,na,160155.0,0c 17 17 17 17 0c 0c 0c 0c 0c 17 17 17 17 17 17
2026-06-27T15:12:48.000,1782553368000,1_1,dop2,38758,out,na,160155.0,0c 17 17 17 17 0c 0c 0c 0c 0c 17 17 17 17 17 17
2026-06-27T15:12:48.000,1782553368000,1_1,dmi,38759,out,na,160155.0,aa aa 74 02 01 0a 6f 00 f1 30 00 00 00 00 00 00 00 00 00 00 1b 06 ea 07 0f 0c 30 00 00 00 00 00 00 00 00 40 00 00 00 00 00 00 01 00 00 20 00 00 00 00 00 00 00 00 00 00 00 50 00 00 00 00 00 00 00 00 00 00 00 00 fa 00 00 00 00 00 01 00 00 0d 6a 0d 00 00 00 00 00 00 00 00 00 00 00 00 f0 3c 00 f4 01 00 00 00 00 08 06 0f 00 00 01 00 1f cc c9 64 bb bb
2026-06-27T15:12:48.000,1782553368000,1_1,dlsys,38760,in,fail,160155.0,0e 63 0a 05 09 01 50 01 00 00 00 00 3e aa 84 7c
2026-06-27T15:12:48.000,1782553368000,1_1,dop1,38761,out,na,160155.0,0c 17 17 17 17 0c 0c 0c 0c 0c 17 17 17 17 17 17
2026-06-27T15:12:48.000,1782553368000,1_1,dop2,38762,out,na,160155.0,0c 17 17 17 17 0c 0c 0c 0c 0c 17 17 17 17 17 17
2026-06-27T15:12:48.000,1782553368000,1_1,arp,38763,out,fail,160155.0,02 07 0d 00 27 00 00 00 00 00 d3 ad 5f 10 00 01 40 00 00 07 d0 00 04 00 00 00 00 00 00 00 00 00 09 66 c0 5b d0 9d 0e
2026-06-27T15:12:48.000,1782553368000,1_1,nms hlth,38764,out,pass,160155.0,02 06 0b 00 3f 00 00 00 bb bb 18 00 35 00 01 00 00 01 00 01 01 1b 06 1a 0f 0c 30 09 00 01 01 00 02 01 00 0d 00 00 0e 00 00 0f 00 00 10 00 00 11 00 00 00 29 00 00 39 4a 67 19 26 21 a3 71 73
2026-06-27T15:12:48.000,1782553368000,1_1,nms rssi,38765,out,pass,160155.0,02 06 0c 00 31 00 00 00 aa aa 20 00 29 00 01 00 00 01 00 01 01 1b 06 1a 0f 0c 30 00 00 00 00 00 00 00 00 00 00 00 00 00 00 00 00 00 00 6c 73 79 07
2026-06-27T15:12:48.000,1782553368000,1_1,linfo,38766,,pass,160155.0,01 02 01 00 00 00 a0 00 b6 03 b6 03 02 16 16 02 05 05 05 02 1e 00 00 00 1e 00 00 01 02 05 08 0a 1e 00 19 0f 05 05 00 00 00 3f 5a 00 05 03 03 06 06 02 04 0a b4 00 3c 00 f0 00 b8 0b 0e 05 1e 0f 08 5a 0f 02 1e 00 05 00 1e 00 78 00 0f 50 00 64 00 2c 01 b8 0b f4 01 dc 05 0a c8 00 2c 01 32 32 32 1e 2c 01 58 02 b8 0b b8 0b 64 00 f4 01 64 00 0f 05 02 78 00 78 00 19 3c 3c 02 41 42 43 44 00 00 00 00 00 00 00 00 00 00 00 00 00 00 00 00 00 00 00 00 00 00 00 00 00 00 00 00 00 00 00 00 00 00 00 00 58 59 5a 41 00 00 00 00 00 00 00 00 00 00 00 00 00 00 00 00 00 00 00 00 00 00 00 00 00 00 00 00 00 00 00 00 00 00 00 00 01 00 00 7f 51 c3 00 00 01 00 00 7f 52 c3 00 00 c0 a8 a7 f4 01 70 17 03 28 02 0f 00 00 00 41 00 00 a0 40 66 66 86 40 66 66 66 40 00 00 00 00 fa 00 64 00 50 00 50 00 dc 05 64 00 32 00 00 00 03 00 c1 4a 13 f6 01 01 4c 4f 43 4f 5f 54 43 41 53 5f 42 52 41 4b 49 4e 47 00 c3 00 00 00 72 00 6e 00 61 00 6c 00 30 ed 3f 1d c3 00 00 00 29 43 a0 64 64 96 00 fa 00 0a 00 04 04 04 03 03 04 32 09 09 32 0a 0a 46 0b 0b 64 0c 0c ff 00 00 64 00 00 00 01 00 02 00 01 3c 00 00 14 1e 37 4b 03 02 04 00 00 00 79 89 f3 f0
2026-06-27T15:12:48.000,1782553368000,1_1,dop1,38767,out,na,160155.0,0c 17 17 17 17 0c 0c 0c 0c 0c 17 17 17 17 17 17
2026-06-27T15:12:48.000,1782553368000,1_1,dop2,38768,out,na,160155.0,0c 17 17 17 17 0c 0c 0c 0c 0c 17 17 17 17 17 17
2026-06-27T15:12:48.000,1782553368000,1_1,dop1,38769,out,na,160155.0,0c 17 17 17 17 0c 0c 0c 0c 0c 17 17 17 17 17 17
2026-06-27T15:12:48.000,1782553368000,1_1,dop2,38770,out,na,160155.0,0c 17 17 17 17 0c 0c 0c 0c 0c 17 17 17 17 17 17
2026-06-27T15:12:49.000,1782553369000,1_1,dmi,38771,out,na,160155.0,aa aa 74 02 01 0a 6f 00 10 31 00 00 00 00 00 00 00 00 00 00 1b 06 ea 07 0f 0c 31 00 00 00 00 00 00 00 00 40 00 00 00 00 00 00 01 00 00 20 00 00 00 00 00 00 00 00 00 00 00 50 00 00 00 00 00 00 00 00 00 00 00 00 fa 00 00 00 00 00 01 00 00 0d 6a 0d 00 00 00 00 00 00 00 00 00 00 00 00 f0 3c 00 f4 01 00 00 00 00 08 06 0f 00 00 01 00 5d 53 31 a5 bb bb
2026-06-27T15:12:49.000,1782553369000,1_1,dop1,38772,out,na,160155.0,0c 17 17 17 17 0c 0c 0c 0c 0c 17 17 17 17 17 17
2026-06-27T15:12:49.000,1782553369000,1_1,dop2,38773,out,na,160155.0,0c 17 17 17 17 0c 0c 0c 0c 0c 17 17 17 17 17 17
2026-06-27T15:12:49.000,1782553369000,1_1,nms hlth,38774,out,pass,160155.0,02 06 0b 00 3f 00 00 00 bb bb 18 00 35 00 01 00 00 01 00 01 01 1b 06 1a 0f 0c 31 09 00 01 01 00 02 01 00 0d 00 00 0e 00 00 0f 00 00 10 00 00 11 00 00 00 29 00 00 39 4a 67 19 26 17 51 e1 80
2026-06-27T15:12:49.000,1782553369000,1_1,nms rssi,38775,out,pass,160155.0,02 06 0c 00 31 00 00 00 aa aa 20 00 29 00 01 00 00 01 00 01 01 1b 06 1a 0f 0c 31 00 00 00 00 00 00 00 00 00 00 00 00 00 00 00 00 00 00 bb 91 f9 5f
2026-06-27T15:12:49.000,1782553369000,1_1,linfo,38776,,pass,160155.0,01 02 01 00 00 00 a0 00 b6 03 b6 03 02 16 16 02 05 05 05 02 1e 00 00 00 1e 00 00 01 02 05 08 0a 1e 00 19 0f 05 05 00 00 00 3f 5a 00 05 03 03 06 06 02 04 0a b4 00 3c 00 f0 00 b8 0b 0e 05 1e 0f 08 5a 0f 02 1e 00 05 00 1e 00 78 00 0f 50 00 64 00 2c 01 b8 0b f4 01 dc 05 0a c8 00 2c 01 32 32 32 1e 2c 01 58 02 b8 0b b8 0b 64 00 f4 01 64 00 0f 05 02 78 00 78 00 19 3c 3c 02 41 42 43 44 00 00 00 00 00 00 00 00 00 00 00 00 00 00 00 00 00 00 00 00 00 00 00 00 00 00 00 00 00 00 00 00 00 00 00 00 58 59 5a 41 00 00 00 00 00 00 00 00 00 00 00 00 00 00 00 00 00 00 00 00 00 00 00 00 00 00 00 00 00 00 00 00 00 00 00 00 01 00 00 7f 51 c3 00 00 01 00 00 7f 52 c3 00 00 c0 a8 a7 f4 01 70 17 03 28 02 0f 00 00 00 41 00 00 a0 40 66 66 86 40 66 66 66 40 00 00 00 00 fa 00 64 00 50 00 50 00 dc 05 64 00 32 00 00 00 03 00 c1 4a 13 f6 01 01 4c 4f 43 4f 5f 54 43 41 53 5f 42 52 41 4b 49 4e 47 00 c3 00 00 00 72 00 6e 00 61 00 6c 00 30 ed 3f 1d c3 00 00 00 29 43 a0 64 64 96 00 fa 00 0a 00 04 04 04 03 03 04 32 09 09 32 0a 0a 46 0b 0b 64 0c 0c ff 00 00 64 00 00 00 01 00 02 00 01 3c 00 00 14 1e 37 4b 03 02 04 00 00 00 79 89 f3 f0
2026-06-27T15:12:49.000,1782553369000,1_1,dop1,38777,out,na,160155.0,0c 17 17 17 17 0c 0c 0c 0c 0c 17 17 17 17 17 17
2026-06-27T15:12:49.000,1782553369000,1_1,dop2,38778,out,na,160155.0,0c 17 17 17 17 0c 0c 0c 0c 0c 17 17 17 17 17 17
2026-06-27T15:12:50.000,1782553370000,1_1,ccsys,38779,in,fail,160155.0,03 01 01 00 00 00 00 00 00 00 00 00 00 00 00 00 00 00 00 00 00 00 00 00 00 00 00 00 00 03 01 01 32 32 00 00 00 00 03 03 00 00 00 00 1c 1c 33 33 00 00 00 00
2026-06-27T15:12:50.000,1782553370000,1_1,dop1,38780,out,na,160155.0,0c 17 17 17 17 0c 0c 0c 0c 0c 17 17 17 17 17 17
2026-06-27T15:12:50.000,1782553370000,1_1,dop2,38781,out,na,160155.0,0c 17 17 17 17 0c 0c 0c 0c 0c 17 17 17 17 17 17
2026-06-27T15:12:50.000,1782553370000,1_1,dmi,38782,out,na,160155.0,aa aa 74 02 01 0a 6f 00 2f 31 00 00 00 00 00 00 00 00 00 00 1b 06 ea 07 0f 0c 32 00 00 00 00 00 00 00 00 40 00 00 00 00 00 00 01 00 00 20 00 00 00 00 00 00 00 00 00 00 00 50 00 00 00 00 00 00 00 00 00 00 00 00 fa 00 00 00 00 00 01 00 00 0d 6a 0d 00 00 00 00 00 00 00 00 00 00 00 00 f0 3c 00 f4 01 00 00 00 00 08 06 0f 00 00 01 00 a2 e5 df 4e bb bb
2026-06-27T15:12:50.000,1782553370000,1_1,dop1,38783,out,na,160155.0,0c 17 17 17 17 0c 0c 0c 0c 0c 17 17 17 17 17 17
2026-06-27T15:12:50.000,1782553370000,1_1,dop2,38784,out,na,160155.0,0c 17 17 17 17 0c 0c 0c 0c 0c 17 17 17 17 17 17
2026-06-27T15:12:50.000,1782553370000,1_1,arp,38785,out,fail,160155.0,02 07 0d 00 27 00 00 00 00 00 d3 ad 5f 30 00 01 40 00 00 07 d0 00 04 00 00 00 00 00 00 00 00 00 09 66 c0 d3 4f 0f cd
2026-06-27T15:12:50.000,1782553370000,1_1,nms hlth,38786,out,pass,160155.0,02 06 0b 00 3f 00 00 00 bb bb 18 00 35 00 01 00 00 01 00 01 01 1b 06 1a 0f 0c 32 09 00 01 01 00 02 01 00 0d 00 00 0e 00 00 0f 00 00 10 00 00 11 00 00 00 29 00 00 39 4a 67 19 26 4c 46 50 95
2026-06-27T15:12:50.000,1782553370000,1_1,nms rssi,38787,out,pass,160155.0,02 06 0c 00 31 00 00 00 aa aa 20 00 29 00 01 00 00 01 00 01 01 1b 06 1a 0f 0c 32 00 00 00 00 00 00 00 00 00 00 00 00 00 00 00 00 00 00 18 c7 7f f6
2026-06-27T15:12:50.000,1782553370000,1_1,linfo,38788,,pass,160155.0,01 02 01 00 00 00 a0 00 b6 03 b6 03 02 16 16 02 05 05 05 02 1e 00 00 00 1e 00 00 01 02 05 08 0a 1e 00 19 0f 05 05 00 00 00 3f 5a 00 05 03 03 06 06 02 04 0a b4 00 3c 00 f0 00 b8 0b 0e 05 1e 0f 08 5a 0f 02 1e 00 05 00 1e 00 78 00 0f 50 00 64 00 2c 01 b8 0b f4 01 dc 05 0a c8 00 2c 01 32 32 32 1e 2c 01 58 02 b8 0b b8 0b 64 00 f4 01 64 00 0f 05 02 78 00 78 00 19 3c 3c 02 41 42 43 44 00 00 00 00 00 00 00 00 00 00 00 00 00 00 00 00 00 00 00 00 00 00 00 00 00 00 00 00 00 00 00 00 00 00 00 00 58 59 5a 41 00 00 00 00 00 00 00 00 00 00 00 00 00 00 00 00 00 00 00 00 00 00 00 00 00 00 00 00 00 00 00 00 00 00 00 00 01 00 00 7f 51 c3 00 00 01 00 00 7f 52 c3 00 00 c0 a8 a7 f4 01 70 17 03 28 02 0f 00 00 00 41 00 00 a0 40 66 66 86 40 66 66 66 40 00 00 00 00 fa 00 64 00 50 00 50 00 dc 05 64 00 32 00 00 00 03 00 c1 4a 13 f6 01 01 4c 4f 43 4f 5f 54 43 41 53 5f 42 52 41 4b 49 4e 47 00 c3 00 00 00 72 00 6e 00 61 00 6c 00 30 ed 3f 1d c3 00 00 00 29 43 a0 64 64 96 00 fa 00 0a 00 04 04 04 03 03 04 32 09 09 32 0a 0a 46 0b 0b 64 0c 0c ff 00 00 64 00 00 00 01 00 02 00 01 3c 00 00 14 1e 37 4b 03 02 04 00 00 00 79 89 f3 f0
2026-06-27T15:12:50.000,1782553370000,1_1,dop1,38789,out,na,160155.0,0c 17 17 17 17 0c 0c 0c 0c 0c 17 17 17 17 17 17
2026-06-27T15:12:50.000,1782553370000,1_1,dop2,38790,out,na,160155.0,0c 17 17 17 17 0c 0c 0c 0c 0c 17 17 17 17 17 17
2026-06-27T15:12:50.000,1782553370000,1_1,dop1,38791,out,na,160155.0,0c 17 17 17 17 0c 0c 0c 0c 0c 17 17 17 17 17 17
2026-06-27T15:12:50.000,1782553370000,1_1,dop2,38792,out,na,160155.0,0c 17 17 17 17 0c 0c 0c 0c 0c 17 17 17 17 17 17
2026-06-27T15:12:50.000,1782553370000,1_1,dmi,38793,out,na,160155.0,aa aa 74 02 01 0a 6f 00 4e 31 00 00 00 00 00 00 00 00 00 00 1b 06 ea 07 0f 0c 32 00 00 00 00 00 00 00 00 40 00 00 00 00 00 00 01 00 00 20 00 00 00 00 00 00 00 00 00 00 00 50 00 00 00 00 00 00 00 00 00 00 00 00 fa 00 00 00 00 00 01 00 00 0d 6a 0d 00 00 00 00 00 00 00 00 00 00 00 00 f0 3c 00 f4 01 00 00 00 00 08 06 0f 00 00 01 00 2f 91 32 f1 bb bb
2026-06-27T15:12:51.000,1782553371000,1_1,dop1,38794,out,na,160155.0,0c 17 17 17 17 0c 0c 0c 0c 0c 17 17 17 17 17 17
2026-06-27T15:12:51.000,1782553371000,1_1,dop2,38795,out,na,160155.0,0c 17 17 17 17 0c 0c 0c 0c 0c 17 17 17 17 17 17
2026-06-27T15:12:51.000,1782553371000,1_1,rfid,38796,in,pass,160155.0,01 19 01 9b 71 02 19 b7 07 81 07 01 00 a4 aa 46 82
2026-06-27T15:12:51.000,1782553371000,1_1,nms hlth,38797,out,pass,160155.0,02 06 0b 00 3f 00 00 00 bb bb 18 00 35 00 01 00 00 01 00 01 01 1b 06 1a 0f 0c 33 09 00 01 01 00 02 01 00 0d 00 00 0e 00 00 0f 00 00 10 00 00 11 00 00 00 29 00 00 39 4a 67 19 26 7a b4 c0 66
2026-06-27T15:12:51.000,1782553371000,1_1,nms rssi,38798,out,pass,160155.0,02 06 0c 00 31 00 00 00 aa aa 20 00 29 00 01 00 00 01 00 01 01 1b 06 1a 0f 0c 33 00 00 00 00 04 00 00 00 00 00 00 00 04 00 00 00 00 00 4d 18 32 a3
2026-06-27T15:12:51.000,1782553371000,1_1,linfo,38799,,pass,160155.0,01 02 01 00 00 00 a0 00 b6 03 b6 03 02 16 16 02 05 05 05 02 1e 00 00 00 1e 00 00 01 02 05 08 0a 1e 00 19 0f 05 05 00 00 00 3f 5a 00 05 03 03 06 06 02 04 0a b4 00 3c 00 f0 00 b8 0b 0e 05 1e 0f 08 5a 0f 02 1e 00 05 00 1e 00 78 00 0f 50 00 64 00 2c 01 b8 0b f4 01 dc 05 0a c8 00 2c 01 32 32 32 1e 2c 01 58 02 b8 0b b8 0b 64 00 f4 01 64 00 0f 05 02 78 00 78 00 19 3c 3c 02 41 42 43 44 00 00 00 00 00 00 00 00 00 00 00 00 00 00 00 00 00 00 00 00 00 00 00 00 00 00 00 00 00 00 00 00 00 00 00 00 58 59 5a 41 00 00 00 00 00 00 00 00 00 00 00 00 00 00 00 00 00 00 00 00 00 00 00 00 00 00 00 00 00 00 00 00 00 00 00 00 01 00 00 7f 51 c3 00 00 01 00 00 7f 52 c3 00 00 c0 a8 a7 f4 01 70 17 03 28 02 0f 00 00 00 41 00 00 a0 40 66 66 86 40 66 66 66 40 00 00 00 00 fa 00 64 00 50 00 50 00 dc 05 64 00 32 00 00 00 03 00 c1 4a 13 f6 01 01 4c 4f 43 4f 5f 54 43 41 53 5f 42 52 41 4b 49 4e 47 00 c3 00 00 00 72 00 6e 00 61 00 6c 00 30 ed 3f 1d c3 00 00 00 29 43 a0 64 64 96 00 fa 00 0a 00 04 04 04 03 03 04 32 09 09 32 0a 0a 46 0b 0b 64 0c 0c ff 00 00 64 00 00 00 01 00 02 00 01 3c 00 00 14 1e 37 4b 03 02 04 00 00 00 79 89 f3 f0
2026-06-27T15:12:51.000,1782553371000,1_1,dop1,38800,out,na,160155.0,0c 17 17 17 17 0c 0c 0c 0c 0c 17 17 17 17 17 17
2026-06-27T15:12:51.000,1782553371000,1_1,dop2,38801,out,na,160155.0,0c 17 17 17 17 0c 0c 0c 0c 0c 17 17 17 17 17 17
2026-06-27T15:12:51.000,1782553371000,1_1,dop1,38802,out,na,160155.0,0c 17 17 17 17 0c 0c 0c 0c 0c 17 17 17 17 17 17
2026-06-27T15:12:51.000,1782553371000,1_1,dop2,38803,out,na,160155.0,0c 17 17 17 17 0c 0c 0c 0c 0c 17 17 17 17 17 17
2026-06-27T15:12:52.000,1782553372000,1_1,rfid,38804,in,pass,160155.0,02 19 01 9b 71 02 19 b7 07 81 07 01 00 a4 aa 46 82
2026-06-27T15:12:52.000,1782553372000,1_1,dmi,38805,out,na,160155.0,aa aa 74 02 01 0a 6f 00 6d 31 00 00 00 00 00 00 00 00 00 00 1b 06 ea 07 0f 0c 34 00 00 00 00 04 00 00 00 00 00 04 04 00 00 00 01 00 00 20 00 00 00 32 00 00 00 00 00 00 00 50 00 00 00 00 00 00 00 00 00 00 00 00 fa 00 00 00 00 00 01 00 00 0d e2 0d 00 00 00 00 00 00 00 00 00 00 00 00 f0 3c 00 f4 01 00 00 00 00 08 06 0f 00 00 01 00 5f 1d b0 57 bb bb
2026-06-27T15:12:52.000,1782553372000,1_1,dop1,38806,out,na,160155.0,0c 17 17 17 17 0c 0c 0c 0c 0c 17 17 17 17 17 17
2026-06-27T15:12:52.000,1782553372000,1_1,dop2,38807,out,na,160155.0,0c 17 17 17 17 0c 0c 0c 0c 0c 17 17 17 17 17 17
2026-06-27T15:12:52.000,1782553372000,1_1,arp,38808,out,fail,160155.0,02 07 0d 00 27 00 00 00 00 00 d3 ad 5f 50 00 01 40 00 00 07 d1 90 04 00 00 02 00 00 00 00 00 00 09 66 c0 c9 51 66 92
2026-06-27T15:12:52.000,1782553372000,1_1,nms hlth,38809,out,pass,160155.0,02 06 0b 00 3f 00 00 00 bb bb 18 00 35 00 01 00 00 01 00 01 01 1b 06 1a 0f 0c 34 09 00 01 01 00 02 01 00 0d 00 00 0e 00 00 0f 00 00 10 00 00 11 00 00 00 29 00 00 39 4a 67 19 26 fa 69 32 bf
2026-06-27T15:12:52.000,1782553372000,1_1,nms rssi,38810,out,pass,160155.0,02 06 0c 00 31 00 00 00 aa aa 20 00 29 00 01 00 00 01 00 01 01 1b 06 1a 0f 0c 34 00 00 00 00 04 00 00 00 00 00 00 00 04 00 00 00 00 00 07 26 b9 e8
2026-06-27T15:12:52.000,1782553372000,1_1,linfo,38811,,pass,160155.0,01 02 01 00 00 00 a0 00 b6 03 b6 03 02 16 16 02 05 05 05 02 1e 00 00 00 1e 00 00 01 02 05 08 0a 1e 00 19 0f 05 05 00 00 00 3f 5a 00 05 03 03 06 06 02 04 0a b4 00 3c 00 f0 00 b8 0b 0e 05 1e 0f 08 5a 0f 02 1e 00 05 00 1e 00 78 00 0f 50 00 64 00 2c 01 b8 0b f4 01 dc 05 0a c8 00 2c 01 32 32 32 1e 2c 01 58 02 b8 0b b8 0b 64 00 f4 01 64 00 0f 05 02 78 00 78 00 19 3c 3c 02 41 42 43 44 00 00 00 00 00 00 00 00 00 00 00 00 00 00 00 00 00 00 00 00 00 00 00 00 00 00 00 00 00 00 00 00 00 00 00 00 58 59 5a 41 00 00 00 00 00 00 00 00 00 00 00 00 00 00 00 00 00 00 00 00 00 00 00 00 00 00 00 00 00 00 00 00 00 00 00 00 01 00 00 7f 51 c3 00 00 01 00 00 7f 52 c3 00 00 c0 a8 a7 f4 01 70 17 03 28 02 0f 00 00 00 41 00 00 a0 40 66 66 86 40 66 66 66 40 00 00 00 00 fa 00 64 00 50 00 50 00 dc 05 64 00 32 00 00 00 03 00 c1 4a 13 f6 01 01 4c 4f 43 4f 5f 54 43 41 53 5f 42 52 41 4b 49 4e 47 00 c3 00 00 00 72 00 6e 00 61 00 6c 00 30 ed 3f 1d c3 00 00 00 29 43 a0 64 64 96 00 fa 00 0a 00 04 04 04 03 03 04 32 09 09 32 0a 0a 46 0b 0b 64 0c 0c ff 00 00 64 00 00 00 01 00 02 00 01 3c 00 00 14 1e 37 4b 03 02 04 00 00 00 79 89 f3 f0
2026-06-27T15:12:52.000,1782553372000,1_1,dop1,38812,out,na,160155.0,0c 17 17 17 17 0c 0c 0c 0c 0c 17 17 17 17 17 17
2026-06-27T15:12:52.000,1782553372000,1_1,dop2,38813,out,na,160155.0,0c 17 17 17 17 0c 0c 0c 0c 0c 17 17 17 17 17 17
2026-06-27T15:12:52.000,1782553372000,1_1,dop1,38814,out,na,160155.0,0c 17 17 17 17 0c 0c 0c 0c 0c 17 17 17 17 17 17
2026-06-27T15:12:52.000,1782553372000,1_1,dop2,38815,out,na,160155.0,0c 17 17 17 17 0c 0c 0c 0c 0c 17 17 17 17 17 17
2026-06-27T15:12:52.000,1782553372000,1_1,dmi,38816,out,na,160155.0,aa aa 74 02 01 0a 6f 00 8c 31 00 00 00 00 00 00 00 00 00 00 1b 06 ea 07 0f 0c 34 00 00 00 00 04 00 00 00 00 00 04 04 00 00 00 01 00 00 20 00 00 00 32 00 00 00 00 00 00 00 50 00 00 00 00 00 00 00 00 00 00 00 00 fa 00 00 00 00 00 01 00 00 0d e2 0d 00 00 00 00 00 00 00 00 00 00 00 00 f0 3c 00 f4 01 00 00 00 00 08 06 0f 00 00 01 00 ed 52 80 42 bb bb
2026-06-27T15:12:53.000,1782553373000,1_1,dop1,38817,out,na,160155.0,0c 17 17 17 17 0c 0c 0c 0c 0c 17 17 17 17 17 17
2026-06-27T15:12:53.000,1782553373000,1_1,dop2,38818,out,na,160155.0,0c 17 17 17 17 0c 0c 0c 0c 0c 17 17 17 17 17 17
2026-06-27T15:12:53.000,1782553373000,1_1,nms hlth,38819,out,pass,160155.0,02 06 0b 00 3f 00 00 00 bb bb 18 00 35 00 01 00 00 01 00 01 01 1b 06 1a 0f 0c 35 09 00 01 01 00 02 01 00 0d 00 00 0e 00 00 0f 00 00 10 00 00 11 00 00 00 29 00 00 39 4a 67 19 26 cc 9b a2 4c
2026-06-27T15:12:53.000,1782553373000,1_1,nms rssi,38820,out,pass,160155.0,02 06 0c 00 31 00 00 00 aa aa 20 00 29 00 01 00 00 01 00 01 01 1b 06 1a 0f 0c 35 00 00 00 00 04 00 00 00 00 00 00 00 04 00 00 00 00 00 d0 c4 39 b0
2026-06-27T15:12:53.000,1782553373000,1_1,linfo,38821,,pass,160155.0,01 02 01 00 00 00 a0 00 b6 03 b6 03 02 16 16 02 05 05 05 02 1e 00 00 00 1e 00 00 01 02 05 08 0a 1e 00 19 0f 05 05 00 00 00 3f 5a 00 05 03 03 06 06 02 04 0a b4 00 3c 00 f0 00 b8 0b 0e 05 1e 0f 08 5a 0f 02 1e 00 05 00 1e 00 78 00 0f 50 00 64 00 2c 01 b8 0b f4 01 dc 05 0a c8 00 2c 01 32 32 32 1e 2c 01 58 02 b8 0b b8 0b 64 00 f4 01 64 00 0f 05 02 78 00 78 00 19 3c 3c 02 41 42 43 44 00 00 00 00 00 00 00 00 00 00 00 00 00 00 00 00 00 00 00 00 00 00 00 00 00 00 00 00 00 00 00 00 00 00 00 00 58 59 5a 41 00 00 00 00 00 00 00 00 00 00 00 00 00 00 00 00 00 00 00 00 00 00 00 00 00 00 00 00 00 00 00 00 00 00 00 00 01 00 00 7f 51 c3 00 00 01 00 00 7f 52 c3 00 00 c0 a8 a7 f4 01 70 17 03 28 02 0f 00 00 00 41 00 00 a0 40 66 66 86 40 66 66 66 40 00 00 00 00 fa 00 64 00 50 00 50 00 dc 05 64 00 32 00 00 00 03 00 c1 4a 13 f6 01 01 4c 4f 43 4f 5f 54 43 41 53 5f 42 52 41 4b 49 4e 47 00 c3 00 00 00 72 00 6e 00 61 00 6c 00 30 ed 3f 1d c3 00 00 00 29 43 a0 64 64 96 00 fa 00 0a 00 04 04 04 03 03 04 32 09 09 32 0a 0a 46 0b 0b 64 0c 0c ff 00 00 64 00 00 00 01 00 02 00 01 3c 00 00 14 1e 37 4b 03 02 04 00 00 00 79 89 f3 f0
2026-06-27T15:12:53.000,1782553373000,1_1,dop1,38822,out,na,160155.0,0c 17 17 17 17 0c 0c 0c 0c 0c 17 17 17 17 17 17
2026-06-27T15:12:53.000,1782553373000,1_1,dop2,38823,out,na,160155.0,0c 17 17 17 17 0c 0c 0c 0c 0c 17 17 17 17 17 17
2026-06-27T15:12:54.000,1782553374000,1_1,dop1,38824,out,na,160155.0,0c 17 17 17 17 0c 0c 0c 0c 0c 17 17 17 17 17 17
2026-06-27T15:12:54.000,1782553374000,1_1,dop2,38825,out,na,160155.0,0c 17 17 17 17 0c 0c 0c 0c 0c 17 17 17 17 17 17
2026-06-27T15:12:54.000,1782553374000,1_1,dmi,38826,out,na,160155.0,aa aa 74 02 01 0a 6f 00 ab 31 00 00 00 00 00 00 00 00 00 00 1b 06 ea 07 0f 0c 36 00 00 00 00 04 00 00 00 00 00 04 04 00 00 00 01 00 00 20 00 00 00 32 00 00 00 00 00 00 00 50 00 00 00 00 00 00 00 00 00 00 00 00 fa 00 00 00 00 00 01 00 00 0d e2 0d 00 00 00 00 00 00 00 00 00 00 00 00 f0 3c 00 f4 01 00 00 00 00 08 06 0f 00 00 01 00 6d 20 2c f1 bb bb
2026-06-27T15:12:54.000,1782553374000,1_1,dop1,38827,out,na,160155.0,0c 17 17 17 17 0c 0c 0c 0c 0c 17 17 17 17 17 17
2026-06-27T15:12:54.000,1782553374000,1_1,dop2,38828,out,na,160155.0,0c 17 17 17 17 0c 0c 0c 0c 0c 17 17 17 17 17 17
2026-06-27T15:12:54.000,1782553374000,1_1,arp,38829,out,fail,160155.0,02 07 0d 00 27 00 00 00 00 00 d3 ad 5f 70 00 01 40 00 00 07 d1 90 04 00 00 02 00 00 00 00 00 00 09 66 c0 41 ce f4 51
2026-06-27T15:12:54.000,1782553374000,1_1,nms hlth,38830,out,pass,160155.0,02 06 0b 00 3f 00 00 00 bb bb 18 00 35 00 01 00 00 01 00 01 01 1b 06 1a 0f 0c 36 09 00 01 01 00 02 01 00 0d 00 00 0e 00 00 0f 00 00 10 00 00 11 00 00 00 29 00 00 39 4a 67 19 26 97 8c 13 59
2026-06-27T15:12:54.000,1782553374000,1_1,nms rssi,38831,out,pass,160155.0,02 06 0c 00 31 00 00 00 aa aa 20 00 29 00 01 00 00 01 00 01 01 1b 06 1a 0f 0c 36 00 00 00 00 04 00 00 00 00 00 00 00 04 00 00 00 00 00 73 92 bf 19
2026-06-27T15:12:54.000,1782553374000,1_1,linfo,38832,,pass,160155.0,01 02 01 00 00 00 a0 00 b6 03 b6 03 02 16 16 02 05 05 05 02 1e 00 00 00 1e 00 00 01 02 05 08 0a 1e 00 19 0f 05 05 00 00 00 3f 5a 00 05 03 03 06 06 02 04 0a b4 00 3c 00 f0 00 b8 0b 0e 05 1e 0f 08 5a 0f 02 1e 00 05 00 1e 00 78 00 0f 50 00 64 00 2c 01 b8 0b f4 01 dc 05 0a c8 00 2c 01 32 32 32 1e 2c 01 58 02 b8 0b b8 0b 64 00 f4 01 64 00 0f 05 02 78 00 78 00 19 3c 3c 02 41 42 43 44 00 00 00 00 00 00 00 00 00 00 00 00 00 00 00 00 00 00 00 00 00 00 00 00 00 00 00 00 00 00 00 00 00 00 00 00 58 59 5a 41 00 00 00 00 00 00 00 00 00 00 00 00 00 00 00 00 00 00 00 00 00 00 00 00 00 00 00 00 00 00 00 00 00 00 00 00 01 00 00 7f 51 c3 00 00 01 00 00 7f 52 c3 00 00 c0 a8 a7 f4 01 70 17 03 28 02 0f 00 00 00 41 00 00 a0 40 66 66 86 40 66 66 66 40 00 00 00 00 fa 00 64 00 50 00 50 00 dc 05 64 00 32 00 00 00 03 00 c1 4a 13 f6 01 01 4c 4f 43 4f 5f 54 43 41 53 5f 42 52 41 4b 49 4e 47 00 c3 00 00 00 72 00 6e 00 61 00 6c 00 30 ed 3f 1d c3 00 00 00 29 43 a0 64 64 96 00 fa 00 0a 00 04 04 04 03 03 04 32 09 09 32 0a 0a 46 0b 0b 64 0c 0c ff 00 00 64 00 00 00 01 00 02 00 01 3c 00 00 14 1e 37 4b 03 02 04 00 00 00 79 89 f3 f0
2026-06-27T15:12:54.000,1782553374000,1_1,dop1,38833,out,na,160155.0,0c 17 17 17 17 0c 0c 0c 0c 0c 17 17 17 17 17 17
2026-06-27T15:12:54.000,1782553374000,1_1,dop2,38834,out,na,160155.0,0c 17 17 17 17 0c 0c 0c 0c 0c 17 17 17 17 17 17
2026-06-27T15:12:54.000,1782553374000,1_1,ccsys,38835,in,fail,160155.0,03 01 01 00 00 00 00 00 00 00 00 00 00 00 00 00 00 00 00 00 00 00 00 00 00 00 00 00 00 03 01 01 37 37 00 00 00 00 03 03 00 00 00 00 1c 1c 33 33 00 00 00 00
2026-06-27T15:12:54.000,1782553374000,1_1,dop1,38836,out,na,160155.0,0c 17 17 17 17 0c 0c 0c 0c 0c 17 17 17 17 17 17
2026-06-27T15:12:54.000,1782553374000,1_1,dop2,38837,out,na,160155.0,0c 17 17 17 17 0c 0c 0c 0c 0c 17 17 17 17 17 17
2026-06-27T15:12:54.000,1782553374000,1_1,dmi,38838,out,na,160155.0,aa aa 74 02 01 0a 6f 00 ca 31 00 00 00 00 00 00 00 00 00 00 1b 06 ea 07 0f 0c 36 00 00 00 00 04 00 00 00 00 00 04 04 00 00 00 01 00 00 20 00 00 00 32 00 00 00 00 00 00 00 50 00 00 00 00 00 00 00 00 00 00 00 00 fa 00 00 00 00 00 01 00 00 0d e2 0d 00 00 00 00 00 00 00 00 00 00 00 00 f0 3c 00 f4 01 00 00 00 00 08 06 0f 00 00 01 00 e0 54 c1 4e bb bb
2026-06-27T15:12:55.000,1782553375000,1_1,dop1,38839,out,na,160155.0,0c 17 17 17 17 0c 0c 0c 0c 0c 17 17 17 17 17 17
2026-06-27T15:12:55.000,1782553375000,1_1,dop2,38840,out,na,160155.0,0c 17 17 17 17 0c 0c 0c 0c 0c 17 17 17 17 17 17
2026-06-27T15:12:55.000,1782553375000,1_1,nms hlth,38841,out,pass,160155.0,02 06 0b 00 3f 00 00 00 bb bb 18 00 35 00 01 00 00 01 00 01 01 1b 06 1a 0f 0c 37 09 00 01 01 00 02 01 00 0d 00 00 0e 00 00 0f 00 00 10 00 00 11 00 00 00 29 00 00 39 4a 67 19 26 a1 7e 83 aa
2026-06-27T15:12:55.000,1782553375000,1_1,nms rssi,38842,out,pass,160155.0,02 06 0c 00 31 00 00 00 aa aa 20 00 29 00 01 00 00 01 00 01 01 1b 06 1a 0f 0c 37 00 00 00 00 04 00 00 00 00 00 00 00 04 00 00 00 00 00 a4 70 3f 41
2026-06-27T15:12:55.000,1782553375000,1_1,linfo,38843,,pass,160155.0,01 02 01 00 00 00 a0 00 b6 03 b6 03 02 16 16 02 05 05 05 02 1e 00 00 00 1e 00 00 01 02 05 08 0a 1e 00 19 0f 05 05 00 00 00 3f 5a 00 05 03 03 06 06 02 04 0a b4 00 3c 00 f0 00 b8 0b 0e 05 1e 0f 08 5a 0f 02 1e 00 05 00 1e 00 78 00 0f 50 00 64 00 2c 01 b8 0b f4 01 dc 05 0a c8 00 2c 01 32 32 32 1e 2c 01 58 02 b8 0b b8 0b 64 00 f4 01 64 00 0f 05 02 78 00 78 00 19 3c 3c 02 41 42 43 44 00 00 00 00 00 00 00 00 00 00 00 00 00 00 00 00 00 00 00 00 00 00 00 00 00 00 00 00 00 00 00 00 00 00 00 00 58 59 5a 41 00 00 00 00 00 00 00 00 00 00 00 00 00 00 00 00 00 00 00 00 00 00 00 00 00 00 00 00 00 00 00 00 00 00 00 00 01 00 00 7f 51 c3 00 00 01 00 00 7f 52 c3 00 00 c0 a8 a7 f4 01 70 17 03 28 02 0f 00 00 00 41 00 00 a0 40 66 66 86 40 66 66 66 40 00 00 00 00 fa 00 64 00 50 00 50 00 dc 05 64 00 32 00 00 00 03 00 c1 4a 13 f6 01 01 4c 4f 43 4f 5f 54 43 41 53 5f 42 52 41 4b 49 4e 47 00 c3 00 00 00 72 00 6e 00 61 00 6c 00 30 ed 3f 1d c3 00 00 00 29 43 a0 64 64 96 00 fa 00 0a 00 04 04 04 03 03 04 32 09 09 32 0a 0a 46 0b 0b 64 0c 0c ff 00 00 64 00 00 00 01 00 02 00 01 3c 00 00 14 1e 37 4b 03 02 04 00 00 00 79 89 f3 f0
2026-06-27T15:12:55.000,1782553375000,1_1,dop1,38844,out,na,160155.0,0c 17 17 17 17 0c 0c 0c 0c 0c 17 17 17 17 17 17
2026-06-27T15:12:55.000,1782553375000,1_1,dop2,38845,out,na,160155.0,0c 17 17 17 17 0c 0c 0c 0c 0c 17 17 17 17 17 17
2026-06-27T15:12:56.000,1782553376000,1_1,dop1,38846,out,na,160155.0,0c 17 17 17 17 0c 0c 0c 0c 0c 17 17 17 17 17 17
2026-06-27T15:12:56.000,1782553376000,1_1,dop2,38847,out,na,160155.0,0c 17 17 17 17 0c 0c 0c 0c 0c 17 17 17 17 17 17
2026-06-27T15:12:56.000,1782553376000,1_1,dmi,38848,out,na,160155.0,aa aa 74 02 01 0a 6f 00 e9 31 00 00 00 00 00 00 00 00 00 00 1b 06 ea 07 0f 0c 38 00 00 00 00 04 00 00 00 00 00 04 04 00 00 00 01 00 00 20 00 00 00 32 00 00 00 00 00 00 00 50 00 00 00 00 00 00 00 00 00 00 00 00 fa 00 00 00 00 00 01 00 00 0d e2 0d 00 00 00 00 00 00 00 00 00 00 00 00 f0 3c 00 f4 01 00 00 00 00 08 06 0f 00 00 01 00 51 3c ac 45 bb bb
2026-06-27T15:12:56.000,1782553376000,1_1,dop1,38849,out,na,160155.0,0c 17 17 17 17 0c 0c 0c 0c 0c 17 17 17 17 17 17
2026-06-27T15:12:56.000,1782553376000,1_1,dop2,38850,out,na,160155.0,0c 17 17 17 17 0c 0c 0c 0c 0c 17 17 17 17 17 17
2026-06-27T15:12:56.000,1782553376000,1_1,arp,38851,out,fail,160155.0,02 07 0d 00 27 00 00 00 00 00 d3 ad 5f 90 00 01 40 00 00 07 d1 90 04 00 00 02 00 00 00 00 00 00 09 66 c0 4c f2 04 9a
2026-06-27T15:12:56.000,1782553376000,1_1,dop1,38852,out,na,160155.0,0c 17 17 17 17 0c 0c 0c 0c 0c 17 17 17 17 17 17
2026-06-27T15:12:56.000,1782553376000,1_1,dop2,38853,out,na,160155.0,0c 17 17 17 17 0c 0c 0c 0c 0c 17 17 17 17 17 17
2026-06-27T15:12:56.000,1782553376000,1_1,nms hlth,38854,out,pass,160155.0,02 06 0b 00 3f 00 00 00 bb bb 18 00 35 00 01 00 00 01 00 01 01 1b 06 1a 0f 0c 38 09 00 01 01 00 02 01 00 0d 00 00 0e 00 00 0f 00 00 10 00 00 11 00 00 00 29 00 00 39 4a 67 19 26 4d 46 f0 aa
2026-06-27T15:12:56.000,1782553376000,1_1,nms rssi,38855,out,pass,160155.0,02 06 0c 00 31 00 00 00 aa aa 20 00 29 00 01 00 00 01 00 01 01 1b 06 1a 0f 0c 38 00 00 00 00 04 00 00 00 00 00 00 00 04 00 00 00 00 00 e7 ef a9 8f
2026-06-27T15:12:56.000,1782553376000,1_1,linfo,38856,,pass,160155.0,01 02 01 00 00 00 a0 00 b6 03 b6 03 02 16 16 02 05 05 05 02 1e 00 00 00 1e 00 00 01 02 05 08 0a 1e 00 19 0f 05 05 00 00 00 3f 5a 00 05 03 03 06 06 02 04 0a b4 00 3c 00 f0 00 b8 0b 0e 05 1e 0f 08 5a 0f 02 1e 00 05 00 1e 00 78 00 0f 50 00 64 00 2c 01 b8 0b f4 01 dc 05 0a c8 00 2c 01 32 32 32 1e 2c 01 58 02 b8 0b b8 0b 64 00 f4 01 64 00 0f 05 02 78 00 78 00 19 3c 3c 02 41 42 43 44 00 00 00 00 00 00 00 00 00 00 00 00 00 00 00 00 00 00 00 00 00 00 00 00 00 00 00 00 00 00 00 00 00 00 00 00 58 59 5a 41 00 00 00 00 00 00 00 00 00 00 00 00 00 00 00 00 00 00 00 00 00 00 00 00 00 00 00 00 00 00 00 00 00 00 00 00 01 00 00 7f 51 c3 00 00 01 00 00 7f 52 c3 00 00 c0 a8 a7 f4 01 70 17 03 28 02 0f 00 00 00 41 00 00 a0 40 66 66 86 40 66 66 66 40 00 00 00 00 fa 00 64 00 50 00 50 00 dc 05 64 00 32 00 00 00 03 00 c1 4a 13 f6 01 01 4c 4f 43 4f 5f 54 43 41 53 5f 42 52 41 4b 49 4e 47 00 c3 00 00 00 72 00 6e 00 61 00 6c 00 30 ed 3f 1d c3 00 00 00 29 43 a0 64 64 96 00 fa 00 0a 00 04 04 04 03 03 04 32 09 09 32 0a 0a 46 0b 0b 64 0c 0c ff 00 00 64 00 00 00 01 00 02 00 01 3c 00 00 14 1e 37 4b 03 02 04 00 00 00 79 89 f3 f0
2026-06-27T15:12:56.000,1782553376000,1_1,dop1,38857,out,na,160155.0,0c 17 17 17 17 0c 0c 0c 0c 0c 17 17 17 17 17 17
2026-06-27T15:12:56.000,1782553376000,1_1,dop2,38858,out,na,160155.0,0c 17 17 17 17 0c 0c 0c 0c 0c 17 17 17 17 17 17
2026-06-27T15:12:56.000,1782553376000,1_1,dmi,38859,out,na,160155.0,aa aa 74 02 01 0a 6f 00 08 32 00 00 00 00 00 00 00 00 00 00 1b 06 ea 07 0f 0c 38 00 00 00 00 00 00 00 00 40 00 04 04 00 00 00 01 00 00 20 00 00 00 32 00 00 00 00 00 00 00 50 00 00 00 00 00 00 00 00 00 00 00 00 fa 00 00 00 00 00 01 00 00 0d e2 0d 00 00 00 00 00 00 00 00 00 00 00 00 f0 3c 00 f4 01 00 00 00 00 08 06 0f 00 00 01 00 00 04 93 4e bb bb
2026-06-27T15:12:57.000,1782553377000,1_1,dop1,38860,out,na,160155.0,0c 17 17 17 17 0c 0c 0c 0c 0c 17 17 17 17 17 17
2026-06-27T15:12:57.000,1782553377000,1_1,dop2,38861,out,na,160155.0,0c 17 17 17 17 0c 0c 0c 0c 0c 17 17 17 17 17 17
2026-06-27T15:12:57.000,1782553377000,1_1,dop1,38862,out,na,160155.0,0c 17 17 17 17 0c 0c 0c 0c 0c 17 17 17 17 17 17
2026-06-27T15:12:57.000,1782553377000,1_1,dop2,38863,out,na,160155.0,0c 17 17 17 17 0c 0c 0c 0c 0c 17 17 17 17 17 17
2026-06-27T15:12:57.000,1782553377000,1_1,nms hlth,38864,out,pass,160155.0,02 06 0b 00 3f 00 00 00 bb bb 18 00 35 00 01 00 00 01 00 01 01 1b 06 1a 0f 0c 39 09 00 01 01 00 02 01 00 0d 00 00 0e 00 00 0f 00 00 10 00 00 11 00 00 00 29 00 00 39 4a 67 19 26 7b b4 60 59
2026-06-27T15:12:57.000,1782553377000,1_1,nms rssi,38865,out,pass,160155.0,02 06 0c 00 31 00 00 00 aa aa 20 00 29 00 01 00 00 01 00 01 01 1b 06 1a 0f 0c 39 00 00 00 00 04 00 00 00 00 00 00 00 04 00 00 00 00 00 30 0d 29 d7
2026-06-27T15:12:57.000,1782553377000,1_1,linfo,38866,,pass,160155.0,01 02 01 00 00 00 a0 00 b6 03 b6 03 02 16 16 02 05 05 05 02 1e 00 00 00 1e 00 00 01 02 05 08 0a 1e 00 19 0f 05 05 00 00 00 3f 5a 00 05 03 03 06 06 02 04 0a b4 00 3c 00 f0 00 b8 0b 0e 05 1e 0f 08 5a 0f 02 1e 00 05 00 1e 00 78 00 0f 50 00 64 00 2c 01 b8 0b f4 01 dc 05 0a c8 00 2c 01 32 32 32 1e 2c 01 58 02 b8 0b b8 0b 64 00 f4 01 64 00 0f 05 02 78 00 78 00 19 3c 3c 02 41 42 43 44 00 00 00 00 00 00 00 00 00 00 00 00 00 00 00 00 00 00 00 00 00 00 00 00 00 00 00 00 00 00 00 00 00 00 00 00 58 59 5a 41 00 00 00 00 00 00 00 00 00 00 00 00 00 00 00 00 00 00 00 00 00 00 00 00 00 00 00 00 00 00 00 00 00 00 00 00 01 00 00 7f 51 c3 00 00 01 00 00 7f 52 c3 00 00 c0 a8 a7 f4 01 70 17 03 28 02 0f 00 00 00 41 00 00 a0 40 66 66 86 40 66 66 66 40 00 00 00 00 fa 00 64 00 50 00 50 00 dc 05 64 00 32 00 00 00 03 00 c1 4a 13 f6 01 01 4c 4f 43 4f 5f 54 43 41 53 5f 42 52 41 4b 49 4e 47 00 c3 00 00 00 72 00 6e 00 61 00 6c 00 30 ed 3f 1d c3 00 00 00 29 43 a0 64 64 96 00 fa 00 0a 00 04 04 04 03 03 04 32 09 09 32 0a 0a 46 0b 0b 64 0c 0c ff 00 00 64 00 00 00 01 00 02 00 01 3c 00 00 14 1e 37 4b 03 02 04 00 00 00 79 89 f3 f0
2026-06-27T15:12:57.000,1782553377000,1_1,dop1,38867,out,na,160155.0,0c 17 17 17 17 0c 0c 0c 0c 0c 17 17 17 17 17 17
2026-06-27T15:12:57.000,1782553377000,1_1,dop2,38868,out,na,160155.0,0c 17 17 17 17 0c 0c 0c 0c 0c 17 17 17 17 17 17
2026-06-27T15:12:58.000,1782553378000,1_1,dmi,38869,out,na,160155.0,aa aa 74 02 01 0a 6f 00 27 32 00 00 00 00 00 00 00 00 00 00 1b 06 ea 07 0f 0c 3a 00 00 00 00 00 00 00 00 40 00 04 04 00 00 00 01 00 00 20 00 00 00 32 00 00 00 00 00 00 00 50 00 00 00 00 00 00 00 00 00 00 00 00 fa 00 00 00 00 00 01 00 00 0d e2 0d 00 00 00 00 00 00 00 00 00 00 00 00 f0 3c 00 f4 01 00 00 00 00 08 06 0f 00 00 01 00 2f 57 2f 4a bb bb
2026-06-27T15:12:58.000,1782553378000,1_1,dop1,38870,out,na,160155.0,0c 17 17 17 17 0c 0c 0c 0c 0c 17 17 17 17 17 17
2026-06-27T15:12:58.000,1782553378000,1_1,dop2,38871,out,na,160155.0,0c 17 17 17 17 0c 0c 0c 0c 0c 17 17 17 17 17 17
2026-06-27T15:12:58.000,1782553378000,1_1,dlsys,38872,in,fail,160155.0,0c 63 0a 04 09 01 50 01 00 00 00 00 22 8a 09 e2
2026-06-27T15:12:58.000,1782553378000,1_1,arp,38873,out,fail,160155.0,02 07 0d 00 27 00 00 00 00 00 d3 ad 5f b0 00 01 40 00 00 07 d1 90 04 00 00 02 00 00 00 00 00 00 09 66 c0 c4 6d 96 59
2026-06-27T15:12:58.000,1782553378000,1_1,dop1,38874,out,na,160155.0,0c 17 17 17 17 0c 0c 0c 0c 0c 17 17 17 17 17 17
2026-06-27T15:12:58.000,1782553378000,1_1,dop2,38875,out,na,160155.0,0c 17 17 17 17 0c 0c 0c 0c 0c 17 17 17 17 17 17
2026-06-27T15:12:58.000,1782553378000,1_1,nms hlth,38876,out,pass,160155.0,02 06 0b 00 3f 00 00 00 bb bb 18 00 35 00 01 00 00 01 00 01 01 1b 06 1a 0f 0c 3a 09 00 01 01 00 02 01 00 0d 00 00 0e 00 00 0f 00 00 10 00 00 11 00 00 00 29 00 00 39 4a 67 19 26 20 a3 d1 4c
2026-06-27T15:12:58.000,1782553378000,1_1,nms rssi,38877,out,pass,160155.0,02 06 0c 00 31 00 00 00 aa aa 20 00 29 00 01 00 00 01 00 01 01 1b 06 1a 0f 0c 3a 00 00 00 00 04 00 00 00 00 00 00 00 04 00 00 00 00 00 93 5b af 7e
2026-06-27T15:12:58.000,1782553378000,1_1,linfo,38878,,pass,160155.0,01 02 01 00 00 00 a0 00 b6 03 b6 03 02 16 16 02 05 05 05 02 1e 00 00 00 1e 00 00 01 02 05 08 0a 1e 00 19 0f 05 05 00 00 00 3f 5a 00 05 03 03 06 06 02 04 0a b4 00 3c 00 f0 00 b8 0b 0e 05 1e 0f 08 5a 0f 02 1e 00 05 00 1e 00 78 00 0f 50 00 64 00 2c 01 b8 0b f4 01 dc 05 0a c8 00 2c 01 32 32 32 1e 2c 01 58 02 b8 0b b8 0b 64 00 f4 01 64 00 0f 05 02 78 00 78 00 19 3c 3c 02 41 42 43 44 00 00 00 00 00 00 00 00 00 00 00 00 00 00 00 00 00 00 00 00 00 00 00 00 00 00 00 00 00 00 00 00 00 00 00 00 58 59 5a 41 00 00 00 00 00 00 00 00 00 00 00 00 00 00 00 00 00 00 00 00 00 00 00 00 00 00 00 00 00 00 00 00 00 00 00 00 01 00 00 7f 51 c3 00 00 01 00 00 7f 52 c3 00 00 c0 a8 a7 f4 01 70 17 03 28 02 0f 00 00 00 41 00 00 a0 40 66 66 86 40 66 66 66 40 00 00 00 00 fa 00 64 00 50 00 50 00 dc 05 64 00 32 00 00 00 03 00 c1 4a 13 f6 01 01 4c 4f 43 4f 5f 54 43 41 53 5f 42 52 41 4b 49 4e 47 00 c3 00 00 00 72 00 6e 00 61 00 6c 00 30 ed 3f 1d c3 00 00 00 29 43 a0 64 64 96 00 fa 00 0a 00 04 04 04 03 03 04 32 09 09 32 0a 0a 46 0b 0b 64 0c 0c ff 00 00 64 00 00 00 01 00 02 00 01 3c 00 00 14 1e 37 4b 03 02 04 00 00 00 79 89 f3 f0
2026-06-27T15:12:58.000,1782553378000,1_1,dop1,38879,out,na,160155.0,0c 17 17 17 17 0c 0c 0c 0c 0c 17 17 17 17 17 17
2026-06-27T15:12:58.000,1782553378000,1_1,dop2,38880,out,na,160155.0,0c 17 17 17 17 0c 0c 0c 0c 0c 17 17 17 17 17 17
2026-06-27T15:12:58.000,1782553378000,1_1,dmi,38881,out,na,160155.0,aa aa 74 02 01 0a 6f 00 46 32 00 00 00 00 00 00 00 00 00 00 1b 06 ea 07 0f 0c 3a 00 00 00 00 00 00 00 00 40 00 04 04 00 00 00 01 00 00 20 00 00 00 32 00 00 00 00 00 00 00 50 00 00 00 00 00 00 00 00 00 00 00 00 fa 00 00 00 00 00 01 00 00 0d e2 0d 00 00 00 00 00 00 00 00 00 00 00 00 f0 3c 00 f4 01 00 00 00 00 08 06 0f 00 00 01 00 a2 23 c2 f5 bb bb
2026-06-27T15:12:59.000,1782553379000,1_1,dop1,38882,out,na,160155.0,0c 17 17 17 17 0c 0c 0c 0c 0c 17 17 17 17 17 17
2026-06-27T15:12:59.000,1782553379000,1_1,dop2,38883,out,na,160155.0,0c 17 17 17 17 0c 0c 0c 0c 0c 17 17 17 17 17 17
2026-06-27T15:12:59.000,1782553379000,1_1,dop1,38884,out,na,160155.0,0c 17 17 17 17 0c 0c 0c 0c 0c 17 17 17 17 17 17
2026-06-27T15:12:59.000,1782553379000,1_1,dop2,38885,out,na,160155.0,0c 17 17 17 17 0c 0c 0c 0c 0c 17 17 17 17 17 17
2026-06-27T15:12:59.000,1782553379000,1_1,nms hlth,38886,out,pass,160155.0,02 06 0b 00 3f 00 00 00 bb bb 18 00 35 00 01 00 00 01 00 01 01 1b 06 1a 0f 0c 3b 09 00 01 01 00 02 01 00 0d 00 00 0e 00 00 0f 00 00 10 00 00 11 00 00 00 29 00 00 39 4a 67 19 26 16 51 41 bf
2026-06-27T15:12:59.000,1782553379000,1_1,nms rssi,38887,out,pass,160155.0,02 06 0c 00 31 00 00 00 aa aa 20 00 29 00 01 00 00 01 00 01 01 1b 06 1a 0f 0c 3b 00 00 00 00 04 00 00 00 00 00 00 00 04 00 00 00 00 00 44 b9 2f 26
2026-06-27T15:12:59.000,1782553379000,1_1,linfo,38888,,pass,160155.0,01 02 01 00 00 00 a0 00 b6 03 b6 03 02 16 16 02 05 05 05 02 1e 00 00 00 1e 00 00 01 02 05 08 0a 1e 00 19 0f 05 05 00 00 00 3f 5a 00 05 03 03 06 06 02 04 0a b4 00 3c 00 f0 00 b8 0b 0e 05 1e 0f 08 5a 0f 02 1e 00 05 00 1e 00 78 00 0f 50 00 64 00 2c 01 b8 0b f4 01 dc 05 0a c8 00 2c 01 32 32 32 1e 2c 01 58 02 b8 0b b8 0b 64 00 f4 01 64 00 0f 05 02 78 00 78 00 19 3c 3c 02 41 42 43 44 00 00 00 00 00 00 00 00 00 00 00 00 00 00 00 00 00 00 00 00 00 00 00 00 00 00 00 00 00 00 00 00 00 00 00 00 58 59 5a 41 00 00 00 00 00 00 00 00 00 00 00 00 00 00 00 00 00 00 00 00 00 00 00 00 00 00 00 00 00 00 00 00 00 00 00 00 01 00 00 7f 51 c3 00 00 01 00 00 7f 52 c3 00 00 c0 a8 a7 f4 01 70 17 03 28 02 0f 00 00 00 41 00 00 a0 40 66 66 86 40 66 66 66 40 00 00 00 00 fa 00 64 00 50 00 50 00 dc 05 64 00 32 00 00 00 03 00 c1 4a 13 f6 01 01 4c 4f 43 4f 5f 54 43 41 53 5f 42 52 41 4b 49 4e 47 00 c3 00 00 00 72 00 6e 00 61 00 6c 00 30 ed 3f 1d c3 00 00 00 29 43 a0 64 64 96 00 fa 00 0a 00 04 04 04 03 03 04 32 09 09 32 0a 0a 46 0b 0b 64 0c 0c ff 00 00 64 00 00 00 01 00 02 00 01 3c 00 00 14 1e 37 4b 03 02 04 00 00 00 79 89 f3 f0
2026-06-27T15:12:59.000,1782553379000,1_1,dop1,38889,out,na,160155.0,0c 17 17 17 17 0c 0c 0c 0c 0c 17 17 17 17 17 17
2026-06-27T15:12:59.000,1782553379000,1_1,dop2,38890,out,na,160155.0,0c 17 17 17 17 0c 0c 0c 0c 0c 17 17 17 17 17 17
2026-06-27T15:13:00.000,1782553380000,1_1,ccsys,38891,in,fail,160155.0,03 01 01 00 00 00 00 00 00 00 00 00 00 00 00 00 00 00 00 00 00 00 00 00 00 00 00 00 00 03 01 01 00 00 00 00 00 00 03 03 00 00 00 00 1c 1c 33 33 00 00 00 00
2026-06-27T15:13:00.000,1782553380000,1_1,dmi,38892,out,na,160155.0,aa aa 74 02 01 0a 6f 00 65 32 00 00 00 00 00 00 00 00 00 00 1b 06 ea 07 0f 0d 00 00 00 00 00 00 00 00 00 40 00 04 04 00 00 00 01 00 00 20 00 00 00 32 00 00 00 00 00 00 00 50 00 00 00 00 00 00 00 00 00 00 00 00 fa 00 00 00 00 00 01 00 00 0d e2 0d 00 00 00 00 00 00 00 00 00 00 00 00 f0 3c 00 f4 01 00 00 00 00 08 06 0f 00 00 01 00 f7 35 97 7d bb bb
2026-06-27T15:13:00.000,1782553380000,1_1,dop1,38893,out,na,160155.0,0c 17 17 17 17 0c 0c 0c 0c 0c 17 17 17 17 17 17
2026-06-27T15:13:00.000,1782553380000,1_1,dop2,38894,out,na,160155.0,0c 17 17 17 17 0c 0c 0c 0c 0c 17 17 17 17 17 17
2026-06-27T15:13:00.000,1782553380000,1_1,arp,38895,out,fail,160155.0,02 07 0d 00 27 00 00 00 00 00 d3 ad 5f d0 00 01 40 00 00 07 d1 90 04 00 00 02 00 00 00 00 00 00 09 66 c0 86 bc 27 5d
2026-06-27T15:13:00.000,1782553380000,1_1,dop1,38896,out,na,160155.0,0c 17 17 17 17 0c 0c 0c 0c 0c 17 17 17 17 17 17
2026-06-27T15:13:00.000,1782553380000,1_1,dop2,38897,out,na,160155.0,0c 17 17 17 17 0c 0c 0c 0c 0c 17 17 17 17 17 17
2026-06-27T15:13:00.000,1782553380000,1_1,nms hlth,38898,out,pass,160155.0,02 06 0b 00 3f 00 00 00 bb bb 18 00 35 00 01 00 00 01 00 01 01 1b 06 1a 0f 0d 00 09 00 01 01 00 02 01 00 0d 00 00 0e 00 00 0f 00 00 10 00 00 11 00 00 00 29 00 00 39 4a 67 19 26 b4 0d 22 d2
2026-06-27T15:13:00.000,1782553380000,1_1,nms rssi,38899,out,pass,160155.0,02 06 0c 00 31 00 00 00 aa aa 20 00 29 00 01 00 00 01 00 01 01 1b 06 1a 0f 0d 00 00 00 00 00 04 00 00 00 00 00 00 00 04 00 00 00 00 00 be ef c2 52
2026-06-27T15:13:00.000,1782553380000,1_1,linfo,38900,,pass,160155.0,01 02 01 00 00 00 a0 00 b6 03 b6 03 02 16 16 02 05 05 05 02 1e 00 00 00 1e 00 00 01 02 05 08 0a 1e 00 19 0f 05 05 00 00 00 3f 5a 00 05 03 03 06 06 02 04 0a b4 00 3c 00 f0 00 b8 0b 0e 05 1e 0f 08 5a 0f 02 1e 00 05 00 1e 00 78 00 0f 50 00 64 00 2c 01 b8 0b f4 01 dc 05 0a c8 00 2c 01 32 32 32 1e 2c 01 58 02 b8 0b b8 0b 64 00 f4 01 64 00 0f 05 02 78 00 78 00 19 3c 3c 02 41 42 43 44 00 00 00 00 00 00 00 00 00 00 00 00 00 00 00 00 00 00 00 00 00 00 00 00 00 00 00 00 00 00 00 00 00 00 00 00 58 59 5a 41 00 00 00 00 00 00 00 00 00 00 00 00 00 00 00 00 00 00 00 00 00 00 00 00 00 00 00 00 00 00 00 00 00 00 00 00 01 00 00 7f 51 c3 00 00 01 00 00 7f 52 c3 00 00 c0 a8 a7 f4 01 70 17 03 28 02 0f 00 00 00 41 00 00 a0 40 66 66 86 40 66 66 66 40 00 00 00 00 fa 00 64 00 50 00 50 00 dc 05 64 00 32 00 00 00 03 00 c1 4a 13 f6 01 01 4c 4f 43 4f 5f 54 43 41 53 5f 42 52 41 4b 49 4e 47 00 c3 00 00 00 72 00 6e 00 61 00 6c 00 30 ed 3f 1d c3 00 00 00 29 43 a0 64 64 96 00 fa 00 0a 00 04 04 04 03 03 04 32 09 09 32 0a 0a 46 0b 0b 64 0c 0c ff 00 00 64 00 00 00 01 00 02 00 01 3c 00 00 14 1e 37 4b 03 02 04 00 00 00 79 89 f3 f0
2026-06-27T15:13:00.000,1782553380000,1_1,dop1,38901,out,na,160155.0,0c 17 17 17 17 0c 0c 0c 0c 0c 17 17 17 17 17 17
2026-06-27T15:13:00.000,1782553380000,1_1,dop2,38902,out,na,160155.0,0c 17 17 17 17 0c 0c 0c 0c 0c 17 17 17 17 17 17
2026-06-27T15:13:00.000,1782553380000,1_1,dmi,38903,out,na,160155.0,aa aa 74 02 01 0a 6f 00 84 32 00 00 00 00 00 00 00 00 00 00 1b 06 ea 07 0f 0d 00 00 00 00 00 00 00 00 00 40 00 04 04 00 00 00 01 00 00 20 00 00 00 32 00 00 00 00 00 00 00 50 00 00 00 00 00 00 00 00 00 00 00 00 fa 00 00 00 00 00 01 00 00 0d e2 0d 00 00 00 00 00 00 00 00 00 00 00 00 f0 3c 00 f4 01 00 00 00 00 08 06 0f 00 00 01 00 45 7a a7 68 bb bb
2026-06-27T15:13:01.000,1782553381000,1_1,dop1,38904,out,na,160155.0,0c 17 17 17 17 0c 0c 0c 0c 0c 17 17 17 17 17 17
2026-06-27T15:13:01.000,1782553381000,1_1,dop2,38905,out,na,160155.0,0c 17 17 17 17 0c 0c 0c 0c 0c 17 17 17 17 17 17
2026-06-27T15:13:01.000,1782553381000,1_1,dop1,38906,out,na,160155.0,0c 17 17 17 17 0c 0c 0c 0c 0c 17 17 17 17 17 17
2026-06-27T15:13:01.000,1782553381000,1_1,dop2,38907,out,na,160155.0,0c 17 17 17 17 0c 0c 0c 0c 0c 17 17 17 17 17 17
2026-06-27T15:13:01.000,1782553381000,1_1,nms hlth,38908,out,pass,160155.0,02 06 0b 00 3f 00 00 00 bb bb 18 00 35 00 01 00 00 01 00 01 01 1b 06 1a 0f 0d 01 09 00 01 01 00 02 01 00 0d 00 00 0e 00 00 0f 00 00 10 00 00 11 00 00 00 29 00 00 39 4a 67 19 26 82 ff b2 21
2026-06-27T15:13:01.000,1782553381000,1_1,nms rssi,38909,out,pass,160155.0,02 06 0c 00 31 00 00 00 aa aa 20 00 29 00 01 00 00 01 00 01 01 1b 06 1a 0f 0d 01 00 00 00 00 04 00 00 00 00 00 00 00 04 00 00 00 00 00 69 0d 42 0a
2026-06-27T15:13:01.000,1782553381000,1_1,linfo,38910,,pass,160155.0,01 02 01 00 00 00 a0 00 b6 03 b6 03 02 16 16 02 05 05 05 02 1e 00 00 00 1e 00 00 01 02 05 08 0a 1e 00 19 0f 05 05 00 00 00 3f 5a 00 05 03 03 06 06 02 04 0a b4 00 3c 00 f0 00 b8 0b 0e 05 1e 0f 08 5a 0f 02 1e 00 05 00 1e 00 78 00 0f 50 00 64 00 2c 01 b8 0b f4 01 dc 05 0a c8 00 2c 01 32 32 32 1e 2c 01 58 02 b8 0b b8 0b 64 00 f4 01 64 00 0f 05 02 78 00 78 00 19 3c 3c 02 41 42 43 44 00 00 00 00 00 00 00 00 00 00 00 00 00 00 00 00 00 00 00 00 00 00 00 00 00 00 00 00 00 00 00 00 00 00 00 00 58 59 5a 41 00 00 00 00 00 00 00 00 00 00 00 00 00 00 00 00 00 00 00 00 00 00 00 00 00 00 00 00 00 00 00 00 00 00 00 00 01 00 00 7f 51 c3 00 00 01 00 00 7f 52 c3 00 00 c0 a8 a7 f4 01 70 17 03 28 02 0f 00 00 00 41 00 00 a0 40 66 66 86 40 66 66 66 40 00 00 00 00 fa 00 64 00 50 00 50 00 dc 05 64 00 32 00 00 00 03 00 c1 4a 13 f6 01 01 4c 4f 43 4f 5f 54 43 41 53 5f 42 52 41 4b 49 4e 47 00 c3 00 00 00 72 00 6e 00 61 00 6c 00 30 ed 3f 1d c3 00 00 00 29 43 a0 64 64 96 00 fa 00 0a 00 04 04 04 03 03 04 32 09 09 32 0a 0a 46 0b 0b 64 0c 0c ff 00 00 64 00 00 00 01 00 02 00 01 3c 00 00 14 1e 37 4b 03 02 04 00 00 00 79 89 f3 f0
2026-06-27T15:13:01.000,1782553381000,1_1,dop1,38911,out,na,160155.0,0c 17 17 17 17 0c 0c 0c 0c 0c 17 17 17 17 17 17
2026-06-27T15:13:01.000,1782553381000,1_1,dop2,38912,out,na,160155.0,0c 17 17 17 17 0c 0c 0c 0c 0c 17 17 17 17 17 17
2026-06-27T15:13:02.000,1782553382000,1_1,dmi,38913,out,na,160155.0,aa aa 74 02 01 0a 6f 00 a3 32 00 00 00 00 00 00 00 00 00 00 1b 06 ea 07 0f 0d 02 00 00 00 00 00 00 00 00 40 00 04 04 00 00 00 01 00 00 20 00 00 00 32 00 00 00 00 00 00 00 50 00 00 00 00 00 00 00 00 00 00 00 00 fa 00 00 00 00 00 01 00 00 0d e2 0d 00 00 00 00 00 00 00 00 00 00 00 00 f0 3c 00 f4 01 00 00 00 00 08 06 0f 00 00 01 00 c5 08 0b db bb bb
2026-06-27T15:13:02.000,1782553382000,1_1,dop1,38914,out,na,160155.0,0c 17 17 17 17 0c 0c 0c 0c 0c 17 17 17 17 17 17
2026-06-27T15:13:02.000,1782553382000,1_1,dop2,38915,out,na,160155.0,0c 17 17 17 17 0c 0c 0c 0c 0c 17 17 17 17 17 17
2026-06-27T15:13:02.000,1782553382000,1_1,arp,38916,out,fail,160155.0,02 07 0d 00 27 00 00 00 00 00 d3 ad 5f f0 00 01 40 00 00 07 d1 90 04 00 00 02 00 00 00 00 00 00 09 66 c0 0e 23 b5 9e
2026-06-27T15:13:02.000,1782553382000,1_1,dop1,38917,out,na,160155.0,0c 17 17 17 17 0c 0c 0c 0c 0c 17 17 17 17 17 17
2026-06-27T15:13:02.000,1782553382000,1_1,dop2,38918,out,na,160155.0,0c 17 17 17 17 0c 0c 0c 0c 0c 17 17 17 17 17 17
2026-06-27T15:13:02.000,1782553382000,1_1,nms hlth,38919,out,pass,160155.0,02 06 0b 00 3f 00 00 00 bb bb 18 00 35 00 01 00 00 01 00 01 01 1b 06 1a 0f 0d 02 09 00 01 01 00 02 01 00 0d 00 00 0e 00 00 0f 00 00 10 00 00 11 00 00 00 29 00 00 39 4a 67 19 26 d9 e8 03 34
2026-06-27T15:13:02.000,1782553382000,1_1,nms rssi,38920,out,pass,160155.0,02 06 0c 00 31 00 00 00 aa aa 20 00 29 00 01 00 00 01 00 01 01 1b 06 1a 0f 0d 02 00 00 00 00 04 00 00 00 00 00 00 00 04 00 00 00 00 00 ca 5b c4 a3
2026-06-27T15:13:02.000,1782553382000,1_1,linfo,38921,,pass,160155.0,01 02 01 00 00 00 a0 00 b6 03 b6 03 02 16 16 02 05 05 05 02 1e 00 00 00 1e 00 00 01 02 05 08 0a 1e 00 19 0f 05 05 00 00 00 3f 5a 00 05 03 03 06 06 02 04 0a b4 00 3c 00 f0 00 b8 0b 0e 05 1e 0f 08 5a 0f 02 1e 00 05 00 1e 00 78 00 0f 50 00 64 00 2c 01 b8 0b f4 01 dc 05 0a c8 00 2c 01 32 32 32 1e 2c 01 58 02 b8 0b b8 0b 64 00 f4 01 64 00 0f 05 02 78 00 78 00 19 3c 3c 02 41 42 43 44 00 00 00 00 00 00 00 00 00 00 00 00 00 00 00 00 00 00 00 00 00 00 00 00 00 00 00 00 00 00 00 00 00 00 00 00 58 59 5a 41 00 00 00 00 00 00 00 00 00 00 00 00 00 00 00 00 00 00 00 00 00 00 00 00 00 00 00 00 00 00 00 00 00 00 00 00 01 00 00 7f 51 c3 00 00 01 00 00 7f 52 c3 00 00 c0 a8 a7 f4 01 70 17 03 28 02 0f 00 00 00 41 00 00 a0 40 66 66 86 40 66 66 66 40 00 00 00 00 fa 00 64 00 50 00 50 00 dc 05 64 00 32 00 00 00 03 00 c1 4a 13 f6 01 01 4c 4f 43 4f 5f 54 43 41 53 5f 42 52 41 4b 49 4e 47 00 c3 00 00 00 72 00 6e 00 61 00 6c 00 30 ed 3f 1d c3 00 00 00 29 43 a0 64 64 96 00 fa 00 0a 00 04 04 04 03 03 04 32 09 09 32 0a 0a 46 0b 0b 64 0c 0c ff 00 00 64 00 00 00 01 00 02 00 01 3c 00 00 14 1e 37 4b 03 02 04 00 00 00 79 89 f3 f0
2026-06-27T15:13:02.000,1782553382000,1_1,dop1,38922,out,na,160155.0,0c 17 17 17 17 0c 0c 0c 0c 0c 17 17 17 17 17 17
2026-06-27T15:13:02.000,1782553382000,1_1,dop2,38923,out,na,160155.0,0c 17 17 17 17 0c 0c 0c 0c 0c 17 17 17 17 17 17
2026-06-27T15:13:02.000,1782553382000,1_1,dmi,38924,out,na,160155.0,aa aa 74 02 01 0a 6f 00 c2 32 00 00 00 00 00 00 00 00 00 00 1b 06 ea 07 0f 0d 02 00 00 00 00 00 00 00 00 40 00 04 04 00 00 00 01 00 00 20 00 00 00 32 00 00 00 00 00 00 00 50 00 00 00 00 00 00 00 00 00 00 00 00 fa 00 00 00 00 00 01 00 00 0d e2 0d 00 00 00 00 00 00 00 00 00 00 00 00 f0 3c 00 f4 01 00 00 00 00 08 06 0f 00 00 01 00 48 7c e6 64 bb bb
2026-06-27T15:13:03.000,1782553383000,1_1,dop1,38925,out,na,160155.0,0c 17 17 17 17 0c 0c 0c 0c 0c 17 17 17 17 17 17
2026-06-27T15:13:03.000,1782553383000,1_1,dop2,38926,out,na,160155.0,0c 17 17 17 17 0c 0c 0c 0c 0c 17 17 17 17 17 17
2026-06-27T15:13:03.000,1782553383000,1_1,dop1,38927,out,na,160155.0,0c 17 17 17 17 0c 0c 0c 0c 0c 17 17 17 17 17 17
2026-06-27T15:13:03.000,1782553383000,1_1,dop2,38928,out,na,160155.0,0c 17 17 17 17 0c 0c 0c 0c 0c 17 17 17 17 17 17
2026-06-27T15:13:03.000,1782553383000,1_1,nms hlth,38929,out,pass,160155.0,02 06 0b 00 3f 00 00 00 bb bb 18 00 35 00 01 00 00 01 00 01 01 1b 06 1a 0f 0d 03 09 00 01 01 00 02 01 00 0d 00 00 0e 00 00 0f 00 00 10 00 00 11 00 00 00 29 00 00 39 4a 67 19 26 ef 1a 93 c7
2026-06-27T15:13:03.000,1782553383000,1_1,nms rssi,38930,out,pass,160155.0,02 06 0c 00 31 00 00 00 aa aa 20 00 29 00 01 00 00 01 00 01 01 1b 06 1a 0f 0d 03 00 00 00 00 04 00 00 00 00 00 00 00 04 00 00 00 00 00 1d b9 44 fb
2026-06-27T15:13:03.000,1782553383000,1_1,linfo,38931,,pass,160155.0,01 02 01 00 00 00 a0 00 b6 03 b6 03 02 16 16 02 05 05 05 02 1e 00 00 00 1e 00 00 01 02 05 08 0a 1e 00 19 0f 05 05 00 00 00 3f 5a 00 05 03 03 06 06 02 04 0a b4 00 3c 00 f0 00 b8 0b 0e 05 1e 0f 08 5a 0f 02 1e 00 05 00 1e 00 78 00 0f 50 00 64 00 2c 01 b8 0b f4 01 dc 05 0a c8 00 2c 01 32 32 32 1e 2c 01 58 02 b8 0b b8 0b 64 00 f4 01 64 00 0f 05 02 78 00 78 00 19 3c 3c 02 41 42 43 44 00 00 00 00 00 00 00 00 00 00 00 00 00 00 00 00 00 00 00 00 00 00 00 00 00 00 00 00 00 00 00 00 00 00 00 00 58 59 5a 41 00 00 00 00 00 00 00 00 00 00 00 00 00 00 00 00 00 00 00 00 00 00 00 00 00 00 00 00 00 00 00 00 00 00 00 00 01 00 00 7f 51 c3 00 00 01 00 00 7f 52 c3 00 00 c0 a8 a7 f4 01 70 17 03 28 02 0f 00 00 00 41 00 00 a0 40 66 66 86 40 66 66 66 40 00 00 00 00 fa 00 64 00 50 00 50 00 dc 05 64 00 32 00 00 00 03 00 c1 4a 13 f6 01 01 4c 4f 43 4f 5f 54 43 41 53 5f 42 52 41 4b 49 4e 47 00 c3 00 00 00 72 00 6e 00 61 00 6c 00 30 ed 3f 1d c3 00 00 00 29 43 a0 64 64 96 00 fa 00 0a 00 04 04 04 03 03 04 32 09 09 32 0a 0a 46 0b 0b 64 0c 0c ff 00 00 64 00 00 00 01 00 02 00 01 3c 00 00 14 1e 37 4b 03 02 04 00 00 00 79 89 f3 f0
2026-06-27T15:13:03.000,1782553383000,1_1,dop1,38932,out,na,160155.0,0c 17 17 17 17 0c 0c 0c 0c 0c 17 17 17 17 17 17
2026-06-27T15:13:03.000,1782553383000,1_1,dop2,38933,out,na,160155.0,0c 17 17 17 17 0c 0c 0c 0c 0c 17 17 17 17 17 17
2026-06-27T15:13:04.000,1782553384000,1_1,dmi,38934,out,na,160155.0,aa aa 74 02 01 0a 6f 00 e1 32 00 00 00 00 00 00 00 00 00 00 1b 06 ea 07 0f 0d 04 00 00 00 00 00 00 00 00 40 00 04 04 00 00 00 01 00 00 20 00 00 00 32 00 00 00 00 00 00 00 50 00 00 00 00 00 00 00 00 00 00 00 00 fa 00 00 00 00 00 01 00 00 0d e2 0d 00 00 00 00 00 00 00 00 00 00 00 00 f0 3c 00 f4 01 00 00 00 00 08 06 0f 00 00 01 00 42 18 05 d2 bb bb
2026-06-27T15:13:04.000,1782553384000,1_1,dop1,38935,out,na,160155.0,0c 17 17 17 17 0c 0c 0c 0c 0c 17 17 17 17 17 17
2026-06-27T15:13:04.000,1782553384000,1_1,dop2,38936,out,na,160155.0,0c 17 17 17 17 0c 0c 0c 0c 0c 17 17 17 17 17 17
2026-06-27T15:13:04.000,1782553384000,1_1,arp,38937,out,fail,160155.0,02 07 0d 00 27 00 00 00 00 00 d3 ad 60 10 00 01 40 00 00 07 d1 90 04 00 00 02 00 00 00 00 00 00 09 66 c0 76 88 14 09
2026-06-27T15:13:04.000,1782553384000,1_1,dop1,38938,out,na,160155.0,0c 17 17 17 17 0c 0c 0c 0c 0c 17 17 17 17 17 17
2026-06-27T15:13:04.000,1782553384000,1_1,dop2,38939,out,na,160155.0,0c 17 17 17 17 0c 0c 0c 0c 0c 17 17 17 17 17 17
2026-06-27T15:13:04.000,1782553384000,1_1,nms hlth,38940,out,pass,160155.0,02 06 0b 00 3f 00 00 00 bb bb 18 00 35 00 01 00 00 01 00 01 01 1b 06 1a 0f 0d 04 09 00 01 01 00 02 01 00 0d 00 00 0e 00 00 0f 00 00 10 00 00 11 00 00 00 29 00 00 39 4a 67 19 26 6f c7 61 1e
2026-06-27T15:13:04.000,1782553384000,1_1,nms rssi,38941,out,pass,160155.0,02 06 0c 00 31 00 00 00 aa aa 20 00 29 00 01 00 00 01 00 01 01 1b 06 1a 0f 0d 04 00 00 00 00 04 00 00 00 00 00 00 00 04 00 00 00 00 00 57 87 cf b0
2026-06-27T15:13:04.000,1782553384000,1_1,linfo,38942,,pass,160155.0,01 02 01 00 00 00 a0 00 b6 03 b6 03 02 16 16 02 05 05 05 02 1e 00 00 00 1e 00 00 01 02 05 08 0a 1e 00 19 0f 05 05 00 00 00 3f 5a 00 05 03 03 06 06 02 04 0a b4 00 3c 00 f0 00 b8 0b 0e 05 1e 0f 08 5a 0f 02 1e 00 05 00 1e 00 78 00 0f 50 00 64 00 2c 01 b8 0b f4 01 dc 05 0a c8 00 2c 01 32 32 32 1e 2c 01 58 02 b8 0b b8 0b 64 00 f4 01 64 00 0f 05 02 78 00 78 00 19 3c 3c 02 41 42 43 44 00 00 00 00 00 00 00 00 00 00 00 00 00 00 00 00 00 00 00 00 00 00 00 00 00 00 00 00 00 00 00 00 00 00 00 00 58 59 5a 41 00 00 00 00 00 00 00 00 00 00 00 00 00 00 00 00 00 00 00 00 00 00 00 00 00 00 00 00 00 00 00 00 00 00 00 00 01 00 00 7f 51 c3 00 00 01 00 00 7f 52 c3 00 00 c0 a8 a7 f4 01 70 17 03 28 02 0f 00 00 00 41 00 00 a0 40 66 66 86 40 66 66 66 40 00 00 00 00 fa 00 64 00 50 00 50 00 dc 05 64 00 32 00 00 00 03 00 c1 4a 13 f6 01 01 4c 4f 43 4f 5f 54 43 41 53 5f 42 52 41 4b 49 4e 47 00 c3 00 00 00 72 00 6e 00 61 00 6c 00 30 ed 3f 1d c3 00 00 00 29 43 a0 64 64 96 00 fa 00 0a 00 04 04 04 03 03 04 32 09 09 32 0a 0a 46 0b 0b 64 0c 0c ff 00 00 64 00 00 00 01 00 02 00 01 3c 00 00 14 1e 37 4b 03 02 04 00 00 00 79 89 f3 f0
2026-06-27T15:13:04.000,1782553384000,1_1,dop1,38943,out,na,160155.0,0c 17 17 17 17 0c 0c 0c 0c 0c 17 17 17 17 17 17
2026-06-27T15:13:04.000,1782553384000,1_1,dop2,38944,out,na,160155.0,0c 17 17 17 17 0c 0c 0c 0c 0c 17 17 17 17 17 17
2026-06-27T15:13:04.000,1782553384000,1_1,ccsys,38945,in,fail,160155.0,03 01 01 00 00 00 00 00 00 00 00 00 00 00 00 00 00 00 00 00 00 00 00 00 00 00 00 00 00 03 01 01 05 05 00 00 00 00 03 03 00 00 00 00 1c 1c 33 33 00 00 00 00
2026-06-27T15:13:04.000,1782553384000,1_1,dmi,38946,out,na,160155.0,aa aa 74 02 01 0a 6f 00 00 33 00 00 00 00 00 00 00 00 00 00 1b 06 ea 07 0f 0d 04 00 00 00 00 00 00 00 00 40 00 04 04 00 00 00 01 00 00 20 00 00 00 32 00 00 00 00 00 00 00 50 00 00 00 00 00 00 00 00 00 00 00 00 fa 00 00 00 00 00 01 00 00 0d e2 0d 00 00 00 00 00 00 00 00 00 00 00 00 f0 3c 00 f4 01 00 00 00 00 08 06 0f 00 00 01 00 cf 27 fe 49 bb bb
2026-06-27T15:13:04.000,1782553384000,1_1,dop1,38947,out,na,160155.0,0c 17 17 17 17 0c 0c 0c 0c 0c 17 17 17 17 17 17
2026-06-27T15:13:04.000,1782553384000,1_1,dop2,38948,out,na,160155.0,0c 17 17 17 17 0c 0c 0c 0c 0c 17 17 17 17 17 17
2026-06-27T15:13:05.000,1782553385000,1_1,dop1,38949,out,na,160155.0,0c 17 17 17 17 0c 0c 0c 0c 0c 17 17 17 17 17 17
2026-06-27T15:13:05.000,1782553385000,1_1,dop2,38950,out,na,160155.0,0c 17 17 17 17 0c 0c 0c 0c 0c 17 17 17 17 17 17
2026-06-27T15:13:05.000,1782553385000,1_1,nms hlth,38951,out,pass,160155.0,02 06 0b 00 3f 00 00 00 bb bb 18 00 35 00 01 00 00 01 00 01 01 1b 06 1a 0f 0d 05 09 00 01 01 00 02 01 00 0d 00 00 0e 00 00 0f 00 00 10 00 00 11 00 00 00 29 00 00 39 4a 67 19 26 59 35 f1 ed
2026-06-27T15:13:05.000,1782553385000,1_1,nms rssi,38952,out,pass,160155.0,02 06 0c 00 31 00 00 00 aa aa 20 00 29 00 01 00 00 01 00 01 01 1b 06 1a 0f 0d 05 00 00 00 00 04 00 00 00 00 00 00 00 04 00 00 00 00 00 80 65 4f e8
2026-06-27T15:13:05.000,1782553385000,1_1,linfo,38953,,pass,160155.0,01 02 01 00 00 00 a0 00 b6 03 b6 03 02 16 16 02 05 05 05 02 1e 00 00 00 1e 00 00 01 02 05 08 0a 1e 00 19 0f 05 05 00 00 00 3f 5a 00 05 03 03 06 06 02 04 0a b4 00 3c 00 f0 00 b8 0b 0e 05 1e 0f 08 5a 0f 02 1e 00 05 00 1e 00 78 00 0f 50 00 64 00 2c 01 b8 0b f4 01 dc 05 0a c8 00 2c 01 32 32 32 1e 2c 01 58 02 b8 0b b8 0b 64 00 f4 01 64 00 0f 05 02 78 00 78 00 19 3c 3c 02 41 42 43 44 00 00 00 00 00 00 00 00 00 00 00 00 00 00 00 00 00 00 00 00 00 00 00 00 00 00 00 00 00 00 00 00 00 00 00 00 58 59 5a 41 00 00 00 00 00 00 00 00 00 00 00 00 00 00 00 00 00 00 00 00 00 00 00 00 00 00 00 00 00 00 00 00 00 00 00 00 01 00 00 7f 51 c3 00 00 01 00 00 7f 52 c3 00 00 c0 a8 a7 f4 01 70 17 03 28 02 0f 00 00 00 41 00 00 a0 40 66 66 86 40 66 66 66 40 00 00 00 00 fa 00 64 00 50 00 50 00 dc 05 64 00 32 00 00 00 03 00 c1 4a 13 f6 01 01 4c 4f 43 4f 5f 54 43 41 53 5f 42 52 41 4b 49 4e 47 00 c3 00 00 00 72 00 6e 00 61 00 6c 00 30 ed 3f 1d c3 00 00 00 29 43 a0 64 64 96 00 fa 00 0a 00 04 04 04 03 03 04 32 09 09 32 0a 0a 46 0b 0b 64 0c 0c ff 00 00 64 00 00 00 01 00 02 00 01 3c 00 00 14 1e 37 4b 03 02 04 00 00 00 79 89 f3 f0
2026-06-27T15:13:05.000,1782553385000,1_1,dop1,38954,out,na,160155.0,0c 17 17 17 17 0c 0c 0c 0c 0c 17 17 17 17 17 17
2026-06-27T15:13:05.000,1782553385000,1_1,dop2,38955,out,na,160155.0,0c 17 17 17 17 0c 0c 0c 0c 0c 17 17 17 17 17 17
2026-06-27T15:13:06.000,1782553386000,1_1,rfid,38956,in,pass,160565.0,01 99 01 35 73 02 1a 99 07 81 07 01 80 54 56 b2 7a
2026-06-27T15:13:06.000,1782553386000,1_1,dmi,38957,out,na,160565.0,aa aa 74 02 01 0a 6f 00 1f 33 00 00 00 00 00 00 00 00 00 00 1b 06 ea 07 0f 0d 06 00 00 00 00 00 00 00 00 40 00 06 44 40 00 00 01 00 00 20 37 73 02 32 00 00 00 00 00 00 00 50 00 00 00 00 00 00 00 00 0f 02 00 00 fa 00 00 00 00 00 01 00 00 2d e2 0d 00 00 00 00 00 00 00 00 00 00 00 00 f0 3c 00 f4 01 00 00 00 00 08 06 0f 00 00 01 00 fa 30 c6 07 bb bb
2026-06-27T15:13:06.000,1782553386000,1_1,dop1,38958,out,na,160565.0,0c 17 17 17 17 0c 0c 0c 0c 0c 17 17 17 17 17 17
2026-06-27T15:13:06.000,1782553386000,1_1,dop2,38959,out,na,160565.0,0c 17 17 17 17 0c 0c 0c 0c 0c 17 17 17 17 17 17
2026-06-27T15:13:06.000,1782553386000,1_1,rfid,38960,in,pass,160569.0,01 99 01 39 73 02 1a 99 07 81 07 01 00 a0 93 24 b3
2026-06-27T15:13:06.000,1782553386000,1_1,arp,38961,out,fail,160572.0,02 07 0d 00 27 00 00 00 0f 02 d3 ad 60 30 00 01 40 9c cf 07 d1 91 04 04 1e 03 0d 00 00 00 00 00 09 66 c0 3f 6a 61 3d
2026-06-27T15:13:06.000,1782553386000,1_1,dop1,38962,out,na,160572.0,0c 17 17 17 17 0c 0c 0c 0c 0c 17 17 17 17 17 17
2026-06-27T15:13:06.000,1782553386000,1_1,dop2,38963,out,na,160572.0,0c 17 17 17 17 0c 0c 0c 0c 0c 17 17 17 17 17 17
2026-06-27T15:13:06.000,1782553386000,1_1,nms hlth,38964,out,pass,160572.0,02 06 0b 00 3f 00 00 00 bb bb 18 00 35 00 01 00 00 01 00 01 01 1b 06 1a 0f 0d 06 09 00 01 01 00 02 01 00 0d 00 00 0e 00 00 0f 00 00 10 00 00 11 00 00 00 29 00 00 39 4a 67 19 26 02 22 40 f8
2026-06-27T15:13:06.000,1782553386000,1_1,nms rssi,38965,out,pass,160572.0,02 06 0c 00 31 00 00 00 aa aa 20 00 29 00 01 00 00 01 00 01 01 1b 06 1a 0f 0d 06 02 0f 00 00 06 00 00 00 00 00 00 00 06 00 00 00 00 00 4c c3 f4 b1
2026-06-27T15:13:06.000,1782553386000,1_1,linfo,38966,,pass,160572.0,01 02 01 00 00 00 a0 00 b6 03 b6 03 02 16 16 02 05 05 05 02 1e 00 00 00 1e 00 00 01 02 05 08 0a 1e 00 19 0f 05 05 00 00 00 3f 5a 00 05 03 03 06 06 02 04 0a b4 00 3c 00 f0 00 b8 0b 0e 05 1e 0f 08 5a 0f 02 1e 00 05 00 1e 00 78 00 0f 50 00 64 00 2c 01 b8 0b f4 01 dc 05 0a c8 00 2c 01 32 32 32 1e 2c 01 58 02 b8 0b b8 0b 64 00 f4 01 64 00 0f 05 02 78 00 78 00 19 3c 3c 02 41 42 43 44 00 00 00 00 00 00 00 00 00 00 00 00 00 00 00 00 00 00 00 00 00 00 00 00 00 00 00 00 00 00 00 00 00 00 00 00 58 59 5a 41 00 00 00 00 00 00 00 00 00 00 00 00 00 00 00 00 00 00 00 00 00 00 00 00 00 00 00 00 00 00 00 00 00 00 00 00 01 00 00 7f 51 c3 00 00 01 00 00 7f 52 c3 00 00 c0 a8 a7 f4 01 70 17 03 28 02 0f 00 00 00 41 00 00 a0 40 66 66 86 40 66 66 66 40 00 00 00 00 fa 00 64 00 50 00 50 00 dc 05 64 00 32 00 00 00 03 00 c1 4a 13 f6 01 01 4c 4f 43 4f 5f 54 43 41 53 5f 42 52 41 4b 49 4e 47 00 c3 00 00 00 72 00 6e 00 61 00 6c 00 30 ed 3f 1d c3 00 00 00 29 43 a0 64 64 96 00 fa 00 0a 00 04 04 04 03 03 04 32 09 09 32 0a 0a 46 0b 0b 64 0c 0c ff 00 00 64 00 00 00 01 00 02 00 01 3c 00 00 14 1e 37 4b 03 02 04 00 00 00 79 89 f3 f0
2026-06-27T15:13:06.000,1782553386000,1_1,dop1,38967,out,na,160572.0,0c 17 17 17 17 0c 0c 0c 0c 0c 17 17 17 17 17 17
2026-06-27T15:13:06.000,1782553386000,1_1,dop2,38968,out,na,160572.0,0c 17 17 17 17 0c 0c 0c 0c 0c 17 17 17 17 17 17
2026-06-27T15:13:06.000,1782553386000,1_1,rfid,38969,in,pass,160569.0,02 99 01 39 73 02 1a 99 07 81 07 01 00 a0 93 24 b3
2026-06-27T15:13:06.000,1782553386000,1_1,rfid,38970,in,pass,160565.0,02 99 01 35 73 02 1a 99 07 81 07 01 80 54 56 b2 7a
2026-06-27T15:13:06.000,1782553386000,1_1,dmi,38971,out,na,160565.0,aa aa 74 02 01 0a 6f 00 3e 33 00 00 00 00 00 00 00 00 00 00 1b 06 ea 07 0f 0d 06 00 00 04 00 00 00 00 00 00 00 06 44 40 00 00 01 00 00 20 52 73 02 32 00 00 0c 03 00 00 00 50 00 00 00 00 00 00 00 00 0f 02 00 00 fa 00 00 00 00 00 01 40 01 2d e2 0d 00 10 00 00 00 00 00 00 86 01 00 00 f0 3c 00 f4 01 00 00 00 00 08 06 0f 00 00 01 00 83 07 a5 47 bb bb
2026-06-27T15:13:06.000,1782553386000,1_1,dop1,38972,out,na,160565.0,0c 17 17 17 17 0c 0c 0c 0c 0c 17 17 17 17 17 17
2026-06-27T15:13:06.000,1782553386000,1_1,dop2,38973,out,na,160565.0,0c 17 17 17 17 0c 0c 0c 0c 0c 17 17 17 17 17 17
2026-06-27T15:13:07.000,1782553387000,1_1,dop1,38974,out,na,160565.0,0c 17 17 17 17 0c 0c 0c 0c 0c 17 17 17 17 17 17
2026-06-27T15:13:07.000,1782553387000,1_1,dop2,38975,out,na,160565.0,0c 17 17 17 17 0c 0c 0c 0c 0c 17 17 17 17 17 17
2026-06-27T15:13:07.000,1782553387000,1_1,nms hlth,38976,out,pass,160565.0,02 06 0b 00 48 00 00 00 bb bb 18 00 3e 00 01 00 00 01 00 01 01 1b 06 1a 0f 0d 07 0b 00 01 01 00 02 01 00 0d 00 00 0e 00 00 0f 00 00 10 00 00 11 00 00 00 29 00 00 2d 09 00 30 07 02 00 00 00 39 4a 67 19 26 7d 0f 8a bc
2026-06-27T15:13:07.000,1782553387000,1_1,nms rssi,38977,out,pass,160565.0,02 06 0c 00 31 00 00 00 aa aa 20 00 29 00 01 00 00 01 00 01 01 1b 06 1a 0f 0d 07 02 0f 00 00 06 00 00 00 00 00 00 00 06 00 00 00 00 00 9b 21 74 e9
2026-06-27T15:13:07.000,1782553387000,1_1,linfo,38978,,pass,160565.0,01 02 01 00 00 00 a0 00 b6 03 b6 03 02 16 16 02 05 05 05 02 1e 00 00 00 1e 00 00 01 02 05 08 0a 1e 00 19 0f 05 05 00 00 00 3f 5a 00 05 03 03 06 06 02 04 0a b4 00 3c 00 f0 00 b8 0b 0e 05 1e 0f 08 5a 0f 02 1e 00 05 00 1e 00 78 00 0f 50 00 64 00 2c 01 b8 0b f4 01 dc 05 0a c8 00 2c 01 32 32 32 1e 2c 01 58 02 b8 0b b8 0b 64 00 f4 01 64 00 0f 05 02 78 00 78 00 19 3c 3c 02 41 42 43 44 00 00 00 00 00 00 00 00 00 00 00 00 00 00 00 00 00 00 00 00 00 00 00 00 00 00 00 00 00 00 00 00 00 00 00 00 58 59 5a 41 00 00 00 00 00 00 00 00 00 00 00 00 00 00 00 00 00 00 00 00 00 00 00 00 00 00 00 00 00 00 00 00 00 00 00 00 01 00 00 7f 51 c3 00 00 01 00 00 7f 52 c3 00 00 c0 a8 a7 f4 01 70 17 03 28 02 0f 00 00 00 41 00 00 a0 40 66 66 86 40 66 66 66 40 00 00 00 00 fa 00 64 00 50 00 50 00 dc 05 64 00 32 00 00 00 03 00 c1 4a 13 f6 01 01 4c 4f 43 4f 5f 54 43 41 53 5f 42 52 41 4b 49 4e 47 00 c3 00 00 00 72 00 6e 00 61 00 6c 00 30 ed 3f 1d c3 00 00 00 29 43 a0 64 64 96 00 fa 00 0a 00 04 04 04 03 03 04 32 09 09 32 0a 0a 46 0b 0b 64 0c 0c ff 00 00 64 00 00 00 01 00 02 00 01 3c 00 00 14 1e 37 4b 03 02 04 00 00 00 79 89 f3 f0
2026-06-27T15:13:07.000,1782553387000,1_1,dop1,38979,out,na,160565.0,0c 17 17 17 17 0c 0c 0c 0c 0c 17 17 17 17 17 17
2026-06-27T15:13:07.000,1782553387000,1_1,dop2,38980,out,na,160565.0,0c 17 17 17 17 0c 0c 0c 0c 0c 17 17 17 17 17 17
2026-06-27T15:13:08.000,1782553388000,1_1,dop1,38981,out,na,160565.0,0c 17 17 17 17 0c 0c 0c 0c 0c 17 17 17 17 17 17
2026-06-27T15:13:08.000,1782553388000,1_1,dop2,38982,out,na,160565.0,0c 17 17 17 17 0c 0c 0c 0c 0c 17 17 17 17 17 17
2026-06-27T15:13:08.000,1782553388000,1_1,dmi,38983,out,na,160565.0,aa aa 74 02 01 0a 6f 00 5d 33 00 00 00 00 00 00 00 00 00 00 1b 06 ea 07 0f 0d 08 00 00 04 00 00 00 00 00 00 00 06 44 40 00 00 01 00 00 20 6e 73 02 32 00 00 e6 02 00 00 00 50 00 00 00 00 00 00 00 00 0f 02 00 00 fa 00 00 00 00 00 01 40 01 2d e2 0d 00 10 00 00 00 00 00 00 73 01 00 00 f0 3c 00 f4 01 00 00 00 00 08 06 0f 00 00 01 00 87 da f3 a3 bb bb
2026-06-27T15:13:08.000,1782553388000,1_1,dlsys,38984,in,fail,160565.0,0c 63 0a 04 09 01 50 01 00 00 00 00 54 6b 06 7f
2026-06-27T15:13:08.000,1782553388000,1_1,arp,38985,out,fail,160628.0,02 07 57 04 27 00 00 00 0f 02 d3 ad 60 50 00 01 40 9c dd 07 d1 91 a4 04 1e 03 0d 00 00 00 00 00 09 66 c0 ad c2 b7 61
2026-06-27T15:13:08.000,1782553388000,1_1,dop1,38986,out,na,160628.0,0c 17 17 17 17 0c 0c 0c 0c 0c 17 17 17 17 17 17
2026-06-27T15:13:08.000,1782553388000,1_1,dop2,38987,out,na,160628.0,0c 17 17 17 17 0c 0c 0c 0c 0c 17 17 17 17 17 17
2026-06-27T15:13:08.000,1782553388000,1_1,aap,38988,in,pass,160628.0,b3 4d 60 50 20 f4 09 d4 90 00 00 5f 41 77 10 83 49 00 9e de 35 ef 53 cf 24 3c
2026-06-27T15:13:08.000,1782553388000,1_1,aap,38989,in,pass,160628.0,b3 4d 60 50 20 f4 09 d4 90 00 00 5f 41 77 10 83 49 00 9e de 35 ef 53 cf 24 3c
2026-06-27T15:13:08.000,1782553388000,1_1,nms hlth,38990,out,pass,160628.0,02 06 0b 00 4c 00 00 00 bb bb 18 00 42 00 01 00 00 01 00 01 01 1b 06 1a 0f 0d 08 0c 00 01 01 00 02 01 00 0d 00 00 0e 00 00 0f 00 00 10 00 00 11 00 00 00 21 16 e6 00 29 00 00 2d 09 00 30 07 02 00 00 00 39 4a 67 19 26 21 09 e5 08
2026-06-27T15:13:08.000,1782553388000,1_1,nms rssi,38991,out,pass,160628.0,02 06 0c 00 31 00 00 00 aa aa 20 00 29 00 01 00 00 01 00 01 01 1b 06 1a 0f 0d 08 02 0f 00 00 06 00 00 00 00 00 00 00 06 00 00 00 00 00 d8 be e2 27
2026-06-27T15:13:08.000,1782553388000,1_1,linfo,38992,,pass,160628.0,01 02 01 00 00 00 a0 00 b6 03 b6 03 02 16 16 02 05 05 05 02 1e 00 00 00 1e 00 00 01 02 05 08 0a 1e 00 19 0f 05 05 00 00 00 3f 5a 00 05 03 03 06 06 02 04 0a b4 00 3c 00 f0 00 b8 0b 0e 05 1e 0f 08 5a 0f 02 1e 00 05 00 1e 00 78 00 0f 50 00 64 00 2c 01 b8 0b f4 01 dc 05 0a c8 00 2c 01 32 32 32 1e 2c 01 58 02 b8 0b b8 0b 64 00 f4 01 64 00 0f 05 02 78 00 78 00 19 3c 3c 02 41 42 43 44 00 00 00 00 00 00 00 00 00 00 00 00 00 00 00 00 00 00 00 00 00 00 00 00 00 00 00 00 00 00 00 00 00 00 00 00 58 59 5a 41 00 00 00 00 00 00 00 00 00 00 00 00 00 00 00 00 00 00 00 00 00 00 00 00 00 00 00 00 00 00 00 00 00 00 00 00 01 00 00 7f 51 c3 00 00 01 00 00 7f 52 c3 00 00 c0 a8 a7 f4 01 70 17 03 28 02 0f 00 00 00 41 00 00 a0 40 66 66 86 40 66 66 66 40 00 00 00 00 fa 00 64 00 50 00 50 00 dc 05 64 00 32 00 00 00 03 00 c1 4a 13 f6 01 01 4c 4f 43 4f 5f 54 43 41 53 5f 42 52 41 4b 49 4e 47 00 c3 00 00 00 72 00 6e 00 61 00 6c 00 30 ed 3f 1d c3 00 00 00 29 43 a0 64 64 96 00 fa 00 0a 00 04 04 04 03 03 04 32 09 09 32 0a 0a 46 0b 0b 64 0c 0c ff 00 00 64 00 00 00 01 00 02 00 01 3c 00 00 14 1e 37 4b 03 02 04 00 00 00 79 89 f3 f0
2026-06-27T15:13:08.000,1782553388000,1_1,arp,38993,out,fail,160636.0,02 07 57 04 27 00 00 00 0f 02 d3 ad 60 50 00 01 40 9c df 07 d1 91 a4 04 1e 03 0d 00 00 00 00 00 09 66 c0 79 fe 27 a6
2026-06-27T15:13:08.000,1782553388000,1_1,dop1,38994,out,na,160636.0,0c 17 17 17 17 0c 0c 0c 0c 0c 17 17 17 17 17 17
2026-06-27T15:13:08.000,1782553388000,1_1,dop2,38995,out,na,160636.0,0c 17 17 17 17 0c 0c 0c 0c 0c 17 17 17 17 17 17
2026-06-27T15:13:08.000,1782553388000,1_1,dop1,38996,out,na,160636.0,0c 17 17 17 17 0c 0c 0c 0c 0c 17 17 17 17 17 17
2026-06-27T15:13:08.000,1782553388000,1_1,dop2,38997,out,na,160636.0,0c 17 17 17 17 0c 0c 0c 0c 0c 17 17 17 17 17 17
2026-06-27T15:13:08.000,1782553388000,1_1,dmi,38998,out,na,160636.0,aa aa 74 02 01 0a 6f 00 7d 33 00 00 00 00 00 00 00 00 00 00 1b 06 ea 07 0f 0d 08 00 00 04 00 00 00 00 00 00 00 06 44 40 00 00 01 00 00 20 8a 73 02 32 00 00 be 02 00 00 00 50 00 00 00 00 00 00 00 00 0f 02 00 00 fa 00 00 00 00 00 01 40 01 2d e2 0d 00 10 00 00 00 00 00 00 5f 01 00 00 f0 3c 00 f4 01 00 00 00 00 08 06 0f 00 00 01 00 59 28 a1 1b bb bb
2026-06-27T15:13:09.000,1782553389000,1_1,dop1,38999,out,na,160636.0,0c 17 17 17 17 0c 0c 0c 0c 0c 17 17 17 17 17 17
2026-06-27T15:13:09.000,1782553389000,1_1,dop2,39000,out,na,160636.0,0c 17 17 17 17 0c 0c 0c 0c 0c 17 17 17 17 17 17
2026-06-27T15:13:09.000,1782553389000,1_1,nms hlth,39001,out,pass,160636.0,02 06 0b 00 43 00 00 00 bb bb 18 00 39 00 01 00 00 01 00 01 01 1b 06 1a 0f 0d 09 0a 00 01 01 00 02 01 00 0d 00 00 0e 00 00 0f 00 00 10 00 00 11 00 00 00 21 16 e6 00 29 00 00 39 4a 67 19 26 51 da d6 2b
2026-06-27T15:13:09.000,1782553389000,1_1,nms rssi,39002,out,pass,160636.0,02 06 0c 00 31 00 00 00 aa aa 20 00 29 00 01 00 00 01 00 01 01 1b 06 1a 0f 0d 09 02 0f 00 00 06 00 00 00 00 00 00 00 06 00 00 00 00 00 0f 5c 62 7f
2026-06-27T15:13:09.000,1782553389000,1_1,linfo,39003,,pass,160636.0,01 02 01 00 00 00 a0 00 b6 03 b6 03 02 16 16 02 05 05 05 02 1e 00 00 00 1e 00 00 01 02 05 08 0a 1e 00 19 0f 05 05 00 00 00 3f 5a 00 05 03 03 06 06 02 04 0a b4 00 3c 00 f0 00 b8 0b 0e 05 1e 0f 08 5a 0f 02 1e 00 05 00 1e 00 78 00 0f 50 00 64 00 2c 01 b8 0b f4 01 dc 05 0a c8 00 2c 01 32 32 32 1e 2c 01 58 02 b8 0b b8 0b 64 00 f4 01 64 00 0f 05 02 78 00 78 00 19 3c 3c 02 41 42 43 44 00 00 00 00 00 00 00 00 00 00 00 00 00 00 00 00 00 00 00 00 00 00 00 00 00 00 00 00 00 00 00 00 00 00 00 00 58 59 5a 41 00 00 00 00 00 00 00 00 00 00 00 00 00 00 00 00 00 00 00 00 00 00 00 00 00 00 00 00 00 00 00 00 00 00 00 00 01 00 00 7f 51 c3 00 00 01 00 00 7f 52 c3 00 00 c0 a8 a7 f4 01 70 17 03 28 02 0f 00 00 00 41 00 00 a0 40 66 66 86 40 66 66 66 40 00 00 00 00 fa 00 64 00 50 00 50 00 dc 05 64 00 32 00 00 00 03 00 c1 4a 13 f6 01 01 4c 4f 43 4f 5f 54 43 41 53 5f 42 52 41 4b 49 4e 47 00 c3 00 00 00 72 00 6e 00 61 00 6c 00 30 ed 3f 1d c3 00 00 00 29 43 a0 64 64 96 00 fa 00 0a 00 04 04 04 03 03 04 32 09 09 32 0a 0a 46 0b 0b 64 0c 0c ff 00 00 64 00 00 00 01 00 02 00 01 3c 00 00 14 1e 37 4b 03 02 04 00 00 00 79 89 f3 f0
2026-06-27T15:13:09.000,1782553389000,1_1,arp,39004,out,fail,160661.0,02 07 57 04 27 00 00 00 0f 02 d3 ad 60 60 00 01 40 9c e5 47 d0 01 a4 04 1e 03 0d 00 00 00 00 00 09 66 c0 21 0c 75 66
2026-06-27T15:13:09.000,1782553389000,1_1,dop1,39005,out,na,160661.0,0c 17 17 17 17 0c 0c 0c 0c 0c 17 17 17 17 17 17
2026-06-27T15:13:09.000,1782553389000,1_1,dop2,39006,out,na,160661.0,0c 17 17 17 17 0c 0c 0c 0c 0c 17 17 17 17 17 17
2026-06-27T15:13:10.000,1782553390000,1_1,ccsys,39007,in,fail,160661.0,03 01 01 00 00 00 00 00 00 00 00 00 00 00 00 00 00 00 00 00 00 00 00 00 00 00 00 00 00 03 01 01 0a 0a 00 00 00 00 03 03 00 00 00 00 1c 1c 33 33 00 00 00 00
2026-06-27T15:13:10.000,1782553390000,1_1,dop1,39008,out,na,160661.0,0c 17 17 17 17 0c 0c 0c 0c 0c 17 17 17 17 17 17
2026-06-27T15:13:10.000,1782553390000,1_1,dop2,39009,out,na,160661.0,0c 17 17 17 17 0c 0c 0c 0c 0c 17 17 17 17 17 17
2026-06-27T15:13:10.000,1782553390000,1_1,dmi,39010,out,na,160661.0,aa aa 74 02 01 0a 6f 00 9d 33 00 00 00 00 00 00 00 00 00 00 1b 06 ea 07 0f 0d 0a 00 00 04 00 00 00 00 00 00 00 06 44 40 00 00 01 00 00 20 95 73 02 00 00 00 a8 02 00 00 00 50 00 00 00 00 00 00 00 00 0f 02 00 00 fa 00 00 00 00 00 01 40 05 2d 6a 0d 00 10 00 00 00 00 00 00 54 01 00 00 f0 3c 00 f4 01 00 00 00 00 08 06 0f 00 00 01 00 1d fa 95 80 bb bb
2026-06-27T15:13:10.000,1782553390000,1_1,lsrp,39011,out,fail,160661.0,02 07 0a 00 27 00 00 00 0f 02 a3 ad 60 70 00 01 40 9c e5 41 40 a0 7d 00 1a 40 34 0d 00 00 10 7c 74 a9 42 f2 c7 68 90
2026-06-27T15:13:10.000,1782553390000,1_1,arp,39012,out,fail,160661.0,02 07 57 04 27 00 00 00 0f 02 d3 ad 60 70 00 01 40 9c e5 47 d0 01 a4 04 1e 03 0d 00 00 00 00 00 09 66 c0 88 fb 3f 27
2026-06-27T15:13:10.000,1782553390000,1_1,aap,39013,in,pass,160661.0,b3 4d 60 70 20 f4 09 d4 90 00 00 5f 41 77 10 83 49 00 e9 db b1 0a 0a e7 43 5e
2026-06-27T15:13:10.000,1782553390000,1_1,dop1,39014,out,na,160661.0,0c 17 17 17 17 0c 0c 0c 0c 0c 17 17 17 17 17 17
2026-06-27T15:13:10.000,1782553390000,1_1,dop2,39015,out,na,160661.0,0c 17 17 17 17 0c 0c 0c 0c 0c 17 17 17 17 17 17
2026-06-27T15:13:10.000,1782553390000,1_1,aap,39016,in,pass,160661.0,b3 4d 60 70 20 f4 09 d4 90 00 00 5f 41 77 10 83 49 00 e9 db b1 0a 0a e7 43 5e
2026-06-27T15:13:10.000,1782553390000,1_1,aap,39017,in,pass,160661.0,b3 4d 60 70 20 f4 09 d4 90 00 00 5f 41 77 10 83 49 00 e9 db b1 0a 0a e7 43 5e
2026-06-27T15:13:10.000,1782553390000,1_1,slrp,39018,in,pass,160661.0,91 31 ac 0e 04 1e 80 00 04 40 6f 8e 68 01 80 a0 ed 80 10 01 7c aa 02 6a 00 10 a1 0d 0c 58 21 43 09 ba 20 14 00 00 34 c6 52 a8 30 00 00 87 bc 04 99 e0 1a 3e 80 80 f1 02 84 38 0c 00 d0 60 e2 e0 00 03 43 00 5c 8a dc d1 c9 45 07 7b
2026-06-27T15:13:10.000,1782553390000,1_1,nms hlth,39019,out,pass,160661.0,02 06 0b 00 46 00 00 00 bb bb 18 00 3c 00 01 00 00 01 00 01 01 1b 06 1a 0f 0d 0a 0b 00 01 01 00 02 01 00 0d 00 00 0e 00 00 0f 00 00 10 00 00 11 00 00 00 21 16 e6 00 29 00 00 2d 09 00 39 4a 67 19 26 ca 3d bd 64
2026-06-27T15:13:10.000,1782553390000,1_1,nms rssi,39020,out,pass,160661.0,02 06 0c 00 31 00 00 00 aa aa 20 00 29 00 01 00 00 01 00 01 01 1b 06 1a 0f 0d 0a 02 0f 00 00 06 02 73 35 00 00 00 00 06 02 73 35 00 00 e7 55 9e ae
2026-06-27T15:13:10.000,1782553390000,1_1,linfo,39021,,pass,160661.0,01 02 01 00 00 00 a0 00 b6 03 b6 03 02 16 16 02 05 05 05 02 1e 00 00 00 1e 00 00 01 02 05 08 0a 1e 00 19 0f 05 05 00 00 00 3f 5a 00 05 03 03 06 06 02 04 0a b4 00 3c 00 f0 00 b8 0b 0e 05 1e 0f 08 5a 0f 02 1e 00 05 00 1e 00 78 00 0f 50 00 64 00 2c 01 b8 0b f4 01 dc 05 0a c8 00 2c 01 32 32 32 1e 2c 01 58 02 b8 0b b8 0b 64 00 f4 01 64 00 0f 05 02 78 00 78 00 19 3c 3c 02 41 42 43 44 00 00 00 00 00 00 00 00 00 00 00 00 00 00 00 00 00 00 00 00 00 00 00 00 00 00 00 00 00 00 00 00 00 00 00 00 58 59 5a 41 00 00 00 00 00 00 00 00 00 00 00 00 00 00 00 00 00 00 00 00 00 00 00 00 00 00 00 00 00 00 00 00 00 00 00 00 01 00 00 7f 51 c3 00 00 01 00 00 7f 52 c3 00 00 c0 a8 a7 f4 01 70 17 03 28 02 0f 00 00 00 41 00 00 a0 40 66 66 86 40 66 66 66 40 00 00 00 00 fa 00 64 00 50 00 50 00 dc 05 64 00 32 00 00 00 03 00 c1 4a 13 f6 01 01 4c 4f 43 4f 5f 54 43 41 53 5f 42 52 41 4b 49 4e 47 00 c3 00 00 00 72 00 6e 00 61 00 6c 00 30 ed 3f 1d c3 00 00 00 29 43 a0 64 64 96 00 fa 00 0a 00 04 04 04 03 03 04 32 09 09 32 0a 0a 46 0b 0b 64 0c 0c ff 00 00 64 00 00 00 01 00 02 00 01 3c 00 00 14 1e 37 4b 03 02 04 00 00 00 79 89 f3 f0
2026-06-27T15:13:10.000,1782553390000,1_1,arp,39022,out,fail,160661.0,02 07 57 04 27 00 00 00 0f 02 d3 ad 60 70 00 01 40 9c e5 47 d0 01 a4 04 1e 03 0d 00 00 00 00 00 09 66 c0 88 fb 3f 27
2026-06-27T15:13:10.000,1782553390000,1_1,dop1,39023,out,na,160661.0,0c 17 17 17 17 0c 0c 0c 0c 0c 17 17 17 17 17 17
2026-06-27T15:13:10.000,1782553390000,1_1,dop2,39024,out,na,160661.0,0c 17 17 17 17 0c 0c 0c 0c 0c 17 17 17 17 17 17
2026-06-27T15:13:10.000,1782553390000,1_1,dop1,39025,out,na,160661.0,0c 17 17 17 17 0c 0c 0c 0c 0c 17 17 17 17 17 17
2026-06-27T15:13:10.000,1782553390000,1_1,dop2,39026,out,na,160661.0,0c 17 17 17 17 0c 0c 0c 0c 0c 17 17 17 17 17 17
2026-06-27T15:13:10.000,1782553390000,1_1,dmi,39027,out,na,160661.0,aa aa 74 02 01 0a 6f 00 bb 33 00 00 00 00 00 00 00 00 00 00 1b 06 ea 07 0f 0d 0a 00 00 04 00 02 00 04 00 00 00 06 44 40 00 00 01 00 00 60 95 73 02 00 60 3b cc 01 00 00 80 1b 00 80 73 00 98 82 4d 00 0f 02 00 00 fa 00 00 00 80 00 b9 41 04 2d 6a 1d 00 10 00 00 00 00 00 00 5b 01 00 00 f0 3c 00 f4 01 00 00 00 00 08 06 0f 00 00 01 00 09 09 bb c3 bb bb
2026-06-27T15:13:11.000,1782553391000,1_1,dop1,39028,out,na,160661.0,0c 17 17 17 17 0c 0c 0c 0c 0c 17 17 17 17 17 17
2026-06-27T15:13:11.000,1782553391000,1_1,dop2,39029,out,na,160661.0,0c 17 17 17 17 0c 0c 0c 0c 0c 17 17 17 17 17 17
2026-06-27T15:13:11.000,1782553391000,1_1,nms hlth,39030,out,pass,160661.0,02 06 0b 00 46 00 00 00 bb bb 18 00 3c 00 01 00 00 01 00 01 01 1b 06 1a 0f 0d 0b 0b 00 01 01 00 02 01 00 0d 00 00 0e 00 00 0f 00 00 10 00 00 11 00 00 00 21 16 e6 00 29 00 00 2d 09 00 39 4a 67 19 26 65 79 2f 23
2026-06-27T15:13:11.000,1782553391000,1_1,nms rssi,39031,out,pass,160661.0,02 06 0c 00 31 00 00 00 aa aa 20 00 29 00 01 00 00 01 00 01 01 1b 06 1a 0f 0d 0b 02 0f 00 00 06 02 73 35 00 00 00 00 06 02 73 35 00 00 30 b7 1e f6
2026-06-27T15:13:11.000,1782553391000,1_1,linfo,39032,,pass,160661.0,01 02 01 00 00 00 a0 00 b6 03 b6 03 02 16 16 02 05 05 05 02 1e 00 00 00 1e 00 00 01 02 05 08 0a 1e 00 19 0f 05 05 00 00 00 3f 5a 00 05 03 03 06 06 02 04 0a b4 00 3c 00 f0 00 b8 0b 0e 05 1e 0f 08 5a 0f 02 1e 00 05 00 1e 00 78 00 0f 50 00 64 00 2c 01 b8 0b f4 01 dc 05 0a c8 00 2c 01 32 32 32 1e 2c 01 58 02 b8 0b b8 0b 64 00 f4 01 64 00 0f 05 02 78 00 78 00 19 3c 3c 02 41 42 43 44 00 00 00 00 00 00 00 00 00 00 00 00 00 00 00 00 00 00 00 00 00 00 00 00 00 00 00 00 00 00 00 00 00 00 00 00 58 59 5a 41 00 00 00 00 00 00 00 00 00 00 00 00 00 00 00 00 00 00 00 00 00 00 00 00 00 00 00 00 00 00 00 00 00 00 00 00 01 00 00 7f 51 c3 00 00 01 00 00 7f 52 c3 00 00 c0 a8 a7 f4 01 70 17 03 28 02 0f 00 00 00 41 00 00 a0 40 66 66 86 40 66 66 66 40 00 00 00 00 fa 00 64 00 50 00 50 00 dc 05 64 00 32 00 00 00 03 00 c1 4a 13 f6 01 01 4c 4f 43 4f 5f 54 43 41 53 5f 42 52 41 4b 49 4e 47 00 c3 00 00 00 72 00 6e 00 61 00 6c 00 30 ed 3f 1d c3 00 00 00 29 43 a0 64 64 96 00 fa 00 0a 00 04 04 04 03 03 04 32 09 09 32 0a 0a 46 0b 0b 64 0c 0c ff 00 00 64 00 00 00 01 00 02 00 01 3c 00 00 14 1e 37 4b 03 02 04 00 00 00 79 89 f3 f0
2026-06-27T15:13:11.000,1782553391000,1_1,arp,39033,out,fail,160661.0,02 07 57 04 27 00 00 00 0f 02 d3 ad 60 80 00 01 40 9c e5 47 d0 01 ac 04 1e 03 0d 00 00 00 00 00 09 66 c0 76 33 56 c0
2026-06-27T15:13:11.000,1782553391000,1_1,dop1,39034,out,na,160661.0,0c 17 17 17 17 0c 0c 0c 0c 0c 17 17 17 17 17 17
2026-06-27T15:13:11.000,1782553391000,1_1,dop2,39035,out,na,160661.0,0c 17 17 17 17 0c 0c 0c 0c 0c 17 17 17 17 17 17
2026-06-27T15:13:12.000,1782553392000,1_1,dop1,39036,out,na,160661.0,0c 17 17 17 17 0c 0c 0c 0c 0c 17 17 17 17 17 17
2026-06-27T15:13:12.000,1782553392000,1_1,dop2,39037,out,na,160661.0,0c 17 17 17 17 0c 0c 0c 0c 0c 17 17 17 17 17 17
2026-06-27T15:13:12.000,1782553392000,1_1,dmi,39038,out,na,160661.0,aa aa 74 02 01 0a 6f 00 db 33 00 00 00 00 00 00 00 00 00 00 1b 06 ea 07 0f 0d 0c 00 00 04 00 02 00 04 00 00 00 06 44 40 00 00 01 00 00 60 95 73 02 00 60 3b cc 01 00 00 80 1b 00 80 73 00 98 82 4d 00 0f 02 00 00 fa 00 00 00 80 00 b9 41 08 2d 6a 1d 00 10 00 00 00 00 00 00 61 01 00 00 f0 3c 00 f4 01 00 00 00 00 08 06 0f 00 00 01 00 44 2a 77 f2 bb bb
2026-06-27T15:13:12.000,1782553392000,1_1,lsrp,39039,out,fail,160661.0,02 07 0a 00 27 00 00 00 0f 02 a3 ad 60 90 00 01 40 9c e5 41 40 a0 7d 00 1a c0 34 0d 00 20 00 69 0d 1c 4e d2 51 e1 4a
2026-06-27T15:13:12.000,1782553392000,1_1,dop1,39040,out,na,160661.0,0c 17 17 17 17 0c 0c 0c 0c 0c 17 17 17 17 17 17
2026-06-27T15:13:12.000,1782553392000,1_1,dop2,39041,out,na,160661.0,0c 17 17 17 17 0c 0c 0c 0c 0c 17 17 17 17 17 17
2026-06-27T15:13:12.000,1782553392000,1_1,slrp,39042,in,pass,160661.0,91 31 ac 12 04 1e 80 00 04 40 6f 8e 68 01 80 a0 ed 80 10 01 7c aa 02 71 00 10 a1 0d 0c 58 21 43 09 ba 20 14 00 00 34 c6 52 a8 30 00 00 87 bc 04 99 e0 1a 3e 80 80 f1 02 84 38 0c 00 d0 60 e2 e0 00 03 43 00 3d 05 58 e1 6b 15 98 c9
2026-06-27T15:13:12.000,1782553392000,1_1,dop1,39043,out,na,160661.0,0c 17 17 17 17 0c 0c 0c 0c 0c 17 17 17 17 17 17
2026-06-27T15:13:12.000,1782553392000,1_1,dop2,39044,out,na,160661.0,0c 17 17 17 17 0c 0c 0c 0c 0c 17 17 17 17 17 17
2026-06-27T15:13:12.000,1782553392000,1_1,nms hlth,39045,out,pass,160661.0,02 06 0b 00 3f 00 00 00 bb bb 18 00 35 00 01 00 00 01 00 01 01 1b 06 1a 0f 0d 0c 09 00 01 01 00 02 01 00 0d 00 00 0e 00 00 0f 00 00 10 00 00 11 00 00 00 29 00 00 39 4a 67 19 26 03 22 e0 c7
2026-06-27T15:13:12.000,1782553392000,1_1,nms rssi,39046,out,pass,160661.0,02 06 0c 00 31 00 00 00 aa aa 20 00 29 00 01 00 00 01 00 01 01 1b 06 1a 0f 0d 0c 02 0f 00 00 06 02 73 35 00 00 00 00 06 02 73 35 00 00 7a 89 95 bd
2026-06-27T15:13:12.000,1782553392000,1_1,linfo,39047,,pass,160661.0,01 02 01 00 00 00 a0 00 b6 03 b6 03 02 16 16 02 05 05 05 02 1e 00 00 00 1e 00 00 01 02 05 08 0a 1e 00 19 0f 05 05 00 00 00 3f 5a 00 05 03 03 06 06 02 04 0a b4 00 3c 00 f0 00 b8 0b 0e 05 1e 0f 08 5a 0f 02 1e 00 05 00 1e 00 78 00 0f 50 00 64 00 2c 01 b8 0b f4 01 dc 05 0a c8 00 2c 01 32 32 32 1e 2c 01 58 02 b8 0b b8 0b 64 00 f4 01 64 00 0f 05 02 78 00 78 00 19 3c 3c 02 41 42 43 44 00 00 00 00 00 00 00 00 00 00 00 00 00 00 00 00 00 00 00 00 00 00 00 00 00 00 00 00 00 00 00 00 00 00 00 00 58 59 5a 41 00 00 00 00 00 00 00 00 00 00 00 00 00 00 00 00 00 00 00 00 00 00 00 00 00 00 00 00 00 00 00 00 00 00 00 00 01 00 00 7f 51 c3 00 00 01 00 00 7f 52 c3 00 00 c0 a8 a7 f4 01 70 17 03 28 02 0f 00 00 00 41 00 00 a0 40 66 66 86 40 66 66 66 40 00 00 00 00 fa 00 64 00 50 00 50 00 dc 05 64 00 32 00 00 00 03 00 c1 4a 13 f6 01 01 4c 4f 43 4f 5f 54 43 41 53 5f 42 52 41 4b 49 4e 47 00 c3 00 00 00 72 00 6e 00 61 00 6c 00 30 ed 3f 1d c3 00 00 00 29 43 a0 64 64 96 00 fa 00 0a 00 04 04 04 03 03 04 32 09 09 32 0a 0a 46 0b 0b 64 0c 0c ff 00 00 64 00 00 00 01 00 02 00 01 3c 00 00 14 1e 37 4b 03 02 04 00 00 00 79 89 f3 f0
2026-06-27T15:13:12.000,1782553392000,1_1,arp,39048,out,fail,160661.0,02 07 57 04 27 00 00 00 0f 02 d3 ad 60 90 00 01 40 9c e5 47 d0 01 ac 04 1e 03 0d 00 00 00 00 00 09 66 c0 df c4 1c 81
2026-06-27T15:13:12.000,1782553392000,1_1,dop1,39049,out,na,160661.0,0c 17 17 17 17 0c 0c 0c 0c 0c 17 17 17 17 17 17
2026-06-27T15:13:12.000,1782553392000,1_1,dop2,39050,out,na,160661.0,0c 17 17 17 17 0c 0c 0c 0c 0c 17 17 17 17 17 17
2026-06-27T15:13:12.000,1782553392000,1_1,dmi,39051,out,na,160661.0,aa aa 74 02 01 0a 6f 00 fa 33 00 00 00 00 00 00 00 00 00 00 1b 06 ea 07 0f 0d 0c 00 00 04 00 02 00 04 00 00 00 06 44 40 00 00 01 00 00 60 95 73 02 00 60 3b e8 01 00 00 80 1b 00 80 7a 00 98 82 4d 00 0f 02 00 00 fa 00 00 00 80 00 b9 41 08 2d 6a 1d 00 10 00 00 00 00 00 00 68 01 00 00 f0 3c 00 f4 01 00 00 00 00 08 06 0f 00 00 01 00 1c 8f af 6d bb bb
2026-06-27T15:13:13.000,1782553393000,1_1,dop1,39052,out,na,160661.0,0c 17 17 17 17 0c 0c 0c 0c 0c 17 17 17 17 17 17
2026-06-27T15:13:13.000,1782553393000,1_1,dop2,39053,out,na,160661.0,0c 17 17 17 17 0c 0c 0c 0c 0c 17 17 17 17 17 17
2026-06-27T15:13:13.000,1782553393000,1_1,nms hlth,39054,out,pass,160661.0,02 06 0b 00 3f 00 00 00 bb bb 18 00 35 00 01 00 00 01 00 01 01 1b 06 1a 0f 0d 0d 09 00 01 01 00 02 01 00 0d 00 00 0e 00 00 0f 00 00 10 00 00 11 00 00 00 29 00 00 39 4a 67 19 26 35 d0 70 34
2026-06-27T15:13:13.000,1782553393000,1_1,nms rssi,39055,out,pass,160661.0,02 06 0c 00 31 00 00 00 aa aa 20 00 29 00 01 00 00 01 00 01 01 1b 06 1a 0f 0d 0d 02 0f 00 00 06 02 73 35 00 00 00 00 06 02 73 35 00 00 ad 6b 15 e5
2026-06-27T15:13:13.000,1782553393000,1_1,linfo,39056,,pass,160661.0,01 02 01 00 00 00 a0 00 b6 03 b6 03 02 16 16 02 05 05 05 02 1e 00 00 00 1e 00 00 01 02 05 08 0a 1e 00 19 0f 05 05 00 00 00 3f 5a 00 05 03 03 06 06 02 04 0a b4 00 3c 00 f0 00 b8 0b 0e 05 1e 0f 08 5a 0f 02 1e 00 05 00 1e 00 78 00 0f 50 00 64 00 2c 01 b8 0b f4 01 dc 05 0a c8 00 2c 01 32 32 32 1e 2c 01 58 02 b8 0b b8 0b 64 00 f4 01 64 00 0f 05 02 78 00 78 00 19 3c 3c 02 41 42 43 44 00 00 00 00 00 00 00 00 00 00 00 00 00 00 00 00 00 00 00 00 00 00 00 00 00 00 00 00 00 00 00 00 00 00 00 00 58 59 5a 41 00 00 00 00 00 00 00 00 00 00 00 00 00 00 00 00 00 00 00 00 00 00 00 00 00 00 00 00 00 00 00 00 00 00 00 00 01 00 00 7f 51 c3 00 00 01 00 00 7f 52 c3 00 00 c0 a8 a7 f4 01 70 17 03 28 02 0f 00 00 00 41 00 00 a0 40 66 66 86 40 66 66 66 40 00 00 00 00 fa 00 64 00 50 00 50 00 dc 05 64 00 32 00 00 00 03 00 c1 4a 13 f6 01 01 4c 4f 43 4f 5f 54 43 41 53 5f 42 52 41 4b 49 4e 47 00 c3 00 00 00 72 00 6e 00 61 00 6c 00 30 ed 3f 1d c3 00 00 00 29 43 a0 64 64 96 00 fa 00 0a 00 04 04 04 03 03 04 32 09 09 32 0a 0a 46 0b 0b 64 0c 0c ff 00 00 64 00 00 00 01 00 02 00 01 3c 00 00 14 1e 37 4b 03 02 04 00 00 00 79 89 f3 f0
2026-06-27T15:13:13.000,1782553393000,1_1,arp,39057,out,fail,160661.0,02 07 57 04 27 00 00 00 0f 02 d3 ad 60 a0 00 01 40 9c e5 47 d0 01 ac 04 1e 03 0d 00 00 00 00 00 09 66 c0 fe ac c4 03
2026-06-27T15:13:13.000,1782553393000,1_1,dop1,39058,out,na,160661.0,0c 17 17 17 17 0c 0c 0c 0c 0c 17 17 17 17 17 17
2026-06-27T15:13:13.000,1782553393000,1_1,dop2,39059,out,na,160661.0,0c 17 17 17 17 0c 0c 0c 0c 0c 17 17 17 17 17 17
2026-06-27T15:13:14.000,1782553394000,1_1,dop1,39060,out,na,160661.0,0c 17 17 17 17 0c 0c 0c 0c 0c 17 17 17 17 17 17
2026-06-27T15:13:14.000,1782553394000,1_1,dop2,39061,out,na,160661.0,0c 17 17 17 17 0c 0c 0c 0c 0c 17 17 17 17 17 17
2026-06-27T15:13:14.000,1782553394000,1_1,dmi,39062,out,na,160661.0,aa aa 74 02 01 0a 6f 00 19 34 00 00 00 00 00 00 00 00 00 00 1b 06 ea 07 0f 0d 0e 00 00 04 00 02 00 04 00 00 00 06 44 40 00 00 01 00 00 60 95 73 02 00 60 3b e8 01 00 00 80 1b 00 80 7a 00 98 82 4d 00 0f 02 00 00 fa 00 00 00 80 00 b9 41 0c 2d 6a 1d 00 10 00 00 00 00 00 00 6d 01 00 00 f0 3c 00 f4 01 00 00 00 00 08 06 0f 00 00 01 00 e1 dd aa 3e bb bb
2026-06-27T15:13:14.000,1782553394000,1_1,lsrp,39063,out,fail,160661.0,02 07 0a 00 27 00 00 00 0f 02 a3 ad 60 b0 00 01 40 9c e5 41 40 a0 7d 00 1a c0 34 0d 00 20 00 eb 29 71 ff 4e ef 75 f5
2026-06-27T15:13:14.000,1782553394000,1_1,slrp,39064,in,pass,160661.0,90 85 ac 16 04 1e 80 00 04 40 6f 8e 68 01 80 a0 ed 80 10 01 7c aa 02 77 80 fc 71 79 a9 d1 fb eb f4
2026-06-27T15:13:14.000,1782553394000,1_1,dop1,39065,out,na,160661.0,0c 17 17 17 17 0c 0c 0c 0c 0c 17 17 17 17 17 17
2026-06-27T15:13:14.000,1782553394000,1_1,dop2,39066,out,na,160661.0,0c 17 17 17 17 0c 0c 0c 0c 0c 17 17 17 17 17 17
2026-06-27T15:13:14.000,1782553394000,1_1,nms hlth,39067,out,pass,160661.0,02 06 0b 00 3f 00 00 00 bb bb 18 00 35 00 01 00 00 01 00 01 01 1b 06 1a 0f 0d 0e 09 00 01 01 00 02 01 00 0d 00 00 0e 00 00 0f 00 00 10 00 00 11 00 00 00 29 00 00 39 4a 67 19 26 6e c7 c1 21
2026-06-27T15:13:14.000,1782553394000,1_1,nms rssi,39068,out,pass,160661.0,02 06 0c 00 31 00 00 00 aa aa 20 00 29 00 01 00 00 01 00 01 01 1b 06 1a 0f 0d 0e 02 0f 00 00 06 02 73 35 00 00 00 00 06 02 73 35 00 00 0e 3d 93 4c
2026-06-27T15:13:14.000,1782553394000,1_1,dop1,39069,out,na,160661.0,0c 17 17 17 17 0c 0c 0c 0c 0c 17 17 17 17 17 17
2026-06-27T15:13:14.000,1782553394000,1_1,dop2,39070,out,na,160661.0,0c 17 17 17 17 0c 0c 0c 0c 0c 17 17 17 17 17 17
2026-06-27T15:13:14.000,1782553394000,1_1,linfo,39071,,pass,160661.0,01 02 01 00 00 00 a0 00 b6 03 b6 03 02 16 16 02 05 05 05 02 1e 00 00 00 1e 00 00 01 02 05 08 0a 1e 00 19 0f 05 05 00 00 00 3f 5a 00 05 03 03 06 06 02 04 0a b4 00 3c 00 f0 00 b8 0b 0e 05 1e 0f 08 5a 0f 02 1e 00 05 00 1e 00 78 00 0f 50 00 64 00 2c 01 b8 0b f4 01 dc 05 0a c8 00 2c 01 32 32 32 1e 2c 01 58 02 b8 0b b8 0b 64 00 f4 01 64 00 0f 05 02 78 00 78 00 19 3c 3c 02 41 42 43 44 00 00 00 00 00 00 00 00 00 00 00 00 00 00 00 00 00 00 00 00 00 00 00 00 00 00 00 00 00 00 00 00 00 00 00 00 58 59 5a 41 00 00 00 00 00 00 00 00 00 00 00 00 00 00 00 00 00 00 00 00 00 00 00 00 00 00 00 00 00 00 00 00 00 00 00 00 01 00 00 7f 51 c3 00 00 01 00 00 7f 52 c3 00 00 c0 a8 a7 f4 01 70 17 03 28 02 0f 00 00 00 41 00 00 a0 40 66 66 86 40 66 66 66 40 00 00 00 00 fa 00 64 00 50 00 50 00 dc 05 64 00 32 00 00 00 03 00 c1 4a 13 f6 01 01 4c 4f 43 4f 5f 54 43 41 53 5f 42 52 41 4b 49 4e 47 00 c3 00 00 00 72 00 6e 00 61 00 6c 00 30 ed 3f 1d c3 00 00 00 29 43 a0 64 64 96 00 fa 00 0a 00 04 04 04 03 03 04 32 09 09 32 0a 0a 46 0b 0b 64 0c 0c ff 00 00 64 00 00 00 01 00 02 00 01 3c 00 00 14 1e 37 4b 03 02 04 00 00 00 79 89 f3 f0
2026-06-27T15:13:14.000,1782553394000,1_1,arp,39072,out,fail,160661.0,02 07 57 04 27 00 00 00 0f 02 d3 ad 60 b0 00 01 40 9c e5 47 d0 01 ac 04 1e 03 0d 00 00 00 00 00 09 66 c0 57 5b 8e 42
2026-06-27T15:13:14.000,1782553394000,1_1,ccsys,39073,in,fail,160661.0,03 01 01 00 00 00 00 00 00 00 00 00 00 00 00 00 00 00 00 00 00 00 00 00 00 00 00 00 00 03 01 01 0f 0f 00 00 00 00 03 03 00 00 00 00 1c 1c 33 33 00 00 00 00
2026-06-27T15:13:14.000,1782553394000,1_1,dop1,39074,out,na,160661.0,0c 17 17 17 17 0c 0c 0c 0c 0c 17 17 17 17 17 17
2026-06-27T15:13:14.000,1782553394000,1_1,dop2,39075,out,na,160661.0,0c 17 17 17 17 0c 0c 0c 0c 0c 17 17 17 17 17 17
2026-06-27T15:13:14.000,1782553394000,1_1,dmi,39076,out,na,160661.0,aa aa 74 02 01 0a 6f 00 38 34 00 00 00 00 00 00 00 00 00 00 1b 06 ea 07 0f 0d 0e 00 00 04 00 02 00 04 00 00 00 06 44 40 00 00 01 00 00 60 95 73 02 00 60 3b 02 02 00 00 80 1b 00 00 81 00 98 82 4d 00 0f 02 00 00 fa 00 00 00 80 00 b9 41 0c 2d 6a 1d 00 10 00 00 00 00 00 00 72 01 00 00 f0 3c 00 f4 01 00 00 00 00 08 06 0f 00 00 01 00 7f 05 3f a4 bb bb
2026-06-27T15:13:15.000,1782553395000,1_1,dop1,39077,out,na,160661.0,0c 17 17 17 17 0c 0c 0c 0c 0c 17 17 17 17 17 17
2026-06-27T15:13:15.000,1782553395000,1_1,dop2,39078,out,na,160661.0,0c 17 17 17 17 0c 0c 0c 0c 0c 17 17 17 17 17 17
2026-06-27T15:13:15.000,1782553395000,1_1,dop1,39079,out,na,160661.0,0c 17 17 17 17 0c 0c 0c 0c 0c 17 17 17 17 17 17
2026-06-27T15:13:15.000,1782553395000,1_1,dop2,39080,out,na,160661.0,0c 17 17 17 17 0c 0c 0c 0c 0c 17 17 17 17 17 17
2026-06-27T15:13:15.000,1782553395000,1_1,nms hlth,39081,out,pass,160661.0,02 06 0b 00 3f 00 00 00 bb bb 18 00 35 00 01 00 00 01 00 01 01 1b 06 1a 0f 0d 0f 09 00 01 01 00 02 01 00 0d 00 00 0e 00 00 0f 00 00 10 00 00 11 00 00 00 29 00 00 39 4a 67 19 26 58 35 51 d2
2026-06-27T15:13:15.000,1782553395000,1_1,nms rssi,39082,out,pass,160661.0,02 06 0c 00 31 00 00 00 aa aa 20 00 29 00 01 00 00 01 00 01 01 1b 06 1a 0f 0d 0f 02 0f 00 00 06 02 73 35 00 00 00 00 06 02 73 35 00 00 d9 df 13 14
2026-06-27T15:13:15.000,1782553395000,1_1,linfo,39083,,pass,160661.0,01 02 01 00 00 00 a0 00 b6 03 b6 03 02 16 16 02 05 05 05 02 1e 00 00 00 1e 00 00 01 02 05 08 0a 1e 00 19 0f 05 05 00 00 00 3f 5a 00 05 03 03 06 06 02 04 0a b4 00 3c 00 f0 00 b8 0b 0e 05 1e 0f 08 5a 0f 02 1e 00 05 00 1e 00 78 00 0f 50 00 64 00 2c 01 b8 0b f4 01 dc 05 0a c8 00 2c 01 32 32 32 1e 2c 01 58 02 b8 0b b8 0b 64 00 f4 01 64 00 0f 05 02 78 00 78 00 19 3c 3c 02 41 42 43 44 00 00 00 00 00 00 00 00 00 00 00 00 00 00 00 00 00 00 00 00 00 00 00 00 00 00 00 00 00 00 00 00 00 00 00 00 58 59 5a 41 00 00 00 00 00 00 00 00 00 00 00 00 00 00 00 00 00 00 00 00 00 00 00 00 00 00 00 00 00 00 00 00 00 00 00 00 01 00 00 7f 51 c3 00 00 01 00 00 7f 52 c3 00 00 c0 a8 a7 f4 01 70 17 03 28 02 0f 00 00 00 41 00 00 a0 40 66 66 86 40 66 66 66 40 00 00 00 00 fa 00 64 00 50 00 50 00 dc 05 64 00 32 00 00 00 03 00 c1 4a 13 f6 01 01 4c 4f 43 4f 5f 54 43 41 53 5f 42 52 41 4b 49 4e 47 00 c3 00 00 00 72 00 6e 00 61 00 6c 00 30 ed 3f 1d c3 00 00 00 29 43 a0 64 64 96 00 fa 00 0a 00 04 04 04 03 03 04 32 09 09 32 0a 0a 46 0b 0b 64 0c 0c ff 00 00 64 00 00 00 01 00 02 00 01 3c 00 00 14 1e 37 4b 03 02 04 00 00 00 79 89 f3 f0
2026-06-27T15:13:15.000,1782553395000,1_1,arp,39084,out,fail,160661.0,02 07 57 04 27 00 00 00 0f 02 d3 ad 60 c0 00 01 40 9c e5 47 d0 01 ac 04 1e 03 0d 00 00 00 00 00 09 66 c0 bc 7d 75 07
2026-06-27T15:13:16.000,1782553396000,1_1,dop1,39085,out,na,160661.0,0c 17 17 17 17 0c 0c 0c 0c 0c 17 17 17 17 17 17
2026-06-27T15:13:16.000,1782553396000,1_1,dop2,39086,out,na,160661.0,0c 17 17 17 17 0c 0c 0c 0c 0c 17 17 17 17 17 17
2026-06-27T15:13:16.000,1782553396000,1_1,dmi,39087,out,na,160661.0,aa aa 74 02 01 0a 6f 00 57 34 00 00 00 00 00 00 00 00 00 00 1b 06 ea 07 0f 0d 10 00 00 04 00 02 00 00 00 00 00 06 44 40 00 00 01 00 00 60 95 73 02 00 60 3b 02 02 00 00 80 1b 00 00 81 00 98 82 4d 00 0f 02 00 00 fa 00 00 00 80 00 b9 41 10 2d 6a 1d 00 10 00 00 00 00 00 00 77 01 00 00 f0 3c 00 f4 01 00 00 00 00 08 06 0f 00 00 01 00 7c 3e db a3 bb bb
2026-06-27T15:13:16.000,1782553396000,1_1,slrp,39088,in,pass,160661.0,90 85 ac 1a 04 1e 80 00 04 40 6f 8e 68 01 80 a0 ed 80 10 01 7c aa 02 7c 80 cf 57 53 08 d4 65 92 1e
2026-06-27T15:13:16.000,1782553396000,1_1,dop1,39089,out,na,160661.0,0c 17 17 17 17 0c 0c 0c 0c 0c 17 17 17 17 17 17
2026-06-27T15:13:16.000,1782553396000,1_1,dop2,39090,out,na,160661.0,0c 17 17 17 17 0c 0c 0c 0c 0c 17 17 17 17 17 17
2026-06-27T15:13:16.000,1782553396000,1_1,lsrp,39091,out,fail,160661.0,02 07 0a 00 27 00 00 00 0f 02 a3 ad 60 d0 00 01 40 9c e5 41 40 a0 7d 00 1a c0 34 0d 00 20 00 db 1a c8 e2 8c 39 1e b1
2026-06-27T15:13:16.000,1782553396000,1_1,dop1,39092,out,na,160661.0,0c 17 17 17 17 0c 0c 0c 0c 0c 17 17 17 17 17 17
2026-06-27T15:13:16.000,1782553396000,1_1,dop2,39093,out,na,160661.0,0c 17 17 17 17 0c 0c 0c 0c 0c 17 17 17 17 17 17
2026-06-27T15:13:16.000,1782553396000,1_1,nms hlth,39094,out,pass,160661.0,02 06 0b 00 3f 00 00 00 bb bb 18 00 35 00 01 00 00 01 00 01 01 1b 06 1a 0f 0d 10 09 00 01 01 00 02 01 00 0d 00 00 0e 00 00 0f 00 00 10 00 00 11 00 00 00 29 00 00 39 4a 67 19 26 6d c6 21 60
2026-06-27T15:13:16.000,1782553396000,1_1,nms rssi,39095,out,pass,160661.0,02 06 0c 00 31 00 00 00 aa aa 20 00 29 00 01 00 00 01 00 01 01 1b 06 1a 0f 0d 10 02 0f 00 00 06 02 73 35 00 00 00 00 06 02 73 35 00 00 89 02 be d0
2026-06-27T15:13:16.000,1782553396000,1_1,linfo,39096,,pass,160661.0,01 02 01 00 00 00 a0 00 b6 03 b6 03 02 16 16 02 05 05 05 02 1e 00 00 00 1e 00 00 01 02 05 08 0a 1e 00 19 0f 05 05 00 00 00 3f 5a 00 05 03 03 06 06 02 04 0a b4 00 3c 00 f0 00 b8 0b 0e 05 1e 0f 08 5a 0f 02 1e 00 05 00 1e 00 78 00 0f 50 00 64 00 2c 01 b8 0b f4 01 dc 05 0a c8 00 2c 01 32 32 32 1e 2c 01 58 02 b8 0b b8 0b 64 00 f4 01 64 00 0f 05 02 78 00 78 00 19 3c 3c 02 41 42 43 44 00 00 00 00 00 00 00 00 00 00 00 00 00 00 00 00 00 00 00 00 00 00 00 00 00 00 00 00 00 00 00 00 00 00 00 00 58 59 5a 41 00 00 00 00 00 00 00 00 00 00 00 00 00 00 00 00 00 00 00 00 00 00 00 00 00 00 00 00 00 00 00 00 00 00 00 00 01 00 00 7f 51 c3 00 00 01 00 00 7f 52 c3 00 00 c0 a8 a7 f4 01 70 17 03 28 02 0f 00 00 00 41 00 00 a0 40 66 66 86 40 66 66 66 40 00 00 00 00 fa 00 64 00 50 00 50 00 dc 05 64 00 32 00 00 00 03 00 c1 4a 13 f6 01 01 4c 4f 43 4f 5f 54 43 41 53 5f 42 52 41 4b 49 4e 47 00 c3 00 00 00 72 00 6e 00 61 00 6c 00 30 ed 3f 1d c3 00 00 00 29 43 a0 64 64 96 00 fa 00 0a 00 04 04 04 03 03 04 32 09 09 32 0a 0a 46 0b 0b 64 0c 0c ff 00 00 64 00 00 00 01 00 02 00 01 3c 00 00 14 1e 37 4b 03 02 04 00 00 00 79 89 f3 f0
2026-06-27T15:13:16.000,1782553396000,1_1,arp,39097,out,fail,160661.0,02 07 57 04 27 00 00 00 0f 02 d3 ad 60 d0 00 01 40 9c e5 47 d0 01 ac 04 1e 03 0d 00 00 00 00 00 09 66 c0 15 8a 3f 46
2026-06-27T15:13:16.000,1782553396000,1_1,dop1,39098,out,na,160661.0,0c 17 17 17 17 0c 0c 0c 0c 0c 17 17 17 17 17 17
2026-06-27T15:13:16.000,1782553396000,1_1,dop2,39099,out,na,160661.0,0c 17 17 17 17 0c 0c 0c 0c 0c 17 17 17 17 17 17
2026-06-27T15:13:16.000,1782553396000,1_1,dmi,39100,out,na,160661.0,aa aa 74 02 01 0a 6f 00 76 34 00 00 00 00 00 00 00 00 00 00 1b 06 ea 07 0f 0d 10 00 00 04 00 02 00 00 00 00 00 06 44 40 00 00 01 00 00 60 95 73 02 00 60 3b 16 02 00 00 80 1b 00 00 86 00 98 82 4d 00 0f 02 00 00 fa 00 00 00 80 00 b9 41 10 2d 6a 1d 00 10 00 00 00 00 00 00 7b 01 00 00 f0 3c 00 f4 01 00 00 00 00 08 06 0f 00 00 01 00 4b fc 98 da bb bb
2026-06-27T15:13:17.000,1782553397000,1_1,dop1,39101,out,na,160661.0,0c 17 17 17 17 0c 0c 0c 0c 0c 17 17 17 17 17 17
2026-06-27T15:13:17.000,1782553397000,1_1,dop2,39102,out,na,160661.0,0c 17 17 17 17 0c 0c 0c 0c 0c 17 17 17 17 17 17
2026-06-27T15:13:17.000,1782553397000,1_1,dop1,39103,out,na,160661.0,0c 17 17 17 17 0c 0c 0c 0c 0c 17 17 17 17 17 17
2026-06-27T15:13:17.000,1782553397000,1_1,dop2,39104,out,na,160661.0,0c 17 17 17 17 0c 0c 0c 0c 0c 17 17 17 17 17 17
2026-06-27T15:13:17.000,1782553397000,1_1,nms hlth,39105,out,pass,160661.0,02 06 0b 00 3f 00 00 00 bb bb 18 00 35 00 01 00 00 01 00 01 01 1b 06 1a 0f 0d 11 09 00 01 01 00 02 01 00 0d 00 00 0e 00 00 0f 00 00 10 00 00 11 00 00 00 29 00 00 39 4a 67 19 26 5b 34 b1 93
2026-06-27T15:13:17.000,1782553397000,1_1,nms rssi,39106,out,pass,160661.0,02 06 0c 00 31 00 00 00 aa aa 20 00 29 00 01 00 00 01 00 01 01 1b 06 1a 0f 0d 11 02 0f 00 00 06 02 73 35 00 00 00 00 06 02 73 35 00 00 5e e0 3e 88
2026-06-27T15:13:17.000,1782553397000,1_1,linfo,39107,,pass,160661.0,01 02 01 00 00 00 a0 00 b6 03 b6 03 02 16 16 02 05 05 05 02 1e 00 00 00 1e 00 00 01 02 05 08 0a 1e 00 19 0f 05 05 00 00 00 3f 5a 00 05 03 03 06 06 02 04 0a b4 00 3c 00 f0 00 b8 0b 0e 05 1e 0f 08 5a 0f 02 1e 00 05 00 1e 00 78 00 0f 50 00 64 00 2c 01 b8 0b f4 01 dc 05 0a c8 00 2c 01 32 32 32 1e 2c 01 58 02 b8 0b b8 0b 64 00 f4 01 64 00 0f 05 02 78 00 78 00 19 3c 3c 02 41 42 43 44 00 00 00 00 00 00 00 00 00 00 00 00 00 00 00 00 00 00 00 00 00 00 00 00 00 00 00 00 00 00 00 00 00 00 00 00 58 59 5a 41 00 00 00 00 00 00 00 00 00 00 00 00 00 00 00 00 00 00 00 00 00 00 00 00 00 00 00 00 00 00 00 00 00 00 00 00 01 00 00 7f 51 c3 00 00 01 00 00 7f 52 c3 00 00 c0 a8 a7 f4 01 70 17 03 28 02 0f 00 00 00 41 00 00 a0 40 66 66 86 40 66 66 66 40 00 00 00 00 fa 00 64 00 50 00 50 00 dc 05 64 00 32 00 00 00 03 00 c1 4a 13 f6 01 01 4c 4f 43 4f 5f 54 43 41 53 5f 42 52 41 4b 49 4e 47 00 c3 00 00 00 72 00 6e 00 61 00 6c 00 30 ed 3f 1d c3 00 00 00 29 43 a0 64 64 96 00 fa 00 0a 00 04 04 04 03 03 04 32 09 09 32 0a 0a 46 0b 0b 64 0c 0c ff 00 00 64 00 00 00 01 00 02 00 01 3c 00 00 14 1e 37 4b 03 02 04 00 00 00 79 89 f3 f0
2026-06-27T15:13:17.000,1782553397000,1_1,arp,39108,out,fail,160661.0,02 07 57 04 27 00 00 00 0f 02 d3 ad 60 e0 00 01 40 9c e5 47 d0 01 ac 04 1e 03 0d 00 00 00 00 00 09 66 c0 34 e2 e7 c4
2026-06-27T15:13:18.000,1782553398000,1_1,dop1,39109,out,na,160661.0,0c 17 17 17 17 0c 0c 0c 0c 0c 17 17 17 17 17 17
2026-06-27T15:13:18.000,1782553398000,1_1,dop2,39110,out,na,160661.0,0c 17 17 17 17 0c 0c 0c 0c 0c 17 17 17 17 17 17
2026-06-27T15:13:18.000,1782553398000,1_1,dmi,39111,out,na,160661.0,aa aa 74 02 01 0a 6f 00 95 34 00 00 00 00 00 00 00 00 00 00 1b 06 ea 07 0f 0d 12 00 00 04 00 02 00 00 00 00 00 06 44 40 00 00 01 00 00 60 95 73 02 00 60 3b 16 02 00 00 80 1b 00 00 86 00 98 82 4d 00 0f 02 00 00 fa 00 00 00 80 00 b9 41 14 2d 6a 1d 00 10 00 00 00 00 00 00 7e 01 00 00 f0 3c 00 f4 01 00 00 00 00 08 06 0f 00 00 01 00 89 f2 0f 97 bb bb
2026-06-27T15:13:18.000,1782553398000,1_1,slrp,39112,in,pass,160661.0,90 85 ac 1e 04 1e 80 00 04 40 6f 8e 68 01 80 a0 ed 80 10 01 7c aa 02 81 00 71 a7 c6 b4 60 93 75 14
2026-06-27T15:13:18.000,1782553398000,1_1,dlsys,39113,in,fail,160661.0,0b 63 0a 04 09 01 50 01 00 00 00 00 00 a7 ff 77
2026-06-27T15:13:18.000,1782553398000,1_1,dop1,39114,out,na,160661.0,0c 17 17 17 17 0c 0c 0c 0c 0c 17 17 17 17 17 17
2026-06-27T15:13:18.000,1782553398000,1_1,dop2,39115,out,na,160661.0,0c 17 17 17 17 0c 0c 0c 0c 0c 17 17 17 17 17 17
2026-06-27T15:13:18.000,1782553398000,1_1,lsrp,39116,out,fail,160661.0,02 07 0a 00 27 00 00 00 0f 02 a3 ad 60 f0 00 01 40 9c e5 41 40 a0 7d 00 1a c0 34 0d 00 20 10 cf 2e 10 63 4b 01 6a d5
2026-06-27T15:13:18.000,1782553398000,1_1,dop1,39117,out,na,160661.0,0c 17 17 17 17 0c 0c 0c 0c 0c 17 17 17 17 17 17
2026-06-27T15:13:18.000,1782553398000,1_1,dop2,39118,out,na,160661.0,0c 17 17 17 17 0c 0c 0c 0c 0c 17 17 17 17 17 17
2026-06-27T15:13:18.000,1782553398000,1_1,nms hlth,39119,out,pass,160661.0,02 06 0b 00 3f 00 00 00 bb bb 18 00 35 00 01 00 00 01 00 01 01 1b 06 1a 0f 0d 12 09 00 01 01 00 02 01 00 0d 00 00 0e 00 00 0f 00 00 10 00 00 11 00 00 00 29 00 00 39 4a 67 19 26 00 23 00 86
2026-06-27T15:13:18.000,1782553398000,1_1,nms rssi,39120,out,pass,160661.0,02 06 0c 00 31 00 00 00 aa aa 20 00 29 00 01 00 00 01 00 01 01 1b 06 1a 0f 0d 12 02 0f 00 00 06 02 73 35 00 00 00 00 06 02 73 35 00 00 fd b6 b8 21
2026-06-27T15:13:18.000,1782553398000,1_1,linfo,39121,,pass,160661.0,01 02 01 00 00 00 a0 00 b6 03 b6 03 02 16 16 02 05 05 05 02 1e 00 00 00 1e 00 00 01 02 05 08 0a 1e 00 19 0f 05 05 00 00 00 3f 5a 00 05 03 03 06 06 02 04 0a b4 00 3c 00 f0 00 b8 0b 0e 05 1e 0f 08 5a 0f 02 1e 00 05 00 1e 00 78 00 0f 50 00 64 00 2c 01 b8 0b f4 01 dc 05 0a c8 00 2c 01 32 32 32 1e 2c 01 58 02 b8 0b b8 0b 64 00 f4 01 64 00 0f 05 02 78 00 78 00 19 3c 3c 02 41 42 43 44 00 00 00 00 00 00 00 00 00 00 00 00 00 00 00 00 00 00 00 00 00 00 00 00 00 00 00 00 00 00 00 00 00 00 00 00 58 59 5a 41 00 00 00 00 00 00 00 00 00 00 00 00 00 00 00 00 00 00 00 00 00 00 00 00 00 00 00 00 00 00 00 00 00 00 00 00 01 00 00 7f 51 c3 00 00 01 00 00 7f 52 c3 00 00 c0 a8 a7 f4 01 70 17 03 28 02 0f 00 00 00 41 00 00 a0 40 66 66 86 40 66 66 66 40 00 00 00 00 fa 00 64 00 50 00 50 00 dc 05 64 00 32 00 00 00 03 00 c1 4a 13 f6 01 01 4c 4f 43 4f 5f 54 43 41 53 5f 42 52 41 4b 49 4e 47 00 c3 00 00 00 72 00 6e 00 61 00 6c 00 30 ed 3f 1d c3 00 00 00 29 43 a0 64 64 96 00 fa 00 0a 00 04 04 04 03 03 04 32 09 09 32 0a 0a 46 0b 0b 64 0c 0c ff 00 00 64 00 00 00 01 00 02 00 01 3c 00 00 14 1e 37 4b 03 02 04 00 00 00 79 89 f3 f0
2026-06-27T15:13:18.000,1782553398000,1_1,arp,39122,out,fail,160661.0,02 07 57 04 27 00 00 00 0f 02 d3 ad 60 f0 00 01 40 9c e5 47 d0 01 ac 04 1e 03 0d 00 00 00 00 00 09 66 c0 9d 15 ad 85
2026-06-27T15:13:18.000,1782553398000,1_1,dop1,39123,out,na,160661.0,0c 17 17 17 17 0c 0c 0c 0c 0c 17 17 17 17 17 17
2026-06-27T15:13:18.000,1782553398000,1_1,dop2,39124,out,na,160661.0,0c 17 17 17 17 0c 0c 0c 0c 0c 17 17 17 17 17 17
2026-06-27T15:13:18.000,1782553398000,1_1,dmi,39125,out,na,160661.0,aa aa 74 02 01 0a 6f 00 b4 34 00 00 00 00 00 00 00 00 00 00 1b 06 ea 07 0f 0d 12 00 00 04 00 02 00 00 00 00 00 06 44 40 00 00 01 00 00 60 95 73 02 00 60 3b 28 02 00 00 80 1b 00 80 8a 00 98 82 4d 00 0f 02 00 00 fa 00 00 00 80 00 b9 41 14 2d 6a 1d 00 10 00 00 00 00 00 00 81 01 00 00 f0 3c 00 f4 01 00 00 00 00 08 06 0f 00 00 01 00 f5 2f 72 a7 bb bb
2026-06-27T15:13:18.000,1782553398000,1_1,dop1,39126,out,na,160661.0,0c 17 17 17 17 0c 0c 0c 0c 0c 17 17 17 17 17 17
2026-06-27T15:13:18.000,1782553398000,1_1,dop2,39127,out,na,160661.0,0c 17 17 17 17 0c 0c 0c 0c 0c 17 17 17 17 17 17
2026-06-27T15:13:19.000,1782553399000,1_1,dop1,39128,out,na,160661.0,0c 17 17 17 17 0c 0c 0c 0c 0c 17 17 17 17 17 17
2026-06-27T15:13:19.000,1782553399000,1_1,dop2,39129,out,na,160661.0,0c 17 17 17 17 0c 0c 0c 0c 0c 17 17 17 17 17 17
2026-06-27T15:13:19.000,1782553399000,1_1,nms hlth,39130,out,pass,160661.0,02 06 0b 00 3f 00 00 00 bb bb 18 00 35 00 01 00 00 01 00 01 01 1b 06 1a 0f 0d 13 09 00 01 01 00 02 01 00 0d 00 00 0e 00 00 0f 00 00 10 00 00 11 00 00 00 29 00 00 39 4a 67 19 26 36 d1 90 75
2026-06-27T15:13:19.000,1782553399000,1_1,nms rssi,39131,out,pass,160661.0,02 06 0c 00 31 00 00 00 aa aa 20 00 29 00 01 00 00 01 00 01 01 1b 06 1a 0f 0d 13 02 0f 00 00 06 02 73 35 00 00 00 00 06 02 73 35 00 00 2a 54 38 79
2026-06-27T15:13:19.000,1782553399000,1_1,linfo,39132,,pass,160661.0,01 02 01 00 00 00 a0 00 b6 03 b6 03 02 16 16 02 05 05 05 02 1e 00 00 00 1e 00 00 01 02 05 08 0a 1e 00 19 0f 05 05 00 00 00 3f 5a 00 05 03 03 06 06 02 04 0a b4 00 3c 00 f0 00 b8 0b 0e 05 1e 0f 08 5a 0f 02 1e 00 05 00 1e 00 78 00 0f 50 00 64 00 2c 01 b8 0b f4 01 dc 05 0a c8 00 2c 01 32 32 32 1e 2c 01 58 02 b8 0b b8 0b 64 00 f4 01 64 00 0f 05 02 78 00 78 00 19 3c 3c 02 41 42 43 44 00 00 00 00 00 00 00 00 00 00 00 00 00 00 00 00 00 00 00 00 00 00 00 00 00 00 00 00 00 00 00 00 00 00 00 00 58 59 5a 41 00 00 00 00 00 00 00 00 00 00 00 00 00 00 00 00 00 00 00 00 00 00 00 00 00 00 00 00 00 00 00 00 00 00 00 00 01 00 00 7f 51 c3 00 00 01 00 00 7f 52 c3 00 00 c0 a8 a7 f4 01 70 17 03 28 02 0f 00 00 00 41 00 00 a0 40 66 66 86 40 66 66 66 40 00 00 00 00 fa 00 64 00 50 00 50 00 dc 05 64 00 32 00 00 00 03 00 c1 4a 13 f6 01 01 4c 4f 43 4f 5f 54 43 41 53 5f 42 52 41 4b 49 4e 47 00 c3 00 00 00 72 00 6e 00 61 00 6c 00 30 ed 3f 1d c3 00 00 00 29 43 a0 64 64 96 00 fa 00 0a 00 04 04 04 03 03 04 32 09 09 32 0a 0a 46 0b 0b 64 0c 0c ff 00 00 64 00 00 00 01 00 02 00 01 3c 00 00 14 1e 37 4b 03 02 04 00 00 00 79 89 f3 f0
2026-06-27T15:13:19.000,1782553399000,1_1,arp,39133,out,fail,160661.0,02 07 57 04 27 00 00 00 0f 02 d3 ad 61 00 00 01 40 9c e5 47 d0 01 ac 04 1e 03 0d 00 00 00 00 00 09 66 c0 a2 ad fd db
2026-06-27T15:13:19.000,1782553399000,1_1,dop1,39134,out,na,160661.0,0c 17 17 17 17 0c 0c 0c 0c 0c 17 17 17 17 17 17
2026-06-27T15:13:19.000,1782553399000,1_1,dop2,39135,out,na,160661.0,0c 17 17 17 17 0c 0c 0c 0c 0c 17 17 17 17 17 17
2026-06-27T15:13:20.000,1782553400000,1_1,ccsys,39136,in,fail,160661.0,03 01 01 00 00 00 00 00 00 00 00 00 00 00 00 00 00 00 00 00 00 00 00 00 00 00 00 00 00 03 01 01 14 14 00 00 00 00 03 03 00 00 00 00 1c 1c 33 33 00 00 00 00
2026-06-27T15:13:20.000,1782553400000,1_1,slrp,39137,in,pass,160661.0,90 85 ac 22 04 1e 80 00 04 40 6f 8e 68 01 80 a0 ed 80 10 01 7c aa 02 84 00 d4 71 6b 53 bc 12 a1 c6
2026-06-27T15:13:20.000,1782553400000,1_1,dmi,39138,out,na,160661.0,aa aa 74 02 01 0a 6f 00 d3 34 00 00 00 00 00 00 00 00 00 00 1b 06 ea 07 0f 0d 14 00 00 04 00 02 00 00 00 00 00 06 44 40 00 00 01 00 00 60 95 73 02 00 60 3b 34 02 00 00 80 1b 00 80 8d 00 98 82 4d 00 0f 02 00 00 fa 00 00 00 80 00 b9 41 14 2d 6a 1d 00 10 00 00 00 00 00 00 84 01 00 00 f0 3c 00 f4 01 00 00 00 00 08 06 0f 00 00 01 00 1d f5 18 a2 bb bb
2026-06-27T15:13:20.000,1782553400000,1_1,dop1,39139,out,na,160661.0,0c 17 17 17 17 0c 0c 0c 0c 0c 17 17 17 17 17 17
2026-06-27T15:13:20.000,1782553400000,1_1,dop2,39140,out,na,160661.0,0c 17 17 17 17 0c 0c 0c 0c 0c 17 17 17 17 17 17
2026-06-27T15:13:20.000,1782553400000,1_1,lsrp,39141,out,fail,160661.0,02 07 0a 00 27 00 00 00 0f 02 a3 ad 61 10 00 01 40 9c e5 41 40 a0 7d 00 1a c0 34 0d 00 20 00 23 85 3e 50 40 fd c3 73
2026-06-27T15:13:20.000,1782553400000,1_1,dop1,39142,out,na,160661.0,0c 17 17 17 17 0c 0c 0c 0c 0c 17 17 17 17 17 17
2026-06-27T15:13:20.000,1782553400000,1_1,dop2,39143,out,na,160661.0,0c 17 17 17 17 0c 0c 0c 0c 0c 17 17 17 17 17 17
2026-06-27T15:13:20.000,1782553400000,1_1,nms hlth,39144,out,pass,160661.0,02 06 0b 00 3f 00 00 00 bb bb 18 00 35 00 01 00 00 01 00 01 01 1b 06 1a 0f 0d 14 09 00 01 01 00 02 01 00 0d 00 00 0e 00 00 0f 00 00 10 00 00 11 00 00 00 29 00 00 39 4a 67 19 26 b6 0c 62 ac
2026-06-27T15:13:20.000,1782553400000,1_1,nms rssi,39145,out,pass,160661.0,02 06 0c 00 31 00 00 00 aa aa 20 00 29 00 01 00 00 01 00 01 01 1b 06 1a 0f 0d 14 02 0f 00 00 06 02 73 35 00 00 00 00 06 02 73 35 00 00 60 6a b3 32
2026-06-27T15:13:20.000,1782553400000,1_1,linfo,39146,,pass,160661.0,01 02 01 00 00 00 a0 00 b6 03 b6 03 02 16 16 02 05 05 05 02 1e 00 00 00 1e 00 00 01 02 05 08 0a 1e 00 19 0f 05 05 00 00 00 3f 5a 00 05 03 03 06 06 02 04 0a b4 00 3c 00 f0 00 b8 0b 0e 05 1e 0f 08 5a 0f 02 1e 00 05 00 1e 00 78 00 0f 50 00 64 00 2c 01 b8 0b f4 01 dc 05 0a c8 00 2c 01 32 32 32 1e 2c 01 58 02 b8 0b b8 0b 64 00 f4 01 64 00 0f 05 02 78 00 78 00 19 3c 3c 02 41 42 43 44 00 00 00 00 00 00 00 00 00 00 00 00 00 00 00 00 00 00 00 00 00 00 00 00 00 00 00 00 00 00 00 00 00 00 00 00 58 59 5a 41 00 00 00 00 00 00 00 00 00 00 00 00 00 00 00 00 00 00 00 00 00 00 00 00 00 00 00 00 00 00 00 00 00 00 00 00 01 00 00 7f 51 c3 00 00 01 00 00 7f 52 c3 00 00 c0 a8 a7 f4 01 70 17 03 28 02 0f 00 00 00 41 00 00 a0 40 66 66 86 40 66 66 66 40 00 00 00 00 fa 00 64 00 50 00 50 00 dc 05 64 00 32 00 00 00 03 00 c1 4a 13 f6 01 01 4c 4f 43 4f 5f 54 43 41 53 5f 42 52 41 4b 49 4e 47 00 c3 00 00 00 72 00 6e 00 61 00 6c 00 30 ed 3f 1d c3 00 00 00 29 43 a0 64 64 96 00 fa 00 0a 00 04 04 04 03 03 04 32 09 09 32 0a 0a 46 0b 0b 64 0c 0c ff 00 00 64 00 00 00 01 00 02 00 01 3c 00 00 14 1e 37 4b 03 02 04 00 00 00 79 89 f3 f0
2026-06-27T15:13:20.000,1782553400000,1_1,arp,39147,out,fail,160661.0,02 07 57 04 27 00 00 00 0f 02 d3 ad 61 10 00 01 40 9c e5 47 d0 01 ac 04 1e 03 0d 00 00 00 00 00 09 66 c0 0b 5a b7 9a
2026-06-27T15:13:20.000,1782553400000,1_1,dop1,39148,out,na,160661.0,0c 17 17 17 17 0c 0c 0c 0c 0c 17 17 17 17 17 17
2026-06-27T15:13:20.000,1782553400000,1_1,dop2,39149,out,na,160661.0,0c 17 17 17 17 0c 0c 0c 0c 0c 17 17 17 17 17 17
2026-06-27T15:13:20.000,1782553400000,1_1,dmi,39150,out,na,160661.0,aa aa 74 02 01 0a 6f 00 f2 34 00 00 00 00 00 00 00 00 00 00 1b 06 ea 07 0f 0d 14 00 00 04 00 02 00 00 00 00 00 06 44 40 00 00 01 00 00 60 95 73 02 00 60 3b 34 02 00 00 80 1b 00 80 8d 00 98 82 4d 00 0f 02 00 00 fa 00 00 00 80 00 b9 41 14 2d 6a 1d 00 10 00 00 00 00 00 00 86 01 00 00 f0 3c 00 f4 01 00 00 00 00 08 06 0f 00 00 01 00 a3 e9 ed 6f bb bb
2026-06-27T15:13:20.000,1782553400000,1_1,dop1,39151,out,na,160661.0,0c 17 17 17 17 0c 0c 0c 0c 0c 17 17 17 17 17 17
2026-06-27T15:13:20.000,1782553400000,1_1,dop2,39152,out,na,160661.0,0c 17 17 17 17 0c 0c 0c 0c 0c 17 17 17 17 17 17
2026-06-27T15:13:21.000,1782553401000,1_1,dop1,39153,out,na,160661.0,0c 17 17 17 17 0c 0c 0c 0c 0c 17 17 17 17 17 17
2026-06-27T15:13:21.000,1782553401000,1_1,dop2,39154,out,na,160661.0,0c 17 17 17 17 0c 0c 0c 0c 0c 17 17 17 17 17 17
2026-06-27T15:13:21.000,1782553401000,1_1,nms hlth,39155,out,pass,160661.0,02 06 0b 00 3f 00 00 00 bb bb 18 00 35 00 01 00 00 01 00 01 01 1b 06 1a 0f 0d 15 09 00 01 01 00 02 01 00 0d 00 00 0e 00 00 0f 00 00 10 00 00 11 00 00 00 29 00 00 39 4a 67 19 26 80 fe f2 5f
2026-06-27T15:13:21.000,1782553401000,1_1,nms rssi,39156,out,pass,160661.0,02 06 0c 00 31 00 00 00 aa aa 20 00 29 00 01 00 00 01 00 01 01 1b 06 1a 0f 0d 15 02 0f 00 00 06 02 73 35 00 00 00 00 06 02 73 35 00 00 b7 88 33 6a
2026-06-27T15:13:21.000,1782553401000,1_1,linfo,39157,,pass,160661.0,01 02 01 00 00 00 a0 00 b6 03 b6 03 02 16 16 02 05 05 05 02 1e 00 00 00 1e 00 00 01 02 05 08 0a 1e 00 19 0f 05 05 00 00 00 3f 5a 00 05 03 03 06 06 02 04 0a b4 00 3c 00 f0 00 b8 0b 0e 05 1e 0f 08 5a 0f 02 1e 00 05 00 1e 00 78 00 0f 50 00 64 00 2c 01 b8 0b f4 01 dc 05 0a c8 00 2c 01 32 32 32 1e 2c 01 58 02 b8 0b b8 0b 64 00 f4 01 64 00 0f 05 02 78 00 78 00 19 3c 3c 02 41 42 43 44 00 00 00 00 00 00 00 00 00 00 00 00 00 00 00 00 00 00 00 00 00 00 00 00 00 00 00 00 00 00 00 00 00 00 00 00 58 59 5a 41 00 00 00 00 00 00 00 00 00 00 00 00 00 00 00 00 00 00 00 00 00 00 00 00 00 00 00 00 00 00 00 00 00 00 00 00 01 00 00 7f 51 c3 00 00 01 00 00 7f 52 c3 00 00 c0 a8 a7 f4 01 70 17 03 28 02 0f 00 00 00 41 00 00 a0 40 66 66 86 40 66 66 66 40 00 00 00 00 fa 00 64 00 50 00 50 00 dc 05 64 00 32 00 00 00 03 00 c1 4a 13 f6 01 01 4c 4f 43 4f 5f 54 43 41 53 5f 42 52 41 4b 49 4e 47 00 c3 00 00 00 72 00 6e 00 61 00 6c 00 30 ed 3f 1d c3 00 00 00 29 43 a0 64 64 96 00 fa 00 0a 00 04 04 04 03 03 04 32 09 09 32 0a 0a 46 0b 0b 64 0c 0c ff 00 00 64 00 00 00 01 00 02 00 01 3c 00 00 14 1e 37 4b 03 02 04 00 00 00 79 89 f3 f0
2026-06-27T15:13:21.000,1782553401000,1_1,arp,39158,out,fail,160661.0,02 07 57 04 27 00 00 00 0f 02 d3 ad 61 20 00 01 40 9c e5 47 d0 01 ac 04 1e 03 0d 00 00 00 00 00 09 66 c0 2a 32 6f 18
2026-06-27T15:13:21.000,1782553401000,1_1,dop1,39159,out,na,160661.0,0c 17 17 17 17 0c 0c 0c 0c 0c 17 17 17 17 17 17
2026-06-27T15:13:21.000,1782553401000,1_1,dop2,39160,out,na,160661.0,0c 17 17 17 17 0c 0c 0c 0c 0c 17 17 17 17 17 17
2026-06-27T15:13:22.000,1782553402000,1_1,slrp,39161,in,pass,160661.0,90 85 ac 26 04 1e 80 00 04 40 6f 8e 68 01 80 a0 ed 80 10 01 7c aa 02 86 00 b5 92 67 8c 49 a9 e8 c5
2026-06-27T15:13:22.000,1782553402000,1_1,dmi,39162,out,na,160661.0,aa aa 74 02 01 0a 6f 00 11 35 00 00 00 00 00 00 00 00 00 00 1b 06 ea 07 0f 0d 16 00 00 04 00 02 00 00 00 00 00 06 44 40 00 00 01 00 00 60 95 73 02 00 60 3b 3c 02 00 00 80 1b 00 80 8f 00 98 82 4d 00 0f 02 00 00 fa 00 00 00 80 00 b9 41 14 2d 6a 1d 00 10 00 00 00 00 00 00 88 01 00 00 f0 3c 00 f4 01 00 00 00 00 08 06 0f 00 00 01 00 f4 55 f1 07 bb bb
2026-06-27T15:13:22.000,1782553402000,1_1,dop1,39163,out,na,160661.0,0c 17 17 17 17 0c 0c 0c 0c 0c 17 17 17 17 17 17
2026-06-27T15:13:22.000,1782553402000,1_1,dop2,39164,out,na,160661.0,0c 17 17 17 17 0c 0c 0c 0c 0c 17 17 17 17 17 17
2026-06-27T15:13:22.000,1782553402000,1_1,lsrp,39165,out,fail,160661.0,02 07 0a 00 27 00 00 00 0f 02 a3 ad 61 30 00 01 40 9c e5 41 40 a0 7d 00 1a c0 34 0d 00 20 00 a0 b4 ea 27 39 12 23 46
2026-06-27T15:13:22.000,1782553402000,1_1,dop1,39166,out,na,160661.0,0c 17 17 17 17 0c 0c 0c 0c 0c 17 17 17 17 17 17
2026-06-27T15:13:22.000,1782553402000,1_1,dop2,39167,out,na,160661.0,0c 17 17 17 17 0c 0c 0c 0c 0c 17 17 17 17 17 17
2026-06-27T15:13:22.000,1782553402000,1_1,nms hlth,39168,out,pass,160661.0,02 06 0b 00 3f 00 00 00 bb bb 18 00 35 00 01 00 00 01 00 01 01 1b 06 1a 0f 0d 16 09 00 01 01 00 02 01 00 0d 00 00 0e 00 00 0f 00 00 10 00 00 11 00 00 00 29 00 00 39 4a 67 19 26 db e9 43 4a
2026-06-27T15:13:22.000,1782553402000,1_1,nms rssi,39169,out,pass,160661.0,02 06 0c 00 31 00 00 00 aa aa 20 00 29 00 01 00 00 01 00 01 01 1b 06 1a 0f 0d 16 02 0f 00 00 06 02 73 35 00 00 00 00 06 02 73 35 00 00 14 de b5 c3
2026-06-27T15:13:22.000,1782553402000,1_1,linfo,39170,,pass,160661.0,01 02 01 00 00 00 a0 00 b6 03 b6 03 02 16 16 02 05 05 05 02 1e 00 00 00 1e 00 00 01 02 05 08 0a 1e 00 19 0f 05 05 00 00 00 3f 5a 00 05 03 03 06 06 02 04 0a b4 00 3c 00 f0 00 b8 0b 0e 05 1e 0f 08 5a 0f 02 1e 00 05 00 1e 00 78 00 0f 50 00 64 00 2c 01 b8 0b f4 01 dc 05 0a c8 00 2c 01 32 32 32 1e 2c 01 58 02 b8 0b b8 0b 64 00 f4 01 64 00 0f 05 02 78 00 78 00 19 3c 3c 02 41 42 43 44 00 00 00 00 00 00 00 00 00 00 00 00 00 00 00 00 00 00 00 00 00 00 00 00 00 00 00 00 00 00 00 00 00 00 00 00 58 59 5a 41 00 00 00 00 00 00 00 00 00 00 00 00 00 00 00 00 00 00 00 00 00 00 00 00 00 00 00 00 00 00 00 00 00 00 00 00 01 00 00 7f 51 c3 00 00 01 00 00 7f 52 c3 00 00 c0 a8 a7 f4 01 70 17 03 28 02 0f 00 00 00 41 00 00 a0 40 66 66 86 40 66 66 66 40 00 00 00 00 fa 00 64 00 50 00 50 00 dc 05 64 00 32 00 00 00 03 00 c1 4a 13 f6 01 01 4c 4f 43 4f 5f 54 43 41 53 5f 42 52 41 4b 49 4e 47 00 c3 00 00 00 72 00 6e 00 61 00 6c 00 30 ed 3f 1d c3 00 00 00 29 43 a0 64 64 96 00 fa 00 0a 00 04 04 04 03 03 04 32 09 09 32 0a 0a 46 0b 0b 64 0c 0c ff 00 00 64 00 00 00 01 00 02 00 01 3c 00 00 14 1e 37 4b 03 02 04 00 00 00 79 89 f3 f0
2026-06-27T15:13:22.000,1782553402000,1_1,arp,39171,out,fail,160661.0,02 07 57 04 27 00 00 00 0f 02 d3 ad 61 30 00 01 40 9c e5 47 d0 01 ac 04 1e 03 0d 00 00 00 00 00 09 66 c0 83 c5 25 59
2026-06-27T15:13:22.000,1782553402000,1_1,dop1,39172,out,na,160661.0,0c 17 17 17 17 0c 0c 0c 0c 0c 17 17 17 17 17 17
2026-06-27T15:13:22.000,1782553402000,1_1,dop2,39173,out,na,160661.0,0c 17 17 17 17 0c 0c 0c 0c 0c 17 17 17 17 17 17
2026-06-27T15:13:22.000,1782553402000,1_1,dmi,39174,out,na,160661.0,aa aa 74 02 01 0a 6f 00 30 35 00 00 00 00 00 00 00 00 00 00 1b 06 ea 07 0f 0d 16 00 00 04 00 02 00 00 00 00 00 06 44 40 00 00 01 00 00 60 95 73 02 00 60 3b 3c 02 00 00 80 1b 00 80 8f 00 98 82 4d 00 0f 02 00 00 fa 00 00 00 80 00 b9 41 14 2d 6a 1d 00 10 00 00 00 00 00 00 89 01 00 00 f0 3c 00 f4 01 00 00 00 00 08 06 0f 00 00 01 00 80 04 ad 65 bb bb
2026-06-27T15:13:22.000,1782553402000,1_1,dop1,39175,out,na,160661.0,0c 17 17 17 17 0c 0c 0c 0c 0c 17 17 17 17 17 17
2026-06-27T15:13:22.000,1782553402000,1_1,dop2,39176,out,na,160661.0,0c 17 17 17 17 0c 0c 0c 0c 0c 17 17 17 17 17 17
2026-06-27T15:13:23.000,1782553403000,1_1,dop1,39177,out,na,160661.0,0c 17 17 17 17 0c 0c 0c 0c 0c 17 17 17 17 17 17
2026-06-27T15:13:23.000,1782553403000,1_1,dop2,39178,out,na,160661.0,0c 17 17 17 17 0c 0c 0c 0c 0c 17 17 17 17 17 17
2026-06-27T15:13:23.000,1782553403000,1_1,nms hlth,39179,out,pass,160661.0,02 06 0b 00 3f 00 00 00 bb bb 18 00 35 00 01 00 00 01 00 01 01 1b 06 1a 0f 0d 17 09 00 01 01 00 02 01 00 0d 00 00 0e 00 00 0f 00 00 10 00 00 11 00 00 00 29 00 00 39 4a 67 19 26 ed 1b d3 b9
2026-06-27T15:13:23.000,1782553403000,1_1,nms rssi,39180,out,pass,160661.0,02 06 0c 00 31 00 00 00 aa aa 20 00 29 00 01 00 00 01 00 01 01 1b 06 1a 0f 0d 17 02 0f 00 00 06 02 73 35 00 00 00 00 06 02 73 35 00 00 c3 3c 35 9b
2026-06-27T15:13:23.000,1782553403000,1_1,linfo,39181,,pass,160661.0,01 02 01 00 00 00 a0 00 b6 03 b6 03 02 16 16 02 05 05 05 02 1e 00 00 00 1e 00 00 01 02 05 08 0a 1e 00 19 0f 05 05 00 00 00 3f 5a 00 05 03 03 06 06 02 04 0a b4 00 3c 00 f0 00 b8 0b 0e 05 1e 0f 08 5a 0f 02 1e 00 05 00 1e 00 78 00 0f 50 00 64 00 2c 01 b8 0b f4 01 dc 05 0a c8 00 2c 01 32 32 32 1e 2c 01 58 02 b8 0b b8 0b 64 00 f4 01 64 00 0f 05 02 78 00 78 00 19 3c 3c 02 41 42 43 44 00 00 00 00 00 00 00 00 00 00 00 00 00 00 00 00 00 00 00 00 00 00 00 00 00 00 00 00 00 00 00 00 00 00 00 00 58 59 5a 41 00 00 00 00 00 00 00 00 00 00 00 00 00 00 00 00 00 00 00 00 00 00 00 00 00 00 00 00 00 00 00 00 00 00 00 00 01 00 00 7f 51 c3 00 00 01 00 00 7f 52 c3 00 00 c0 a8 a7 f4 01 70 17 03 28 02 0f 00 00 00 41 00 00 a0 40 66 66 86 40 66 66 66 40 00 00 00 00 fa 00 64 00 50 00 50 00 dc 05 64 00 32 00 00 00 03 00 c1 4a 13 f6 01 01 4c 4f 43 4f 5f 54 43 41 53 5f 42 52 41 4b 49 4e 47 00 c3 00 00 00 72 00 6e 00 61 00 6c 00 30 ed 3f 1d c3 00 00 00 29 43 a0 64 64 96 00 fa 00 0a 00 04 04 04 03 03 04 32 09 09 32 0a 0a 46 0b 0b 64 0c 0c ff 00 00 64 00 00 00 01 00 02 00 01 3c 00 00 14 1e 37 4b 03 02 04 00 00 00 79 89 f3 f0
2026-06-27T15:13:23.000,1782553403000,1_1,arp,39182,out,fail,160661.0,02 07 57 04 27 00 00 00 0f 02 d3 ad 61 40 00 01 40 9c e5 47 d0 01 ac 04 1e 03 0d 00 00 00 00 00 09 66 c0 68 e3 de 1c
2026-06-27T15:13:23.000,1782553403000,1_1,dop1,39183,out,na,160661.0,0c 17 17 17 17 0c 0c 0c 0c 0c 17 17 17 17 17 17
2026-06-27T15:13:23.000,1782553403000,1_1,dop2,39184,out,na,160661.0,0c 17 17 17 17 0c 0c 0c 0c 0c 17 17 17 17 17 17
2026-06-27T15:13:23.000,1782553403000,1_1,slrp,39185,in,pass,160661.0,90 85 ac 2a 04 1e 80 00 04 40 6f 8e 68 01 80 a0 ed 80 10 01 7c aa 02 87 80 2a e9 9b 79 84 f7 ee f1
2026-06-27T15:13:24.000,1782553404000,1_1,dmi,39186,out,na,160661.0,aa aa 74 02 01 0a 6f 00 4f 35 00 00 00 00 00 00 00 00 00 00 1b 06 ea 07 0f 0d 18 00 00 04 00 02 00 00 00 00 00 06 44 40 00 00 01 00 00 60 95 73 02 00 60 3b 42 02 00 00 80 1b 00 00 91 00 98 82 4d 00 0f 02 00 00 fa 00 00 00 80 00 b9 41 14 2d 6a 1d 00 10 00 00 00 00 00 00 89 01 00 00 f0 3c 00 f4 01 00 00 00 00 08 06 0f 00 00 01 00 d5 6a 98 76 bb bb
2026-06-27T15:13:24.000,1782553404000,1_1,dop1,39187,out,na,160661.0,0c 17 17 17 17 0c 0c 0c 0c 0c 17 17 17 17 17 17
2026-06-27T15:13:24.000,1782553404000,1_1,dop2,39188,out,na,160661.0,0c 17 17 17 17 0c 0c 0c 0c 0c 17 17 17 17 17 17
2026-06-27T15:13:24.000,1782553404000,1_1,lsrp,39189,out,fail,160661.0,02 07 0a 00 27 00 00 00 0f 02 a3 ad 61 50 00 01 40 9c e5 41 40 a0 7d 00 1a c0 34 0d 00 20 00 a5 7e c0 b4 d6 48 7f 30
2026-06-27T15:13:24.000,1782553404000,1_1,dop1,39190,out,na,160661.0,0c 17 17 17 17 0c 0c 0c 0c 0c 17 17 17 17 17 17
2026-06-27T15:13:24.000,1782553404000,1_1,dop2,39191,out,na,160661.0,0c 17 17 17 17 0c 0c 0c 0c 0c 17 17 17 17 17 17
2026-06-27T15:13:24.000,1782553404000,1_1,nms hlth,39192,out,pass,160661.0,02 06 0b 00 3f 00 00 00 bb bb 18 00 35 00 01 00 00 01 00 01 01 1b 06 1a 0f 0d 18 09 00 01 01 00 02 01 00 0d 00 00 0e 00 00 0f 00 00 10 00 00 11 00 00 00 29 00 00 39 4a 67 19 26 01 23 a0 b9
2026-06-27T15:13:24.000,1782553404000,1_1,nms rssi,39193,out,pass,160661.0,02 06 0c 00 31 00 00 00 aa aa 20 00 29 00 01 00 00 01 00 01 01 1b 06 1a 0f 0d 18 02 0f 00 00 06 02 73 35 00 00 00 00 06 02 73 35 00 00 80 a3 a3 55
2026-06-27T15:13:24.000,1782553404000,1_1,linfo,39194,,pass,160661.0,01 02 01 00 00 00 a0 00 b6 03 b6 03 02 16 16 02 05 05 05 02 1e 00 00 00 1e 00 00 01 02 05 08 0a 1e 00 19 0f 05 05 00 00 00 3f 5a 00 05 03 03 06 06 02 04 0a b4 00 3c 00 f0 00 b8 0b 0e 05 1e 0f 08 5a 0f 02 1e 00 05 00 1e 00 78 00 0f 50 00 64 00 2c 01 b8 0b f4 01 dc 05 0a c8 00 2c 01 32 32 32 1e 2c 01 58 02 b8 0b b8 0b 64 00 f4 01 64 00 0f 05 02 78 00 78 00 19 3c 3c 02 41 42 43 44 00 00 00 00 00 00 00 00 00 00 00 00 00 00 00 00 00 00 00 00 00 00 00 00 00 00 00 00 00 00 00 00 00 00 00 00 58 59 5a 41 00 00 00 00 00 00 00 00 00 00 00 00 00 00 00 00 00 00 00 00 00 00 00 00 00 00 00 00 00 00 00 00 00 00 00 00 01 00 00 7f 51 c3 00 00 01 00 00 7f 52 c3 00 00 c0 a8 a7 f4 01 70 17 03 28 02 0f 00 00 00 41 00 00 a0 40 66 66 86 40 66 66 66 40 00 00 00 00 fa 00 64 00 50 00 50 00 dc 05 64 00 32 00 00 00 03 00 c1 4a 13 f6 01 01 4c 4f 43 4f 5f 54 43 41 53 5f 42 52 41 4b 49 4e 47 00 c3 00 00 00 72 00 6e 00 61 00 6c 00 30 ed 3f 1d c3 00 00 00 29 43 a0 64 64 96 00 fa 00 0a 00 04 04 04 03 03 04 32 09 09 32 0a 0a 46 0b 0b 64 0c 0c ff 00 00 64 00 00 00 01 00 02 00 01 3c 00 00 14 1e 37 4b 03 02 04 00 00 00 79 89 f3 f0
2026-06-27T15:13:24.000,1782553404000,1_1,arp,39195,out,fail,160661.0,02 07 57 04 27 00 00 00 0f 02 d3 ad 61 50 00 01 40 9c e5 47 d0 01 ac 04 1e 03 0d 00 00 00 00 00 09 66 c0 c1 14 94 5d
2026-06-27T15:13:24.000,1782553404000,1_1,dop1,39196,out,na,160661.0,0c 17 17 17 17 0c 0c 0c 0c 0c 17 17 17 17 17 17
2026-06-27T15:13:24.000,1782553404000,1_1,dop2,39197,out,na,160661.0,0c 17 17 17 17 0c 0c 0c 0c 0c 17 17 17 17 17 17
2026-06-27T15:13:24.000,1782553404000,1_1,ccsys,39198,in,fail,160661.0,03 01 01 00 00 00 00 00 00 00 00 00 00 00 00 00 00 00 00 00 00 00 00 00 00 00 00 00 00 03 01 01 19 19 00 00 00 00 03 03 00 00 00 00 1c 1c 33 33 00 00 00 00
2026-06-27T15:13:24.000,1782553404000,1_1,dmi,39199,out,na,160661.0,aa aa 74 02 01 0a 6f 00 6e 35 00 00 00 00 00 00 00 00 00 00 1b 06 ea 07 0f 0d 18 00 00 04 00 02 00 00 00 00 00 06 44 40 00 00 01 00 00 60 95 73 02 00 60 3b 42 02 00 00 80 1b 00 00 91 00 98 82 4d 00 0f 02 00 00 fa 00 00 00 80 00 b9 41 14 2d 6a 1d 00 10 00 00 00 00 00 00 89 01 00 00 f0 3c 00 f4 01 00 00 00 00 08 06 0f 00 00 01 00 e7 00 a3 71 bb bb
2026-06-27T15:13:24.000,1782553404000,1_1,dop1,39200,out,na,160661.0,0c 17 17 17 17 0c 0c 0c 0c 0c 17 17 17 17 17 17
2026-06-27T15:13:24.000,1782553404000,1_1,dop2,39201,out,na,160661.0,0c 17 17 17 17 0c 0c 0c 0c 0c 17 17 17 17 17 17
2026-06-27T15:13:25.000,1782553405000,1_1,dop1,39202,out,na,160661.0,0c 17 17 17 17 0c 0c 0c 0c 0c 17 17 17 17 17 17
2026-06-27T15:13:25.000,1782553405000,1_1,dop2,39203,out,na,160661.0,0c 17 17 17 17 0c 0c 0c 0c 0c 17 17 17 17 17 17
2026-06-27T15:13:25.000,1782553405000,1_1,nms hlth,39204,out,pass,160661.0,02 06 0b 00 3f 00 00 00 bb bb 18 00 35 00 01 00 00 01 00 01 01 1b 06 1a 0f 0d 19 09 00 01 01 00 02 01 00 0d 00 00 0e 00 00 0f 00 00 10 00 00 11 00 00 00 29 00 00 39 4a 67 19 26 37 d1 30 4a
2026-06-27T15:13:25.000,1782553405000,1_1,nms rssi,39205,out,pass,160661.0,02 06 0c 00 31 00 00 00 aa aa 20 00 29 00 01 00 00 01 00 01 01 1b 06 1a 0f 0d 19 02 0f 00 00 06 02 73 35 00 00 00 00 06 02 73 35 00 00 57 41 23 0d
2026-06-27T15:13:25.000,1782553405000,1_1,linfo,39206,,pass,160661.0,01 02 01 00 00 00 a0 00 b6 03 b6 03 02 16 16 02 05 05 05 02 1e 00 00 00 1e 00 00 01 02 05 08 0a 1e 00 19 0f 05 05 00 00 00 3f 5a 00 05 03 03 06 06 02 04 0a b4 00 3c 00 f0 00 b8 0b 0e 05 1e 0f 08 5a 0f 02 1e 00 05 00 1e 00 78 00 0f 50 00 64 00 2c 01 b8 0b f4 01 dc 05 0a c8 00 2c 01 32 32 32 1e 2c 01 58 02 b8 0b b8 0b 64 00 f4 01 64 00 0f 05 02 78 00 78 00 19 3c 3c 02 41 42 43 44 00 00 00 00 00 00 00 00 00 00 00 00 00 00 00 00 00 00 00 00 00 00 00 00 00 00 00 00 00 00 00 00 00 00 00 00 58 59 5a 41 00 00 00 00 00 00 00 00 00 00 00 00 00 00 00 00 00 00 00 00 00 00 00 00 00 00 00 00 00 00 00 00 00 00 00 00 01 00 00 7f 51 c3 00 00 01 00 00 7f 52 c3 00 00 c0 a8 a7 f4 01 70 17 03 28 02 0f 00 00 00 41 00 00 a0 40 66 66 86 40 66 66 66 40 00 00 00 00 fa 00 64 00 50 00 50 00 dc 05 64 00 32 00 00 00 03 00 c1 4a 13 f6 01 01 4c 4f 43 4f 5f 54 43 41 53 5f 42 52 41 4b 49 4e 47 00 c3 00 00 00 72 00 6e 00 61 00 6c 00 30 ed 3f 1d c3 00 00 00 29 43 a0 64 64 96 00 fa 00 0a 00 04 04 04 03 03 04 32 09 09 32 0a 0a 46 0b 0b 64 0c 0c ff 00 00 64 00 00 00 01 00 02 00 01 3c 00 00 14 1e 37 4b 03 02 04 00 00 00 79 89 f3 f0
2026-06-27T15:13:25.000,1782553405000,1_1,arp,39207,out,fail,160661.0,02 07 57 04 27 00 00 00 0f 02 d3 ad 61 60 00 01 40 9c e5 47 d0 01 ac 04 1e 03 0d 00 00 00 00 00 09 66 c0 e0 7c 4c df
2026-06-27T15:13:25.000,1782553405000,1_1,slrp,39208,in,pass,160661.0,90 85 ac 2e 04 1e 80 00 04 40 6f 8e 68 01 80 a0 ed 80 10 01 7c aa 02 87 80 d2 3e 59 bd 00 b2 d6 b7
2026-06-27T15:13:25.000,1782553405000,1_1,dop1,39209,out,na,160661.0,0c 17 17 17 17 0c 0c 0c 0c 0c 17 17 17 17 17 17
2026-06-27T15:13:25.000,1782553405000,1_1,dop2,39210,out,na,160661.0,0c 17 17 17 17 0c 0c 0c 0c 0c 17 17 17 17 17 17
2026-06-27T15:13:26.000,1782553406000,1_1,dmi,39211,out,na,160661.0,aa aa 74 02 01 0a 6f 00 8d 35 00 00 00 00 00 00 00 00 00 00 1b 06 ea 07 0f 0d 1a 00 00 04 00 02 00 00 00 00 00 06 44 40 00 00 01 00 00 60 95 73 02 00 60 3b 42 02 00 00 80 1b 00 00 91 00 98 82 4d 00 0f 02 00 00 fa 00 00 00 80 00 b9 41 14 2d 6a 1d 00 10 00 00 00 00 00 00 89 01 00 00 f0 3c 00 f4 01 00 00 00 00 08 06 0f 00 00 01 00 10 c4 34 66 bb bb
2026-06-27T15:13:26.000,1782553406000,1_1,dop1,39212,out,na,160661.0,0c 17 17 17 17 0c 0c 0c 0c 0c 17 17 17 17 17 17
2026-06-27T15:13:26.000,1782553406000,1_1,dop2,39213,out,na,160661.0,0c 17 17 17 17 0c 0c 0c 0c 0c 17 17 17 17 17 17
2026-06-27T15:13:26.000,1782553406000,1_1,lsrp,39214,out,fail,160661.0,02 07 0a 00 27 00 00 00 0f 02 a3 ad 61 70 00 01 40 9c e5 41 40 a0 7d 00 1a c0 34 0d 00 20 10 0d 44 64 2c ab ab 49 46
2026-06-27T15:13:26.000,1782553406000,1_1,dop1,39215,out,na,160661.0,0c 17 17 17 17 0c 0c 0c 0c 0c 17 17 17 17 17 17
2026-06-27T15:13:26.000,1782553406000,1_1,dop2,39216,out,na,160661.0,0c 17 17 17 17 0c 0c 0c 0c 0c 17 17 17 17 17 17
2026-06-27T15:13:26.000,1782553406000,1_1,nms hlth,39217,out,pass,160661.0,02 06 0b 00 3f 00 00 00 bb bb 18 00 35 00 01 00 00 01 00 01 01 1b 06 1a 0f 0d 1a 09 00 01 01 00 02 01 00 0d 00 00 0e 00 00 0f 00 00 10 00 00 11 00 00 00 29 00 00 39 4a 67 19 26 6c c6 81 5f
2026-06-27T15:13:26.000,1782553406000,1_1,nms rssi,39218,out,pass,160661.0,02 06 0c 00 31 00 00 00 aa aa 20 00 29 00 01 00 00 01 00 01 01 1b 06 1a 0f 0d 1a 02 0f 00 00 06 02 73 35 00 00 00 00 06 02 73 35 00 00 f4 17 a5 a4
2026-06-27T15:13:26.000,1782553406000,1_1,linfo,39219,,pass,160661.0,01 02 01 00 00 00 a0 00 b6 03 b6 03 02 16 16 02 05 05 05 02 1e 00 00 00 1e 00 00 01 02 05 08 0a 1e 00 19 0f 05 05 00 00 00 3f 5a 00 05 03 03 06 06 02 04 0a b4 00 3c 00 f0 00 b8 0b 0e 05 1e 0f 08 5a 0f 02 1e 00 05 00 1e 00 78 00 0f 50 00 64 00 2c 01 b8 0b f4 01 dc 05 0a c8 00 2c 01 32 32 32 1e 2c 01 58 02 b8 0b b8 0b 64 00 f4 01 64 00 0f 05 02 78 00 78 00 19 3c 3c 02 41 42 43 44 00 00 00 00 00 00 00 00 00 00 00 00 00 00 00 00 00 00 00 00 00 00 00 00 00 00 00 00 00 00 00 00 00 00 00 00 58 59 5a 41 00 00 00 00 00 00 00 00 00 00 00 00 00 00 00 00 00 00 00 00 00 00 00 00 00 00 00 00 00 00 00 00 00 00 00 00 01 00 00 7f 51 c3 00 00 01 00 00 7f 52 c3 00 00 c0 a8 a7 f4 01 70 17 03 28 02 0f 00 00 00 41 00 00 a0 40 66 66 86 40 66 66 66 40 00 00 00 00 fa 00 64 00 50 00 50 00 dc 05 64 00 32 00 00 00 03 00 c1 4a 13 f6 01 01 4c 4f 43 4f 5f 54 43 41 53 5f 42 52 41 4b 49 4e 47 00 c3 00 00 00 72 00 6e 00 61 00 6c 00 30 ed 3f 1d c3 00 00 00 29 43 a0 64 64 96 00 fa 00 0a 00 04 04 04 03 03 04 32 09 09 32 0a 0a 46 0b 0b 64 0c 0c ff 00 00 64 00 00 00 01 00 02 00 01 3c 00 00 14 1e 37 4b 03 02 04 00 00 00 79 89 f3 f0
2026-06-27T15:13:26.000,1782553406000,1_1,arp,39220,out,fail,160661.0,02 07 57 04 27 00 00 00 0f 02 d3 ad 61 70 00 01 40 9c e5 47 d0 01 ac 04 1e 03 0d 00 00 00 00 00 09 66 c0 49 8b 06 9e
2026-06-27T15:13:26.000,1782553406000,1_1,dop1,39221,out,na,160661.0,0c 17 17 17 17 0c 0c 0c 0c 0c 17 17 17 17 17 17
2026-06-27T15:13:26.000,1782553406000,1_1,dop2,39222,out,na,160661.0,0c 17 17 17 17 0c 0c 0c 0c 0c 17 17 17 17 17 17
2026-06-27T15:13:26.000,1782553406000,1_1,dmi,39223,out,na,160661.0,aa aa 74 02 01 0a 6f 00 ac 35 00 00 00 00 00 00 00 00 00 00 1b 06 ea 07 0f 0d 1a 00 00 04 00 02 00 00 00 00 00 06 44 40 00 00 01 00 00 60 95 73 02 00 60 3b 42 02 00 00 80 1b 00 00 91 00 98 82 4d 00 0f 02 00 00 fa 00 00 00 80 00 b9 41 14 2d 6a 1d 00 10 00 00 00 00 00 00 89 01 00 00 f0 3c 00 f4 01 00 00 00 00 08 06 0f 00 00 01 00 22 ae 0f 61 bb bb
2026-06-27T15:13:26.000,1782553406000,1_1,dop1,39224,out,na,160661.0,0c 17 17 17 17 0c 0c 0c 0c 0c 17 17 17 17 17 17
2026-06-27T15:13:26.000,1782553406000,1_1,dop2,39225,out,na,160661.0,0c 17 17 17 17 0c 0c 0c 0c 0c 17 17 17 17 17 17
2026-06-27T15:13:27.000,1782553407000,1_1,dop1,39226,out,na,160661.0,0c 17 17 17 17 0c 0c 0c 0c 0c 17 17 17 17 17 17
2026-06-27T15:13:27.000,1782553407000,1_1,dop2,39227,out,na,160661.0,0c 17 17 17 17 0c 0c 0c 0c 0c 17 17 17 17 17 17
2026-06-27T15:13:27.000,1782553407000,1_1,slrp,39228,in,pass,160661.0,90 85 ac 30 04 1e 80 00 04 40 6f 8e 68 01 80 a0 ed 80 10 01 7c aa 02 87 80 d8 31 5c 4c 13 3b ec 54
2026-06-27T15:13:27.000,1782553407000,1_1,nms hlth,39229,out,pass,160661.0,02 06 0b 00 3f 00 00 00 bb bb 18 00 35 00 01 00 00 01 00 01 01 1b 06 1a 0f 0d 1b 09 00 01 01 00 02 01 00 0d 00 00 0e 00 00 0f 00 00 10 00 00 11 00 00 00 29 00 00 39 4a 67 19 26 5a 34 11 ac
2026-06-27T15:13:27.000,1782553407000,1_1,nms rssi,39230,out,pass,160661.0,02 06 0c 00 31 00 00 00 aa aa 20 00 29 00 01 00 00 01 00 01 01 1b 06 1a 0f 0d 1b 02 0f 00 00 06 02 73 35 00 00 00 00 06 02 73 35 00 00 23 f5 25 fc
2026-06-27T15:13:27.000,1782553407000,1_1,linfo,39231,,pass,160661.0,01 02 01 00 00 00 a0 00 b6 03 b6 03 02 16 16 02 05 05 05 02 1e 00 00 00 1e 00 00 01 02 05 08 0a 1e 00 19 0f 05 05 00 00 00 3f 5a 00 05 03 03 06 06 02 04 0a b4 00 3c 00 f0 00 b8 0b 0e 05 1e 0f 08 5a 0f 02 1e 00 05 00 1e 00 78 00 0f 50 00 64 00 2c 01 b8 0b f4 01 dc 05 0a c8 00 2c 01 32 32 32 1e 2c 01 58 02 b8 0b b8 0b 64 00 f4 01 64 00 0f 05 02 78 00 78 00 19 3c 3c 02 41 42 43 44 00 00 00 00 00 00 00 00 00 00 00 00 00 00 00 00 00 00 00 00 00 00 00 00 00 00 00 00 00 00 00 00 00 00 00 00 58 59 5a 41 00 00 00 00 00 00 00 00 00 00 00 00 00 00 00 00 00 00 00 00 00 00 00 00 00 00 00 00 00 00 00 00 00 00 00 00 01 00 00 7f 51 c3 00 00 01 00 00 7f 52 c3 00 00 c0 a8 a7 f4 01 70 17 03 28 02 0f 00 00 00 41 00 00 a0 40 66 66 86 40 66 66 66 40 00 00 00 00 fa 00 64 00 50 00 50 00 dc 05 64 00 32 00 00 00 03 00 c1 4a 13 f6 01 01 4c 4f 43 4f 5f 54 43 41 53 5f 42 52 41 4b 49 4e 47 00 c3 00 00 00 72 00 6e 00 61 00 6c 00 30 ed 3f 1d c3 00 00 00 29 43 a0 64 64 96 00 fa 00 0a 00 04 04 04 03 03 04 32 09 09 32 0a 0a 46 0b 0b 64 0c 0c ff 00 00 64 00 00 00 01 00 02 00 01 3c 00 00 14 1e 37 4b 03 02 04 00 00 00 79 89 f3 f0
2026-06-27T15:13:27.000,1782553407000,1_1,arp,39232,out,fail,160661.0,02 07 57 04 27 00 00 00 0f 02 d3 ad 61 80 00 01 40 9c e5 47 d0 01 ac 04 1e 03 0d 00 00 00 00 00 09 66 c0 ed 40 bc 14
2026-06-27T15:13:27.000,1782553407000,1_1,dop1,39233,out,na,160661.0,0c 17 17 17 17 0c 0c 0c 0c 0c 17 17 17 17 17 17
2026-06-27T15:13:27.000,1782553407000,1_1,dop2,39234,out,na,160661.0,0c 17 17 17 17 0c 0c 0c 0c 0c 17 17 17 17 17 17
2026-06-27T15:13:28.000,1782553408000,1_1,dmi,39235,out,na,160661.0,aa aa 74 02 01 0a 6f 00 cb 35 00 00 00 00 00 00 00 00 00 00 1b 06 ea 07 0f 0d 1c 00 00 04 00 02 00 00 00 00 00 06 44 40 00 00 01 00 00 60 95 73 02 00 60 3b 42 02 00 00 80 1b 00 00 91 00 98 82 4d 00 0f 02 00 00 fa 00 00 00 80 00 b9 41 14 2d 6a 1d 00 10 00 00 00 00 00 00 89 01 00 00 f0 3c 00 f4 01 00 00 00 00 08 06 0f 00 00 01 00 60 47 0a d9 bb bb
2026-06-27T15:13:28.000,1782553408000,1_1,dop1,39236,out,na,160661.0,0c 17 17 17 17 0c 0c 0c 0c 0c 17 17 17 17 17 17
2026-06-27T15:13:28.000,1782553408000,1_1,dop2,39237,out,na,160661.0,0c 17 17 17 17 0c 0c 0c 0c 0c 17 17 17 17 17 17
2026-06-27T15:13:28.000,1782553408000,1_1,dlsys,39238,in,fail,160661.0,0d 63 0a 05 09 01 50 01 00 00 00 00 d5 f7 b6 12
2026-06-27T15:13:28.000,1782553408000,1_1,lsrp,39239,out,fail,160661.0,02 07 0a 00 27 00 00 00 0f 02 a3 ad 61 90 00 01 40 9c e5 41 40 a0 7d 00 1a c0 34 0d 00 20 00 71 4f ad 5e 4f f8 a2 dd
2026-06-27T15:13:28.000,1782553408000,1_1,dop1,39240,out,na,160661.0,0c 17 17 17 17 0c 0c 0c 0c 0c 17 17 17 17 17 17
2026-06-27T15:13:28.000,1782553408000,1_1,dop2,39241,out,na,160661.0,0c 17 17 17 17 0c 0c 0c 0c 0c 17 17 17 17 17 17
2026-06-27T15:13:28.000,1782553408000,1_1,nms hlth,39242,out,pass,160661.0,02 06 0b 00 3f 00 00 00 bb bb 18 00 35 00 01 00 00 01 00 01 01 1b 06 1a 0f 0d 1c 09 00 01 01 00 02 01 00 0d 00 00 0e 00 00 0f 00 00 10 00 00 11 00 00 00 29 00 00 39 4a 67 19 26 da e9 e3 75
2026-06-27T15:13:28.000,1782553408000,1_1,nms rssi,39243,out,pass,160661.0,02 06 0c 00 31 00 00 00 aa aa 20 00 29 00 01 00 00 01 00 01 01 1b 06 1a 0f 0d 1c 02 0f 00 00 06 02 73 35 00 00 00 00 06 02 73 35 00 00 69 cb ae b7
2026-06-27T15:13:28.000,1782553408000,1_1,linfo,39244,,pass,160661.0,01 02 01 00 00 00 a0 00 b6 03 b6 03 02 16 16 02 05 05 05 02 1e 00 00 00 1e 00 00 01 02 05 08 0a 1e 00 19 0f 05 05 00 00 00 3f 5a 00 05 03 03 06 06 02 04 0a b4 00 3c 00 f0 00 b8 0b 0e 05 1e 0f 08 5a 0f 02 1e 00 05 00 1e 00 78 00 0f 50 00 64 00 2c 01 b8 0b f4 01 dc 05 0a c8 00 2c 01 32 32 32 1e 2c 01 58 02 b8 0b b8 0b 64 00 f4 01 64 00 0f 05 02 78 00 78 00 19 3c 3c 02 41 42 43 44 00 00 00 00 00 00 00 00 00 00 00 00 00 00 00 00 00 00 00 00 00 00 00 00 00 00 00 00 00 00 00 00 00 00 00 00 58 59 5a 41 00 00 00 00 00 00 00 00 00 00 00 00 00 00 00 00 00 00 00 00 00 00 00 00 00 00 00 00 00 00 00 00 00 00 00 00 01 00 00 7f 51 c3 00 00 01 00 00 7f 52 c3 00 00 c0 a8 a7 f4 01 70 17 03 28 02 0f 00 00 00 41 00 00 a0 40 66 66 86 40 66 66 66 40 00 00 00 00 fa 00 64 00 50 00 50 00 dc 05 64 00 32 00 00 00 03 00 c1 4a 13 f6 01 01 4c 4f 43 4f 5f 54 43 41 53 5f 42 52 41 4b 49 4e 47 00 c3 00 00 00 72 00 6e 00 61 00 6c 00 30 ed 3f 1d c3 00 00 00 29 43 a0 64 64 96 00 fa 00 0a 00 04 04 04 03 03 04 32 09 09 32 0a 0a 46 0b 0b 64 0c 0c ff 00 00 64 00 00 00 01 00 02 00 01 3c 00 00 14 1e 37 4b 03 02 04 00 00 00 79 89 f3 f0
2026-06-27T15:13:28.000,1782553408000,1_1,arp,39245,out,fail,160661.0,02 07 57 04 27 00 00 00 0f 02 d3 ad 61 90 00 01 40 9c e5 47 d0 01 ac 04 1e 03 0d 00 00 00 00 00 09 66 c0 44 b7 f6 55
2026-06-27T15:13:28.000,1782553408000,1_1,dop1,39246,out,na,160661.0,0c 17 17 17 17 0c 0c 0c 0c 0c 17 17 17 17 17 17
2026-06-27T15:13:28.000,1782553408000,1_1,dop2,39247,out,na,160661.0,0c 17 17 17 17 0c 0c 0c 0c 0c 17 17 17 17 17 17
2026-06-27T15:13:28.000,1782553408000,1_1,dmi,39248,out,na,160661.0,aa aa 74 02 01 0a 6f 00 ea 35 00 00 00 00 00 00 00 00 00 00 1b 06 ea 07 0f 0d 1c 00 00 04 00 02 00 00 00 00 00 06 44 40 00 00 01 00 00 60 95 73 02 00 60 3b 42 02 00 00 80 1b 00 00 91 00 98 82 4d 00 0f 02 00 00 fa 00 00 00 80 00 b9 41 14 2d 6a 1d 00 10 00 00 00 00 00 00 89 01 00 00 f0 3c 00 f4 01 00 00 00 00 08 06 0f 00 00 01 00 52 2d 31 de bb bb
2026-06-27T15:13:28.000,1782553408000,1_1,dop1,39249,out,na,160661.0,0c 17 17 17 17 0c 0c 0c 0c 0c 17 17 17 17 17 17
2026-06-27T15:13:28.000,1782553408000,1_1,dop2,39250,out,na,160661.0,0c 17 17 17 17 0c 0c 0c 0c 0c 17 17 17 17 17 17
2026-06-27T15:13:29.000,1782553409000,1_1,dop1,39251,out,na,160661.0,0c 17 17 17 17 0c 0c 0c 0c 0c 17 17 17 17 17 17
2026-06-27T15:13:29.000,1782553409000,1_1,dop2,39252,out,na,160661.0,0c 17 17 17 17 0c 0c 0c 0c 0c 17 17 17 17 17 17
2026-06-27T15:13:29.000,1782553409000,1_1,slrp,39253,in,pass,160661.0,90 85 ac 34 04 1e 80 00 04 40 6f 8e 68 01 80 a0 ed 80 10 01 7c aa 02 87 80 95 e3 ff 1e de 93 c4 c6
2026-06-27T15:13:29.000,1782553409000,1_1,nms hlth,39254,out,pass,160661.0,02 06 0b 00 3f 00 00 00 bb bb 18 00 35 00 01 00 00 01 00 01 01 1b 06 1a 0f 0d 1d 09 00 01 01 00 02 01 00 0d 00 00 0e 00 00 0f 00 00 10 00 00 11 00 00 00 29 00 00 39 4a 67 19 26 ec 1b 73 86
2026-06-27T15:13:29.000,1782553409000,1_1,nms rssi,39255,out,pass,160661.0,02 06 0c 00 31 00 00 00 aa aa 20 00 29 00 01 00 00 01 00 01 01 1b 06 1a 0f 0d 1d 02 0f 00 00 06 02 73 35 00 00 00 00 06 02 73 35 00 00 be 29 2e ef
2026-06-27T15:13:29.000,1782553409000,1_1,linfo,39256,,pass,160661.0,01 02 01 00 00 00 a0 00 b6 03 b6 03 02 16 16 02 05 05 05 02 1e 00 00 00 1e 00 00 01 02 05 08 0a 1e 00 19 0f 05 05 00 00 00 3f 5a 00 05 03 03 06 06 02 04 0a b4 00 3c 00 f0 00 b8 0b 0e 05 1e 0f 08 5a 0f 02 1e 00 05 00 1e 00 78 00 0f 50 00 64 00 2c 01 b8 0b f4 01 dc 05 0a c8 00 2c 01 32 32 32 1e 2c 01 58 02 b8 0b b8 0b 64 00 f4 01 64 00 0f 05 02 78 00 78 00 19 3c 3c 02 41 42 43 44 00 00 00 00 00 00 00 00 00 00 00 00 00 00 00 00 00 00 00 00 00 00 00 00 00 00 00 00 00 00 00 00 00 00 00 00 58 59 5a 41 00 00 00 00 00 00 00 00 00 00 00 00 00 00 00 00 00 00 00 00 00 00 00 00 00 00 00 00 00 00 00 00 00 00 00 00 01 00 00 7f 51 c3 00 00 01 00 00 7f 52 c3 00 00 c0 a8 a7 f4 01 70 17 03 28 02 0f 00 00 00 41 00 00 a0 40 66 66 86 40 66 66 66 40 00 00 00 00 fa 00 64 00 50 00 50 00 dc 05 64 00 32 00 00 00 03 00 c1 4a 13 f6 01 01 4c 4f 43 4f 5f 54 43 41 53 5f 42 52 41 4b 49 4e 47 00 c3 00 00 00 72 00 6e 00 61 00 6c 00 30 ed 3f 1d c3 00 00 00 29 43 a0 64 64 96 00 fa 00 0a 00 04 04 04 03 03 04 32 09 09 32 0a 0a 46 0b 0b 64 0c 0c ff 00 00 64 00 00 00 01 00 02 00 01 3c 00 00 14 1e 37 4b 03 02 04 00 00 00 79 89 f3 f0
2026-06-27T15:13:29.000,1782553409000,1_1,arp,39257,out,fail,160661.0,02 07 57 04 27 00 00 00 0f 02 d3 ad 61 a0 00 01 40 9c e5 47 d0 01 ac 04 1e 03 0d 00 00 00 00 00 09 66 c0 65 df 2e d7
2026-06-27T15:13:29.000,1782553409000,1_1,dop1,39258,out,na,160661.0,0c 17 17 17 17 0c 0c 0c 0c 0c 17 17 17 17 17 17
2026-06-27T15:13:29.000,1782553409000,1_1,dop2,39259,out,na,160661.0,0c 17 17 17 17 0c 0c 0c 0c 0c 17 17 17 17 17 17
2026-06-27T15:13:30.000,1782553410000,1_1,ccsys,39260,in,fail,160661.0,03 01 01 00 00 00 00 00 00 00 00 00 00 00 00 00 00 00 00 00 00 00 00 00 00 00 00 00 00 03 01 01 1e 1e 00 00 00 00 03 03 00 00 00 00 1c 1c 33 33 00 00 00 00
2026-06-27T15:13:30.000,1782553410000,1_1,dmi,39261,out,na,160661.0,aa aa 74 02 01 0a 6f 00 0a 36 00 00 00 00 00 00 00 00 00 00 1b 06 ea 07 0f 0d 1e 00 00 04 00 02 00 00 00 00 00 06 44 40 00 00 01 00 00 60 95 73 02 00 60 3b 42 02 00 00 80 1b 00 00 91 00 98 82 4d 00 0f 02 00 00 fa 00 00 00 80 00 b9 41 14 2d 6a 1d 00 10 00 00 00 00 00 00 89 01 00 00 f0 3c 00 f4 01 00 00 00 00 08 06 0f 00 00 01 00 33 53 c2 81 bb bb
2026-06-27T15:13:30.000,1782553410000,1_1,dop1,39262,out,na,160661.0,0c 17 17 17 17 0c 0c 0c 0c 0c 17 17 17 17 17 17
2026-06-27T15:13:30.000,1782553410000,1_1,dop2,39263,out,na,160661.0,0c 17 17 17 17 0c 0c 0c 0c 0c 17 17 17 17 17 17
2026-06-27T15:13:30.000,1782553410000,1_1,lsrp,39264,out,fail,160661.0,02 07 0a 00 27 00 00 00 0f 02 a3 ad 61 b0 00 01 40 9c e5 41 40 a0 7d 00 1a c0 34 0d 00 20 00 a6 a5 ff 0f 4c 70 ba fc
