@linfo_1_1 2026-10-09T10:00:00 4000 01 02 01 00 00 00 82 00 B6 03 B6 03 02 16 16 02 05 05 05 02 1E 00 00 00 1E 00 00 01 02 05 08 0A 1E 00 19 0F 05 05 00 00 80 3F 5A 00 05 03 03 06 06 02 04 0A B4 00 78 00 F0 00 B8 0B 0E 05 1E 07 08 5A 0F 02 03 00 05 00 1E 00 78 00 0F 50 00 2C 01 2C 01 B8 0B F4 01 DC 05 0A C8 00 2C 01 32 32 32 1E 2C 01 58 02 B8 0B B8 0B 64 00 F4 01 64 00 0F 05 02 78 00 78 00 19 3C 3C 02 41 42 43 44 00 00 00 00 00 00 00 00 00 00 00 00 00 00 00 00 00 00 00 00 00 00 00 00 00 00 00 00 00 00 00 00 00 00 00 00 58 59 5A 41 00 00 00 00 00 00 00 00 00 00 00 00 00 00 00 00 00 00 00 00 00 00 00 00 00 00 00 00 00 00 00 00 00 00 00 00 01 00 00 7F 51 C3 00 00 01 00 00 7F 52 C3 00 00 C0 A8 A7 F4 01 70 17 03 28 02 07 00 00 00 41 00 00 A0 40 66 66 86 40 66 66 66 40 00 00 00 00 FA 00 64 00 50 00 50 00 E8 03 90 01 32 00 00 00 00 03 00 A8 FC 63 92 01 01 4C 4F 43 4F 5F 54 43 41 53 5F 42 52 41 4B 49 4E 47 00 00 00 00 00 00 00 00 00 00 00 00 00 00 00 00 00 00 00 00 00 00 00 82 64 64 96 00 FA 00 0A 00 04 04 04 03 03 04 32 0A 0A 32 0A 0A 46 0A 0A 64 0A 0A FF 00 64 64 00 00 00 01 00 02 00 01 3C 00 05 3C 3C 4B 64 03 02 04 00 00 00 D3 E5 43 BE
@sos_1_1 2026-10-09T10:00:00 4001 01 00 01 00 00 00 A4 A4 07 00 A0 86 01 00 01 04 65 00 58 02 D0 07 C4 09 00 00 00 00 6E 00 01 01 00 00 00 08 00 00 00 00 00 00 00 00 00 00 00 00 00 00 00 00 00 00 00 00 00 00 00 00 00 00 00 08 02 00 00 00 00 00 00 00 00 00 00 00 00 00 00 00 00 00 00 00 00 00 00 00 00 00 00 00 00 00 00 00 00 00 00 00 00 00 00 00 00
@sos_1_1 2026-10-09T10:00:01 4002 01 00 02 00 00 00 8C A8 07 00 68 87 01 00 01 04 65 00 58 02 D0 07 C4 09 00 00 00 00 6E 00 01 01 00 00 00 08 00 00 00 00 00 00 00 00 00 00 00 00 00 00 00 00 00 00 00 00 00 00 00 00 00 00 00 08 02 00 00 00 00 00 00 00 00 00 00 00 00 00 00 00 00 00 00 00 00 00 00 00 00 00 00 00 00 00 00 00 00 00 00 00 00 00 00 00 00
@sosev_1_1 2026-10-09T10:00:02 4003 01 1C AA 07 00 02 00 00 00 01 00 00 02 00 00 00 E4 25 00 00 30 88 01 00 D0 07 04
@sos_1_1 2026-10-09T10:00:02 4004 01 00 03 00 00 00 74 AC 07 00 30 88 01 00 01 04 65 00 58 02 D0 07 C4 09 00 00 00 00 6E 00 01 01 00 00 00 08 01 00 00 00 00 00 00 00 00 00 00 00 00 00 00 00 00 00 00 00 00 00 00 00 00 00 00 08 02 00 00 00 00 00 00 00 00 00 00 00 00 00 00 00 00 00 00 00 00 00 00 00 00 00 00 00 00 00 00 00 00 00 00 00 00 00 00 00 00
@sossrc_1_1 2026-10-09T10:00:02 4005 01 03 00 00 00 00 02 00 00 00 58 02 00 00 A3 8C 00 00 00 04 00 00 02 2B 00 00 01 CA 00 00 00 02 2B 00 00 01 66 00 C2 01 E4 25 00 00 00 00 00 00 00 00 00 00 00 00 A6 1D
@sos_1_1 2026-10-09T10:00:03 4006 01 00 04 00 00 00 5C B0 07 00 F8 88 01 00 01 04 65 00 58 02 D0 07 C4 09 00 00 00 00 6E 00 01 01 00 00 00 08 01 00 00 00 00 00 00 00 00 00 00 00 00 00 00 00 00 00 00 00 00 00 00 00 00 00 00 08 02 00 00 00 00 00 00 00 00 00 00 00 00 00 00 00 00 00 00 00 00 00 00 00 00 00 00 00 00 00 00 00 00 00 00 00 00 00 00 00 00
@sossrc_1_1 2026-10-09T10:00:03 4007 01 04 00 00 00 00 02 00 00 00 40 06 00 00 A3 8C 00 00 00 04 00 00 02 2B 00 00 01 CA 00 00 00 02 2B 00 00 01 66 00 C2 01 E4 25 00 00 00 00 00 00 00 00 00 00 00 00 A6 1D
@sos_1_1 2026-10-09T10:00:04 4008 01 00 05 00 00 00 44 B4 07 00 C0 89 01 00 01 04 65 00 58 02 D0 07 C4 09 00 00 00 00 6E 00 01 01 00 00 00 08 01 00 00 00 00 00 00 00 00 00 00 00 00 00 00 00 00 00 00 00 00 00 00 00 00 00 00 08 02 00 00 00 00 00 00 00 00 00 00 00 00 00 00 00 00 00 00 00 00 00 00 00 00 00 00 00 00 00 00 00 00 00 00 00 00 00 00 00 00
@sossrc_1_1 2026-10-09T10:00:04 4009 01 05 00 00 00 00 02 00 00 00 58 02 00 00 A5 8C 00 00 00 04 00 00 02 2B 00 00 01 CA 00 00 00 02 2B 00 00 01 66 00 C2 01 54 24 00 00 00 00 00 00 00 00 00 00 00 00 A6 1D
@sos_1_1 2026-10-09T10:00:05 4010 01 00 06 00 00 00 2C B8 07 00 88 8A 01 00 01 04 65 00 58 02 D0 07 C4 09 00 00 00 00 6E 00 01 01 00 00 00 08 01 00 00 00 00 00 00 00 00 00 00 00 00 00 00 00 00 00 00 00 00 00 00 00 00 00 00 08 02 00 00 00 00 00 00 00 00 00 00 00 00 00 00 00 00 00 00 00 00 00 00 00 00 00 00 00 00 00 00 00 00 00 00 00 00 00 00 00 00
@sossrc_1_1 2026-10-09T10:00:05 4011 01 06 00 00 00 00 02 00 00 00 40 06 00 00 A5 8C 00 00 00 04 00 00 02 2B 00 00 01 CA 00 00 00 02 2B 00 00 01 66 00 C2 01 54 24 00 00 00 00 00 00 00 00 00 00 00 00 A6 1D
@sos_1_1 2026-10-09T10:00:06 4012 01 00 07 00 00 00 14 BC 07 00 50 8B 01 00 01 04 65 00 58 02 D0 07 C4 09 00 00 00 00 6E 00 01 01 00 00 00 08 01 00 00 00 00 00 00 00 00 00 00 00 00 00 00 00 00 00 00 00 00 00 00 00 00 00 00 08 02 00 00 00 00 00 00 00 00 00 00 00 00 00 00 00 00 00 00 00 00 00 00 00 00 00 00 00 00 00 00 00 00 00 00 00 00 00 00 00 00
@sossrc_1_1 2026-10-09T10:00:06 4013 01 07 00 00 00 00 02 00 00 00 58 02 00 00 A7 8C 00 00 00 04 00 00 02 2B 00 00 01 CA 00 00 00 02 2B 00 00 01 66 00 C2 01 C4 22 00 00 00 00 00 00 00 00 00 00 00 00 A6 1D
@sos_1_1 2026-10-09T10:00:07 4014 01 00 08 00 00 00 FC BF 07 00 18 8C 01 00 01 04 65 00 58 02 D0 07 C4 09 00 00 00 00 6E 00 01 01 00 00 00 08 01 00 00 00 00 00 00 00 00 00 00 00 00 00 00 00 00 00 00 00 00 00 00 00 00 00 00 08 02 00 00 00 00 00 00 00 00 00 00 00 00 00 00 00 00 00 00 00 00 00 00 00 00 00 00 00 00 00 00 00 00 00 00 00 00 00 00 00 00
@sossrc_1_1 2026-10-09T10:00:07 4015 01 08 00 00 00 00 02 00 00 00 40 06 00 00 A7 8C 00 00 00 04 00 00 02 2B 00 00 01 CA 00 00 00 02 2B 00 00 01 66 00 C2 01 C4 22 00 00 00 00 00 00 00 00 00 00 00 00 A6 1D
@sos_1_1 2026-10-09T10:00:08 4016 01 00 09 00 00 00 E4 C3 07 00 E0 8C 01 00 01 04 65 00 58 02 D0 07 C4 09 00 00 00 00 6E 00 01 01 00 00 00 08 01 00 00 00 00 00 00 00 00 00 00 00 00 00 00 00 00 00 00 00 00 00 00 00 00 00 00 08 02 00 00 00 00 00 00 00 00 00 00 00 00 00 00 00 00 00 00 00 00 00 00 00 00 00 00 00 00 00 00 00 00 00 00 00 00 00 00 00 00
@sossrc_1_1 2026-10-09T10:00:08 4017 01 09 00 00 00 00 02 00 00 00 58 02 00 00 A9 8C 00 00 00 04 00 00 02 2B 00 00 01 CA 00 00 00 02 2B 00 00 01 66 00 C2 01 34 21 00 00 00 00 00 00 00 00 00 00 00 00 A6 1D
@sos_1_1 2026-10-09T10:00:09 4018 01 00 0A 00 00 00 CC C7 07 00 A8 8D 01 00 01 04 65 00 58 02 D0 07 C4 09 00 00 00 00 6E 00 01 01 00 00 00 08 01 00 00 00 00 00 00 00 00 00 00 00 00 00 00 00 00 00 00 00 00 00 00 00 00 00 00 08 02 00 00 00 00 00 00 00 00 00 00 00 00 00 00 00 00 00 00 00 00 00 00 00 00 00 00 00 00 00 00 00 00 00 00 00 00 00 00 00 00
@sossrc_1_1 2026-10-09T10:00:09 4019 01 0A 00 00 00 00 02 00 00 00 40 06 00 00 A9 8C 00 00 00 04 00 00 02 2B 00 00 01 CA 00 00 00 02 2B 00 00 01 66 00 C2 01 34 21 00 00 00 00 00 00 00 00 00 00 00 00 A6 1D
@sosev_1_1 2026-10-09T10:00:10 4020 01 5C C9 07 00 0A 00 00 00 07 04 00 02 00 00 00 A4 1F 00 00 70 8E 01 00 D0 07 04
@sosev_1_1 2026-10-09T10:00:10 4021 01 5C C9 07 00 0A 00 00 00 0A 04 00 15 00 00 00 A4 1F 00 00 70 8E 01 00 D0 07 04
@sos_1_1 2026-10-09T10:00:10 4022 01 01 0B 00 00 00 5C C9 07 00 70 8E 01 00 01 04 65 00 58 02 D0 07 C4 09 00 00 00 00 6E 00 01 01 00 00 00 08 01 00 01 00 04 00 02 00 00 00 00 00 00 00 00 00 A4 1F 00 00 00 00 01 00 08 00 00 08 02 00 00 00 00 00 00 00 00 00 00 00 00 00 00 00 00 00 00 00 00 00 00 00 00 00 00 00 00 00 00 00 00 00 00 00 00 00 00 00 00
@sossrc_1_1 2026-10-09T10:00:10 4023 01 0B 00 00 00 00 02 00 00 00 00 00 00 00 AB 8C 00 00 02 04 00 00 02 2B 00 00 01 CA 00 00 00 02 2B 00 00 01 66 00 C2 01 A4 1F 00 00 A4 1F 00 00 00 00 00 00 01 01 A6 1D
@sos_1_1 2026-10-09T10:00:10 4024 01 00 0C 00 00 00 B4 CB 07 00 70 8E 01 00 01 04 65 00 58 02 D0 07 C4 09 00 00 00 00 6E 00 01 01 00 00 00 08 01 00 01 00 04 00 02 00 00 00 00 00 00 00 00 00 A4 1F 00 00 00 00 01 00 08 00 00 08 02 00 00 00 00 00 00 00 00 00 00 00 00 00 00 00 00 00 00 00 00 00 00 00 00 00 00 00 00 00 00 00 00 00 00 00 00 00 00 00 00
@sossrc_1_1 2026-10-09T10:00:10 4025 01 0C 00 00 00 00 02 00 00 00 58 02 00 00 AB 8C 00 00 02 04 00 00 02 2B 00 00 01 CA 00 00 00 02 2B 00 00 01 66 00 C2 01 A4 1F 00 00 A4 1F 00 00 00 00 00 00 01 01 A6 1D
@sos_1_1 2026-10-09T10:00:11 4026 01 00 0D 00 00 00 9C CF 07 00 38 8F 01 00 01 04 65 00 58 02 D0 07 C4 09 00 00 00 00 6E 00 01 01 00 00 00 08 01 00 01 00 04 00 02 00 00 00 00 00 00 00 00 00 DC 1E 00 00 00 00 01 00 08 00 00 08 02 00 00 00 00 00 00 00 00 00 00 00 00 00 00 00 00 00 00 00 00 00 00 00 00 00 00 00 00 00 00 00 00 00 00 00 00 00 00 00 00
@sossrc_1_1 2026-10-09T10:00:11 4027 01 0D 00 00 00 00 02 00 00 00 40 06 00 00 AB 8C 00 00 02 04 00 00 02 2B 00 00 01 CA 00 00 00 02 2B 00 00 01 66 00 C2 01 DC 1E 00 00 DC 1E 00 00 00 00 00 00 01 01 A6 1D
@sos_1_1 2026-10-09T10:00:12 4028 01 01 0E 00 00 00 2C D1 07 00 00 90 01 00 01 04 65 00 58 02 D0 07 C4 09 00 00 00 00 6E 00 01 01 00 00 00 08 01 00 01 00 04 00 02 00 00 00 00 00 00 00 00 00 14 1E 00 00 00 00 01 00 08 00 00 08 02 00 00 00 00 00 00 00 00 00 00 00 00 00 00 00 00 00 00 00 00 00 00 00 00 00 00 00 00 00 00 00 00 00 00 00 00 00 00 00 00
@sossrc_1_1 2026-10-09T10:00:12 4029 01 0E 00 00 00 00 02 00 00 00 00 00 00 00 AD 8C 00 00 02 04 00 00 02 2B 00 00 01 CA 00 00 00 02 2B 00 00 01 66 00 C2 01 14 1E 00 00 14 1E 00 00 00 00 00 00 01 01 A6 1D
@sos_1_1 2026-10-09T10:00:12 4030 01 00 0F 00 00 00 84 D3 07 00 00 90 01 00 01 04 65 00 58 02 D0 07 C4 09 00 00 00 00 6E 00 01 01 00 00 00 08 01 00 01 00 04 00 02 00 00 00 00 00 00 00 00 00 14 1E 00 00 00 00 01 00 08 00 00 08 02 00 00 00 00 00 00 00 00 00 00 00 00 00 00 00 00 00 00 00 00 00 00 00 00 00 00 00 00 00 00 00 00 00 00 00 00 00 00 00 00
@sossrc_1_1 2026-10-09T10:00:12 4031 01 0F 00 00 00 00 02 00 00 00 58 02 00 00 AD 8C 00 00 02 04 00 00 02 2B 00 00 01 CA 00 00 00 02 2B 00 00 01 66 00 C2 01 14 1E 00 00 14 1E 00 00 00 00 00 00 01 01 A6 1D
@sos_1_1 2026-10-09T10:00:13 4032 01 00 10 00 00 00 6C D7 07 00 C8 90 01 00 01 04 65 00 58 02 D0 07 C4 09 00 00 00 00 6E 00 01 01 00 00 00 08 01 00 01 00 04 00 02 00 00 00 00 00 00 00 00 00 4C 1D 00 00 00 00 01 00 08 00 00 08 02 00 00 00 00 00 00 00 00 00 00 00 00 00 00 00 00 00 00 00 00 00 00 00 00 00 00 00 00 00 00 00 00 00 00 00 00 00 00 00 00
@sossrc_1_1 2026-10-09T10:00:13 4033 01 10 00 00 00 00 02 00 00 00 40 06 00 00 AD 8C 00 00 02 04 00 00 02 2B 00 00 01 CA 00 00 00 02 2B 00 00 01 66 00 C2 01 4C 1D 00 00 4C 1D 00 00 00 00 00 00 01 01 A6 1D
@sos_1_1 2026-10-09T10:00:14 4034 01 01 11 00 00 00 FC D8 07 00 90 91 01 00 01 04 65 00 58 02 D0 07 C4 09 00 00 00 00 6E 00 01 01 00 00 00 08 01 00 01 00 04 00 02 00 00 00 00 00 00 00 00 00 84 1C 00 00 00 00 01 00 08 00 00 08 02 00 00 00 00 00 00 00 00 00 00 00 00 00 00 00 00 00 00 00 00 00 00 00 00 00 00 00 00 00 00 00 00 00 00 00 00 00 00 00 00
@sossrc_1_1 2026-10-09T10:00:14 4035 01 11 00 00 00 00 02 00 00 00 00 00 00 00 AF 8C 00 00 02 04 00 00 02 2B 00 00 01 CA 00 00 00 02 2B 00 00 01 66 00 C2 01 84 1C 00 00 84 1C 00 00 00 00 00 00 01 01 A6 1D
@sos_1_1 2026-10-09T10:00:14 4036 01 00 12 00 00 00 54 DB 07 00 90 91 01 00 01 04 65 00 58 02 D0 07 C4 09 00 00 00 00 6E 00 01 01 00 00 00 08 01 00 01 00 04 00 02 00 00 00 00 00 00 00 00 00 84 1C 00 00 00 00 01 00 08 00 00 08 02 00 00 00 00 00 00 00 00 00 00 00 00 00 00 00 00 00 00 00 00 00 00 00 00 00 00 00 00 00 00 00 00 00 00 00 00 00 00 00 00
@sossrc_1_1 2026-10-09T10:00:14 4037 01 12 00 00 00 00 02 00 00 00 58 02 00 00 AF 8C 00 00 02 04 00 00 02 2B 00 00 01 CA 00 00 00 02 2B 00 00 01 66 00 C2 01 84 1C 00 00 84 1C 00 00 00 00 00 00 01 01 A6 1D
@sos_1_1 2026-10-09T10:00:15 4038 01 00 13 00 00 00 3C DF 07 00 58 92 01 00 01 04 65 00 58 02 D0 07 C4 09 00 00 00 00 6E 00 01 01 00 00 00 08 01 00 01 00 04 00 02 00 00 00 00 00 00 00 00 00 BC 1B 00 00 00 00 01 00 08 00 00 08 02 00 00 00 00 00 00 00 00 00 00 00 00 00 00 00 00 00 00 00 00 00 00 00 00 00 00 00 00 00 00 00 00 00 00 00 00 00 00 00 00
@sossrc_1_1 2026-10-09T10:00:15 4039 01 13 00 00 00 00 02 00 00 00 40 06 00 00 AF 8C 00 00 02 04 00 00 02 2B 00 00 01 CA 00 00 00 02 2B 00 00 01 66 00 C2 01 BC 1B 00 00 BC 1B 00 00 00 00 00 00 01 01 A6 1D
@sos_1_1 2026-10-09T10:00:16 4040 01 01 14 00 00 00 CC E0 07 00 20 93 01 00 01 04 65 00 58 02 D0 07 C4 09 00 00 00 00 6E 00 01 01 00 00 00 08 01 00 01 00 04 00 02 00 00 00 00 00 00 00 00 00 F4 1A 00 00 00 00 01 00 08 00 00 08 02 00 00 00 00 00 00 00 00 00 00 00 00 00 00 00 00 00 00 00 00 00 00 00 00 00 00 00 00 00 00 00 00 00 00 00 00 00 00 00 00
@sossrc_1_1 2026-10-09T10:00:16 4041 01 14 00 00 00 00 02 00 00 00 00 00 00 00 B1 8C 00 00 02 04 00 00 02 2B 00 00 01 CA 00 00 00 02 2B 00 00 01 66 00 C2 01 F4 1A 00 00 F4 1A 00 00 00 00 00 00 01 01 A6 1D
@sos_1_1 2026-10-09T10:00:16 4042 01 00 15 00 00 00 24 E3 07 00 20 93 01 00 01 04 65 00 58 02 D0 07 C4 09 00 00 00 00 6E 00 01 01 00 00 00 08 01 00 01 00 04 00 02 00 00 00 00 00 00 00 00 00 F4 1A 00 00 00 00 01 00 08 00 00 08 02 00 00 00 00 00 00 00 00 00 00 00 00 00 00 00 00 00 00 00 00 00 00 00 00 00 00 00 00 00 00 00 00 00 00 00 00 00 00 00 00
@sossrc_1_1 2026-10-09T10:00:16 4043 01 15 00 00 00 00 02 00 00 00 58 02 00 00 B1 8C 00 00 02 04 00 00 02 2B 00 00 01 CA 00 00 00 02 2B 00 00 01 66 00 C2 01 F4 1A 00 00 F4 1A 00 00 00 00 00 00 01 01 A6 1D
@sos_1_1 2026-10-09T10:00:17 4044 01 00 16 00 00 00 0C E7 07 00 E8 93 01 00 01 04 65 00 58 02 D0 07 C4 09 00 00 00 00 6E 00 01 01 00 00 00 08 01 00 01 00 04 00 02 00 00 00 00 00 00 00 00 00 2C 1A 00 00 00 00 01 00 08 00 00 08 02 00 00 00 00 00 00 00 00 00 00 00 00 00 00 00 00 00 00 00 00 00 00 00 00 00 00 00 00 00 00 00 00 00 00 00 00 00 00 00 00
@sossrc_1_1 2026-10-09T10:00:17 4045 01 16 00 00 00 00 02 00 00 00 40 06 00 00 B1 8C 00 00 02 04 00 00 02 2B 00 00 01 CA 00 00 00 02 2B 00 00 01 66 00 C2 01 2C 1A 00 00 2C 1A 00 00 00 00 00 00 01 01 A6 1D
@sos_1_1 2026-10-09T10:00:18 4046 01 01 17 00 00 00 9C E8 07 00 B0 94 01 00 01 04 65 00 58 02 D0 07 C4 09 00 00 00 00 6E 00 01 01 00 00 00 08 01 00 01 00 04 00 02 00 00 00 00 00 00 00 00 00 64 19 00 00 00 00 01 00 08 00 00 08 02 00 00 00 00 00 00 00 00 00 00 00 00 00 00 00 00 00 00 00 00 00 00 00 00 00 00 00 00 00 00 00 00 00 00 00 00 00 00 00 00
@sossrc_1_1 2026-10-09T10:00:18 4047 01 17 00 00 00 00 02 00 00 00 00 00 00 00 B3 8C 00 00 02 04 00 00 02 2B 00 00 01 CA 00 00 00 02 2B 00 00 01 66 00 C2 01 64 19 00 00 64 19 00 00 00 00 00 00 01 01 A6 1D
@sos_1_1 2026-10-09T10:00:18 4048 01 00 18 00 00 00 F4 EA 07 00 B0 94 01 00 01 04 65 00 58 02 D0 07 C4 09 00 00 00 00 6E 00 01 01 00 00 00 08 01 00 01 00 04 00 02 00 00 00 00 00 00 00 00 00 64 19 00 00 00 00 01 00 08 00 00 08 02 00 00 00 00 00 00 00 00 00 00 00 00 00 00 00 00 00 00 00 00 00 00 00 00 00 00 00 00 00 00 00 00 00 00 00 00 00 00 00 00
@sossrc_1_1 2026-10-09T10:00:18 4049 01 18 00 00 00 00 02 00 00 00 58 02 00 00 B3 8C 00 00 02 04 00 00 02 2B 00 00 01 CA 00 00 00 02 2B 00 00 01 66 00 C2 01 64 19 00 00 64 19 00 00 00 00 00 00 01 01 A6 1D
@sos_1_1 2026-10-09T10:00:19 4050 01 00 19 00 00 00 DC EE 07 00 78 95 01 00 01 04 65 00 58 02 D0 07 C4 09 00 00 00 00 6E 00 01 01 00 00 00 08 01 00 01 00 04 00 02 00 00 00 00 00 00 00 00 00 9C 18 00 00 00 00 01 00 08 00 00 08 02 00 00 00 00 00 00 00 00 00 00 00 00 00 00 00 00 00 00 00 00 00 00 00 00 00 00 00 00 00 00 00 00 00 00 00 00 00 00 00 00
@sossrc_1_1 2026-10-09T10:00:19 4051 01 19 00 00 00 00 02 00 00 00 40 06 00 00 B3 8C 00 00 02 04 00 00 02 2B 00 00 01 CA 00 00 00 02 2B 00 00 01 66 00 C2 01 9C 18 00 00 9C 18 00 00 00 00 00 00 01 01 A6 1D
@sos_1_1 2026-10-09T10:00:20 4052 01 01 1A 00 00 00 6C F0 07 00 40 96 01 00 01 04 65 00 58 02 D0 07 C4 09 00 00 00 00 6E 00 01 01 00 00 00 08 01 00 01 00 04 00 02 00 00 00 00 00 00 00 00 00 D4 17 00 00 00 00 01 00 08 00 00 08 02 00 00 00 00 00 00 00 00 00 00 00 00 00 00 00 00 00 00 00 00 00 00 00 00 00 00 00 00 00 00 00 00 00 00 00 00 00 00 00 00
@sossrc_1_1 2026-10-09T10:00:20 4053 01 1A 00 00 00 00 02 00 00 00 00 00 00 00 B5 8C 00 00 02 04 00 00 02 2B 00 00 01 CA 00 00 00 02 2B 00 00 01 66 00 C2 01 D4 17 00 00 D4 17 00 00 00 00 00 00 01 01 A6 1D
@sos_1_1 2026-10-09T10:00:20 4054 01 00 1B 00 00 00 C4 F2 07 00 40 96 01 00 01 04 65 00 58 02 D0 07 C4 09 00 00 00 00 6E 00 01 01 00 00 00 08 01 00 01 00 04 00 02 00 00 00 00 00 00 00 00 00 D4 17 00 00 00 00 01 00 08 00 00 08 02 00 00 00 00 00 00 00 00 00 00 00 00 00 00 00 00 00 00 00 00 00 00 00 00 00 00 00 00 00 00 00 00 00 00 00 00 00 00 00 00
@sossrc_1_1 2026-10-09T10:00:20 4055 01 1B 00 00 00 00 02 00 00 00 58 02 00 00 B5 8C 00 00 02 04 00 00 02 2B 00 00 01 CA 00 00 00 02 2B 00 00 01 66 00 C2 01 D4 17 00 00 D4 17 00 00 00 00 00 00 01 01 A6 1D
@sos_1_1 2026-10-09T10:00:21 4056 01 00 1C 00 00 00 AC F6 07 00 08 97 01 00 01 04 65 00 58 02 D0 07 C4 09 00 00 00 00 6E 00 01 01 00 00 00 08 01 00 01 00 04 00 02 00 00 00 00 00 00 00 00 00 0C 17 00 00 00 00 01 00 08 00 00 08 02 00 00 00 00 00 00 00 00 00 00 00 00 00 00 00 00 00 00 00 00 00 00 00 00 00 00 00 00 00 00 00 00 00 00 00 00 00 00 00 00
@sossrc_1_1 2026-10-09T10:00:21 4057 01 1C 00 00 00 00 02 00 00 00 40 06 00 00 B5 8C 00 00 02 04 00 00 02 2B 00 00 01 CA 00 00 00 02 2B 00 00 01 66 00 C2 01 0C 17 00 00 0C 17 00 00 00 00 00 00 01 01 A6 1D
@sos_1_1 2026-10-09T10:00:22 4058 01 01 1D 00 00 00 3C F8 07 00 D0 97 01 00 01 04 65 00 58 02 D0 07 C4 09 00 00 00 00 6E 00 01 01 00 00 00 08 01 00 01 00 04 00 02 00 00 00 00 00 00 00 00 00 44 16 00 00 00 00 01 00 08 00 00 08 02 00 00 00 00 00 00 00 00 00 00 00 00 00 00 00 00 00 00 00 00 00 00 00 00 00 00 00 00 00 00 00 00 00 00 00 00 00 00 00 00
@sossrc_1_1 2026-10-09T10:00:22 4059 01 1D 00 00 00 00 02 00 00 00 00 00 00 00 B7 8C 00 00 02 04 00 00 02 2B 00 00 01 CA 00 00 00 02 2B 00 00 01 66 00 C2 01 44 16 00 00 44 16 00 00 00 00 00 00 01 01 A6 1D
@sos_1_1 2026-10-09T10:00:22 4060 01 00 1E 00 00 00 94 FA 07 00 D0 97 01 00 01 04 65 00 58 02 D0 07 C4 09 00 00 00 00 6E 00 01 01 00 00 00 08 01 00 01 00 04 00 02 00 00 00 00 00 00 00 00 00 44 16 00 00 00 00 01 00 08 00 00 08 02 00 00 00 00 00 00 00 00 00 00 00 00 00 00 00 00 00 00 00 00 00 00 00 00 00 00 00 00 00 00 00 00 00 00 00 00 00 00 00 00
@sossrc_1_1 2026-10-09T10:00:22 4061 01 1E 00 00 00 00 02 00 00 00 58 02 00 00 B7 8C 00 00 02 04 00 00 02 2B 00 00 01 CA 00 00 00 02 2B 00 00 01 66 00 C2 01 44 16 00 00 44 16 00 00 00 00 00 00 01 01 A6 1D
@sos_1_1 2026-10-09T10:00:23 4062 01 00 1F 00 00 00 7C FE 07 00 98 98 01 00 01 04 65 00 58 02 D0 07 C4 09 00 00 00 00 6E 00 01 01 00 00 00 08 01 00 01 00 04 00 02 00 00 00 00 00 00 00 00 00 7C 15 00 00 00 00 01 00 08 00 00 08 02 00 00 00 00 00 00 00 00 00 00 00 00 00 00 00 00 00 00 00 00 00 00 00 00 00 00 00 00 00 00 00 00 00 00 00 00 00 00 00 00
@sossrc_1_1 2026-10-09T10:00:23 4063 01 1F 00 00 00 00 02 00 00 00 40 06 00 00 B7 8C 00 00 02 04 00 00 02 2B 00 00 01 CA 00 00 00 02 2B 00 00 01 66 00 C2 01 7C 15 00 00 7C 15 00 00 00 00 00 00 01 01 A6 1D
@sos_1_1 2026-10-09T10:00:24 4064 01 01 20 00 00 00 0C 00 08 00 60 99 01 00 01 04 65 00 58 02 D0 07 C4 09 00 00 00 00 6E 00 01 01 00 00 00 08 01 00 01 00 04 00 02 00 00 00 00 00 00 00 00 00 B4 14 00 00 00 00 01 00 08 00 00 08 02 00 00 00 00 00 00 00 00 00 00 00 00 00 00 00 00 00 00 00 00 00 00 00 00 00 00 00 00 00 00 00 00 00 00 00 00 00 00 00 00
@sossrc_1_1 2026-10-09T10:00:24 4065 01 20 00 00 00 00 02 00 00 00 00 00 00 00 B9 8C 00 00 02 04 00 00 02 2B 00 00 01 CA 00 00 00 02 2B 00 00 01 66 00 C2 01 B4 14 00 00 B4 14 00 00 00 00 00 00 01 01 A6 1D
@sos_1_1 2026-10-09T10:00:24 4066 01 00 21 00 00 00 64 02 08 00 60 99 01 00 01 04 65 00 58 02 D0 07 C4 09 00 00 00 00 6E 00 01 01 00 00 00 08 01 00 01 00 04 00 02 00 00 00 00 00 00 00 00 00 B4 14 00 00 00 00 01 00 08 00 00 08 02 00 00 00 00 00 00 00 00 00 00 00 00 00 00 00 00 00 00 00 00 00 00 00 00 00 00 00 00 00 00 00 00 00 00 00 00 00 00 00 00
@sossrc_1_1 2026-10-09T10:00:24 4067 01 21 00 00 00 00 02 00 00 00 58 02 00 00 B9 8C 00 00 02 04 00 00 02 2B 00 00 01 CA 00 00 00 02 2B 00 00 01 66 00 C2 01 B4 14 00 00 B4 14 00 00 00 00 00 00 01 01 A6 1D
@sos_1_1 2026-10-09T10:00:25 4068 01 00 22 00 00 00 4C 06 08 00 28 9A 01 00 01 04 65 00 58 02 D0 07 C4 09 00 00 00 00 6E 00 01 01 00 00 00 08 01 00 01 00 04 00 02 00 00 00 00 00 00 00 00 00 EC 13 00 00 00 00 01 00 08 00 00 08 02 00 00 00 00 00 00 00 00 00 00 00 00 00 00 00 00 00 00 00 00 00 00 00 00 00 00 00 00 00 00 00 00 00 00 00 00 00 00 00 00
@sossrc_1_1 2026-10-09T10:00:25 4069 01 22 00 00 00 00 02 00 00 00 40 06 00 00 B9 8C 00 00 02 04 00 00 02 2B 00 00 01 CA 00 00 00 02 2B 00 00 01 66 00 C2 01 EC 13 00 00 EC 13 00 00 00 00 00 00 01 01 A6 1D
@sos_1_1 2026-10-09T10:00:26 4070 01 01 23 00 00 00 DC 07 08 00 F0 9A 01 00 01 04 65 00 58 02 D0 07 C4 09 00 00 00 00 6E 00 01 01 00 00 00 08 01 00 01 00 04 00 02 00 00 00 00 00 00 00 00 00 24 13 00 00 00 00 01 00 08 00 00 08 02 00 00 00 00 00 00 00 00 00 00 00 00 00 00 00 00 00 00 00 00 00 00 00 00 00 00 00 00 00 00 00 00 00 00 00 00 00 00 00 00
@sossrc_1_1 2026-10-09T10:00:26 4071 01 23 00 00 00 00 02 00 00 00 00 00 00 00 BB 8C 00 00 02 04 00 00 02 2B 00 00 01 CA 00 00 00 02 2B 00 00 01 66 00 C2 01 24 13 00 00 24 13 00 00 00 00 00 00 01 01 A6 1D
@sos_1_1 2026-10-09T10:00:26 4072 01 00 24 00 00 00 34 0A 08 00 F0 9A 01 00 01 04 65 00 58 02 D0 07 C4 09 00 00 00 00 6E 00 01 01 00 00 00 08 01 00 01 00 04 00 02 00 00 00 00 00 00 00 00 00 24 13 00 00 00 00 01 00 08 00 00 08 02 00 00 00 00 00 00 00 00 00 00 00 00 00 00 00 00 00 00 00 00 00 00 00 00 00 00 00 00 00 00 00 00 00 00 00 00 00 00 00 00
@sossrc_1_1 2026-10-09T10:00:26 4073 01 24 00 00 00 00 02 00 00 00 58 02 00 00 BB 8C 00 00 02 04 00 00 02 2B 00 00 01 CA 00 00 00 02 2B 00 00 01 66 00 C2 01 24 13 00 00 24 13 00 00 00 00 00 00 01 01 A6 1D
@sos_1_1 2026-10-09T10:00:27 4074 01 00 25 00 00 00 1C 0E 08 00 B8 9B 01 00 01 04 65 00 58 02 D0 07 C4 09 00 00 00 00 6E 00 01 01 00 00 00 08 01 00 01 00 04 00 02 00 00 00 00 00 00 00 00 00 5C 12 00 00 00 00 01 00 08 00 00 08 02 00 00 00 00 00 00 00 00 00 00 00 00 00 00 00 00 00 00 00 00 00 00 00 00 00 00 00 00 00 00 00 00 00 00 00 00 00 00 00 00
@sossrc_1_1 2026-10-09T10:00:27 4075 01 25 00 00 00 00 02 00 00 00 40 06 00 00 BB 8C 00 00 02 04 00 00 02 2B 00 00 01 CA 00 00 00 02 2B 00 00 01 66 00 C2 01 5C 12 00 00 5C 12 00 00 00 00 00 00 01 01 A6 1D
@sos_1_1 2026-10-09T10:00:28 4076 01 01 26 00 00 00 AC 0F 08 00 80 9C 01 00 01 04 65 00 58 02 D0 07 C4 09 00 00 00 00 6E 00 01 01 00 00 00 08 01 00 01 00 04 00 02 00 00 00 00 00 00 00 00 00 94 11 00 00 00 00 01 00 08 00 00 08 02 00 00 00 00 00 00 00 00 00 00 00 00 00 00 00 00 00 00 00 00 00 00 00 00 00 00 00 00 00 00 00 00 00 00 00 00 00 00 00 00
@sossrc_1_1 2026-10-09T10:00:28 4077 01 26 00 00 00 00 02 00 00 00 00 00 00 00 BD 8C 00 00 02 04 00 00 02 2B 00 00 01 CA 00 00 00 02 2B 00 00 01 66 00 C2 01 94 11 00 00 94 11 00 00 00 00 00 00 01 01 A6 1D
@sos_1_1 2026-10-09T10:00:28 4078 01 00 27 00 00 00 04 12 08 00 80 9C 01 00 01 04 65 00 58 02 D0 07 C4 09 00 00 00 00 6E 00 01 01 00 00 00 08 01 00 01 00 04 00 02 00 00 00 00 00 00 00 00 00 94 11 00 00 00 00 01 00 08 00 00 08 02 00 00 00 00 00 00 00 00 00 00 00 00 00 00 00 00 00 00 00 00 00 00 00 00 00 00 00 00 00 00 00 00 00 00 00 00 00 00 00 00
@sossrc_1_1 2026-10-09T10:00:28 4079 01 27 00 00 00 00 02 00 00 00 58 02 00 00 BD 8C 00 00 02 04 00 00 02 2B 00 00 01 CA 00 00 00 02 2B 00 00 01 66 00 C2 01 94 11 00 00 94 11 00 00 00 00 00 00 01 01 A6 1D
@sos_1_1 2026-10-09T10:00:29 4080 01 00 28 00 00 00 EC 15 08 00 48 9D 01 00 01 04 65 00 58 02 D0 07 C4 09 00 00 00 00 6E 00 01 01 00 00 00 08 01 00 01 00 04 00 02 00 00 00 00 00 00 00 00 00 CC 10 00 00 00 00 01 00 08 00 00 08 02 00 00 00 00 00 00 00 00 00 00 00 00 00 00 00 00 00 00 00 00 00 00 00 00 00 00 00 00 00 00 00 00 00 00 00 00 00 00 00 00
@sossrc_1_1 2026-10-09T10:00:29 4081 01 28 00 00 00 00 02 00 00 00 40 06 00 00 BD 8C 00 00 02 04 00 00 02 2B 00 00 01 CA 00 00 00 02 2B 00 00 01 66 00 C2 01 CC 10 00 00 CC 10 00 00 00 00 00 00 01 01 A6 1D
@sos_1_1 2026-10-09T10:00:30 4082 01 01 29 00 00 00 7C 17 08 00 10 9E 01 00 01 04 65 00 58 02 D0 07 C4 09 00 00 00 00 6E 00 01 01 00 00 00 08 01 00 01 00 04 00 02 00 00 00 00 00 00 00 00 00 04 10 00 00 00 00 01 00 08 00 00 08 02 00 00 00 00 00 00 00 00 00 00 00 00 00 00 00 00 00 00 00 00 00 00 00 00 00 00 00 00 00 00 00 00 00 00 00 00 00 00 00 00
@sossrc_1_1 2026-10-09T10:00:30 4083 01 29 00 00 00 00 02 00 00 00 00 00 00 00 BF 8C 00 00 02 04 00 00 02 2B 00 00 01 CA 00 00 00 02 2B 00 00 01 66 00 C2 01 04 10 00 00 04 10 00 00 00 00 00 00 01 01 A6 1D
@sos_1_1 2026-10-09T10:00:30 4084 01 00 2A 00 00 00 D4 19 08 00 10 9E 01 00 01 04 65 00 58 02 D0 07 C4 09 00 00 00 00 6E 00 01 01 00 00 00 08 01 00 01 00 04 00 02 00 00 00 00 00 00 00 00 00 04 10 00 00 00 00 01 00 08 00 00 08 02 00 00 00 00 00 00 00 00 00 00 00 00 00 00 00 00 00 00 00 00 00 00 00 00 00 00 00 00 00 00 00 00 00 00 00 00 00 00 00 00
@sossrc_1_1 2026-10-09T10:00:30 4085 01 2A 00 00 00 00 02 00 00 00 58 02 00 00 BF 8C 00 00 02 04 00 00 02 2B 00 00 01 CA 00 00 00 02 2B 00 00 01 66 00 C2 01 04 10 00 00 04 10 00 00 00 00 00 00 01 01 A6 1D
@sos_1_1 2026-10-09T10:00:31 4086 01 00 2B 00 00 00 BC 1D 08 00 D8 9E 01 00 01 04 65 00 58 02 D0 07 C4 09 00 00 00 00 6E 00 01 01 00 00 00 08 01 00 01 00 04 00 02 00 00 00 00 00 00 00 00 00 3C 0F 00 00 00 00 01 00 08 00 00 08 02 00 00 00 00 00 00 00 00 00 00 00 00 00 00 00 00 00 00 00 00 00 00 00 00 00 00 00 00 00 00 00 00 00 00 00 00 00 00 00 00
@sossrc_1_1 2026-10-09T10:00:31 4087 01 2B 00 00 00 00 02 00 00 00 40 06 00 00 BF 8C 00 00 02 04 00 00 02 2B 00 00 01 CA 00 00 00 02 2B 00 00 01 66 00 C2 01 3C 0F 00 00 3C 0F 00 00 00 00 00 00 01 01 A6 1D
@sos_1_1 2026-10-09T10:00:32 4088 01 01 2C 00 00 00 4C 1F 08 00 A0 9F 01 00 01 04 65 00 58 02 D0 07 C4 09 00 00 00 00 6E 00 01 01 00 00 00 08 01 00 01 00 04 00 02 00 00 00 00 00 00 00 00 00 74 0E 00 00 00 00 01 00 08 00 00 08 02 00 00 00 00 00 00 00 00 00 00 00 00 00 00 00 00 00 00 00 00 00 00 00 00 00 00 00 00 00 00 00 00 00 00 00 00 00 00 00 00
@sossrc_1_1 2026-10-09T10:00:32 4089 01 2C 00 00 00 00 02 00 00 00 00 00 00 00 C1 8C 00 00 02 04 00 00 02 2B 00 00 01 CA 00 00 00 02 2B 00 00 01 66 00 C2 01 74 0E 00 00 74 0E 00 00 00 00 00 00 01 01 A6 1D
@sos_1_1 2026-10-09T10:00:32 4090 01 00 2D 00 00 00 A4 21 08 00 A0 9F 01 00 01 04 65 00 58 02 D0 07 C4 09 00 00 00 00 6E 00 01 01 00 00 00 08 01 00 01 00 04 00 02 00 00 00 00 00 00 00 00 00 74 0E 00 00 00 00 01 00 08 00 00 08 02 00 00 00 00 00 00 00 00 00 00 00 00 00 00 00 00 00 00 00 00 00 00 00 00 00 00 00 00 00 00 00 00 00 00 00 00 00 00 00 00
@sossrc_1_1 2026-10-09T10:00:32 4091 01 2D 00 00 00 00 02 00 00 00 58 02 00 00 C1 8C 00 00 02 04 00 00 02 2B 00 00 01 CA 00 00 00 02 2B 00 00 01 66 00 C2 01 74 0E 00 00 74 0E 00 00 00 00 00 00 01 01 A6 1D
@sos_1_1 2026-10-09T10:00:33 4092 01 00 2E 00 00 00 8C 25 08 00 68 A0 01 00 01 04 65 00 58 02 D0 07 C4 09 00 00 00 00 6E 00 01 01 00 00 00 08 01 00 01 00 04 00 02 00 00 00 00 00 00 00 00 00 AC 0D 00 00 00 00 01 00 08 00 00 08 02 00 00 00 00 00 00 00 00 00 00 00 00 00 00 00 00 00 00 00 00 00 00 00 00 00 00 00 00 00 00 00 00 00 00 00 00 00 00 00 00
@sossrc_1_1 2026-10-09T10:00:33 4093 01 2E 00 00 00 00 02 00 00 00 40 06 00 00 C1 8C 00 00 02 04 00 00 02 2B 00 00 01 CA 00 00 00 02 2B 00 00 01 66 00 C2 01 AC 0D 00 00 AC 0D 00 00 00 00 00 00 01 01 A6 1D
@sos_1_1 2026-10-09T10:00:34 4094 01 01 2F 00 00 00 1C 27 08 00 30 A1 01 00 01 04 65 00 58 02 D0 07 C4 09 00 00 00 00 6E 00 01 01 00 00 00 08 01 00 01 00 04 00 02 00 00 00 00 00 00 00 00 00 E4 0C 00 00 00 00 01 00 08 00 00 08 02 00 00 00 00 00 00 00 00 00 00 00 00 00 00 00 00 00 00 00 00 00 00 00 00 00 00 00 00 00 00 00 00 00 00 00 00 00 00 00 00
@sossrc_1_1 2026-10-09T10:00:34 4095 01 2F 00 00 00 00 02 00 00 00 00 00 00 00 C3 8C 00 00 02 04 00 00 02 2B 00 00 01 CA 00 00 00 02 2B 00 00 01 66 00 C2 01 E4 0C 00 00 E4 0C 00 00 00 00 00 00 01 01 A6 1D
@sos_1_1 2026-10-09T10:00:34 4096 01 00 30 00 00 00 74 29 08 00 30 A1 01 00 01 04 65 00 58 02 D0 07 C4 09 00 00 00 00 6E 00 01 01 00 00 00 08 01 00 01 00 04 00 02 00 00 00 00 00 00 00 00 00 E4 0C 00 00 00 00 01 00 08 00 00 08 02 00 00 00 00 00 00 00 00 00 00 00 00 00 00 00 00 00 00 00 00 00 00 00 00 00 00 00 00 00 00 00 00 00 00 00 00 00 00 00 00
@sossrc_1_1 2026-10-09T10:00:34 4097 01 30 00 00 00 00 02 00 00 00 58 02 00 00 C3 8C 00 00 02 04 00 00 02 2B 00 00 01 CA 00 00 00 02 2B 00 00 01 66 00 C2 01 E4 0C 00 00 E4 0C 00 00 00 00 00 00 01 01 A6 1D
@sos_1_1 2026-10-09T10:00:35 4098 01 00 31 00 00 00 5C 2D 08 00 F8 A1 01 00 01 04 65 00 58 02 D0 07 C4 09 00 00 00 00 6E 00 01 01 00 00 00 08 01 00 01 00 04 00 02 00 00 00 00 00 00 00 00 00 1C 0C 00 00 00 00 01 00 08 00 00 08 02 00 00 00 00 00 00 00 00 00 00 00 00 00 00 00 00 00 00 00 00 00 00 00 00 00 00 00 00 00 00 00 00 00 00 00 00 00 00 00 00
@sossrc_1_1 2026-10-09T10:00:35 4099 01 31 00 00 00 00 02 00 00 00 40 06 00 00 C3 8C 00 00 02 04 00 00 02 2B 00 00 01 CA 00 00 00 02 2B 00 00 01 66 00 C2 01 1C 0C 00 00 1C 0C 00 00 00 00 00 00 01 01 A6 1D
@sos_1_1 2026-10-09T10:00:36 4100 01 01 32 00 00 00 EC 2E 08 00 C0 A2 01 00 01 04 65 00 58 02 D0 07 C4 09 00 00 00 00 6E 00 01 01 00 00 00 08 01 00 01 00 04 00 02 00 00 00 00 00 00 00 00 00 54 0B 00 00 00 00 01 00 08 00 00 08 02 00 00 00 00 00 00 00 00 00 00 00 00 00 00 00 00 00 00 00 00 00 00 00 00 00 00 00 00 00 00 00 00 00 00 00 00 00 00 00 00
@sossrc_1_1 2026-10-09T10:00:36 4101 01 32 00 00 00 00 02 00 00 00 00 00 00 00 C5 8C 00 00 02 04 00 00 02 2B 00 00 01 CA 00 00 00 02 2B 00 00 01 66 00 C2 01 54 0B 00 00 54 0B 00 00 00 00 00 00 01 01 A6 1D
@sos_1_1 2026-10-09T10:00:36 4102 01 00 33 00 00 00 44 31 08 00 C0 A2 01 00 01 04 65 00 58 02 D0 07 C4 09 00 00 00 00 6E 00 01 01 00 00 00 08 01 00 01 00 04 00 02 00 00 00 00 00 00 00 00 00 54 0B 00 00 00 00 01 00 08 00 00 08 02 00 00 00 00 00 00 00 00 00 00 00 00 00 00 00 00 00 00 00 00 00 00 00 00 00 00 00 00 00 00 00 00 00 00 00 00 00 00 00 00
@sossrc_1_1 2026-10-09T10:00:36 4103 01 33 00 00 00 00 02 00 00 00 58 02 00 00 C5 8C 00 00 02 04 00 00 02 2B 00 00 01 CA 00 00 00 02 2B 00 00 01 66 00 C2 01 54 0B 00 00 54 0B 00 00 00 00 00 00 01 01 A6 1D
@sos_1_1 2026-10-09T10:00:37 4104 01 00 34 00 00 00 2C 35 08 00 88 A3 01 00 01 04 65 00 58 02 D0 07 C4 09 00 00 00 00 6E 00 01 01 00 00 00 08 01 00 01 00 04 00 02 00 00 00 00 00 00 00 00 00 8C 0A 00 00 00 00 01 00 08 00 00 08 02 00 00 00 00 00 00 00 00 00 00 00 00 00 00 00 00 00 00 00 00 00 00 00 00 00 00 00 00 00 00 00 00 00 00 00 00 00 00 00 00
@sossrc_1_1 2026-10-09T10:00:37 4105 01 34 00 00 00 00 02 00 00 00 40 06 00 00 C5 8C 00 00 02 04 00 00 02 2B 00 00 01 CA 00 00 00 02 2B 00 00 01 66 00 C2 01 8C 0A 00 00 8C 0A 00 00 00 00 00 00 01 01 A6 1D
@sos_1_1 2026-10-09T10:00:38 4106 01 01 35 00 00 00 BC 36 08 00 50 A4 01 00 01 04 65 00 58 02 D0 07 C4 09 00 00 00 00 6E 00 01 01 00 00 00 08 01 00 01 00 04 00 02 00 00 00 00 00 00 00 00 00 C4 09 00 00 00 00 01 00 08 00 00 08 02 00 00 00 00 00 00 00 00 00 00 00 00 00 00 00 00 00 00 00 00 00 00 00 00 00 00 00 00 00 00 00 00 00 00 00 00 00 00 00 00
@sossrc_1_1 2026-10-09T10:00:38 4107 01 35 00 00 00 00 02 00 00 00 00 00 00 00 C7 8C 00 00 02 04 00 00 02 2B 00 00 01 CA 00 00 00 02 2B 00 00 01 66 00 C2 01 C4 09 00 00 C4 09 00 00 00 00 00 00 01 01 A6 1D
@sos_1_1 2026-10-09T10:00:38 4108 01 00 36 00 00 00 14 39 08 00 50 A4 01 00 01 04 65 00 58 02 D0 07 C4 09 00 00 00 00 6E 00 01 01 00 00 00 08 01 00 01 00 04 00 02 00 00 00 00 00 00 00 00 00 C4 09 00 00 00 00 01 00 08 00 00 08 02 00 00 00 00 00 00 00 00 00 00 00 00 00 00 00 00 00 00 00 00 00 00 00 00 00 00 00 00 00 00 00 00 00 00 00 00 00 00 00 00
@sossrc_1_1 2026-10-09T10:00:38 4109 01 36 00 00 00 00 02 00 00 00 58 02 00 00 C7 8C 00 00 02 04 00 00 02 2B 00 00 01 CA 00 00 00 02 2B 00 00 01 66 00 C2 01 C4 09 00 00 C4 09 00 00 00 00 00 00 01 01 A6 1D
@sos_1_1 2026-10-09T10:00:39 4110 01 00 37 00 00 00 FC 3C 08 00 18 A5 01 00 01 04 65 00 58 02 D0 07 C4 09 00 00 00 00 6E 00 01 01 00 00 00 08 01 00 01 00 04 00 02 00 00 00 00 00 00 00 00 00 FC 08 00 00 00 00 01 00 08 00 00 08 02 00 00 00 00 00 00 00 00 00 00 00 00 00 00 00 00 00 00 00 00 00 00 00 00 00 00 00 00 00 00 00 00 00 00 00 00 00 00 00 00
@sossrc_1_1 2026-10-09T10:00:39 4111 01 37 00 00 00 00 02 00 00 00 40 06 00 00 C7 8C 00 00 02 04 00 00 02 2B 00 00 01 CA 00 00 00 02 2B 00 00 01 66 00 C2 01 FC 08 00 00 FC 08 00 00 00 00 00 00 01 01 A6 1D
@sos_1_1 2026-10-09T10:00:40 4112 01 01 38 00 00 00 8C 3E 08 00 E0 A5 01 00 01 04 65 00 58 02 D0 07 C4 09 00 00 00 00 6E 00 01 01 00 00 00 08 01 00 01 00 04 00 02 00 00 00 00 00 00 00 00 00 34 08 00 00 00 00 01 00 08 00 00 08 02 00 00 00 00 00 00 00 00 00 00 00 00 00 00 00 00 00 00 00 00 00 00 00 00 00 00 00 00 00 00 00 00 00 00 00 00 00 00 00 00
@sossrc_1_1 2026-10-09T10:00:40 4113 01 38 00 00 00 00 02 00 00 00 00 00 00 00 C9 8C 00 00 02 04 00 00 02 2B 00 00 01 CA 00 00 00 02 2B 00 00 01 66 00 C2 01 34 08 00 00 34 08 00 00 00 00 00 00 01 01 A6 1D
@sos_1_1 2026-10-09T10:00:40 4114 01 00 39 00 00 00 E4 40 08 00 E0 A5 01 00 01 04 65 00 58 02 D0 07 C4 09 00 00 00 00 6E 00 01 01 00 00 00 08 01 00 01 00 04 00 02 00 00 00 00 00 00 00 00 00 34 08 00 00 00 00 01 00 08 00 00 08 02 00 00 00 00 00 00 00 00 00 00 00 00 00 00 00 00 00 00 00 00 00 00 00 00 00 00 00 00 00 00 00 00 00 00 00 00 00 00 00 00
@sossrc_1_1 2026-10-09T10:00:40 4115 01 39 00 00 00 00 02 00 00 00 58 02 00 00 C9 8C 00 00 02 04 00 00 02 2B 00 00 01 CA 00 00 00 02 2B 00 00 01 66 00 C2 01 34 08 00 00 34 08 00 00 00 00 00 00 01 01 A6 1D
@sos_1_1 2026-10-09T10:00:41 4116 01 00 3A 00 00 00 CC 44 08 00 A8 A6 01 00 01 04 65 00 58 02 D0 07 C4 09 00 00 00 00 6E 00 01 01 00 00 00 08 01 00 01 00 04 00 02 00 00 00 00 00 00 00 00 00 6C 07 00 00 00 00 01 00 08 00 00 08 02 00 00 00 00 00 00 00 00 00 00 00 00 00 00 00 00 00 00 00 00 00 00 00 00 00 00 00 00 00 00 00 00 00 00 00 00 00 00 00 00
@sossrc_1_1 2026-10-09T10:00:41 4117 01 3A 00 00 00 00 02 00 00 00 40 06 00 00 C9 8C 00 00 02 04 00 00 02 2B 00 00 01 CA 00 00 00 02 2B 00 00 01 66 00 C2 01 6C 07 00 00 6C 07 00 00 00 00 00 00 01 01 A6 1D
@sos_1_1 2026-10-09T10:00:42 4118 01 01 3B 00 00 00 5C 46 08 00 70 A7 01 00 01 04 65 00 58 02 D0 07 C4 09 00 00 00 00 6E 00 01 01 00 00 00 08 01 00 01 00 04 00 02 00 00 00 00 00 00 00 00 00 A4 06 00 00 00 00 01 00 08 00 00 08 02 00 00 00 00 00 00 00 00 00 00 00 00 00 00 00 00 00 00 00 00 00 00 00 00 00 00 00 00 00 00 00 00 00 00 00 00 00 00 00 00
@sossrc_1_1 2026-10-09T10:00:42 4119 01 3B 00 00 00 00 02 00 00 00 00 00 00 00 CB 8C 00 00 02 04 00 00 02 2B 00 00 01 CA 00 00 00 02 2B 00 00 01 66 00 C2 01 A4 06 00 00 A4 06 00 00 00 00 00 00 01 01 A6 1D
@sos_1_1 2026-10-09T10:00:42 4120 01 00 3C 00 00 00 B4 48 08 00 70 A7 01 00 01 04 65 00 58 02 D0 07 C4 09 00 00 00 00 6E 00 01 01 00 00 00 08 01 00 01 00 04 00 02 00 00 00 00 00 00 00 00 00 A4 06 00 00 00 00 01 00 08 00 00 08 02 00 00 00 00 00 00 00 00 00 00 00 00 00 00 00 00 00 00 00 00 00 00 00 00 00 00 00 00 00 00 00 00 00 00 00 00 00 00 00 00
@sossrc_1_1 2026-10-09T10:00:42 4121 01 3C 00 00 00 00 02 00 00 00 58 02 00 00 CB 8C 00 00 02 04 00 00 02 2B 00 00 01 CA 00 00 00 02 2B 00 00 01 66 00 C2 01 A4 06 00 00 A4 06 00 00 00 00 00 00 01 01 A6 1D
@sos_1_1 2026-10-09T10:00:43 4122 01 00 3D 00 00 00 9C 4C 08 00 38 A8 01 00 01 04 65 00 58 02 D0 07 C4 09 00 00 00 00 6E 00 01 01 00 00 00 08 01 00 01 00 04 00 02 00 00 00 00 00 00 00 00 00 DC 05 00 00 00 00 01 00 08 00 00 08 02 00 00 00 00 00 00 00 00 00 00 00 00 00 00 00 00 00 00 00 00 00 00 00 00 00 00 00 00 00 00 00 00 00 00 00 00 00 00 00 00
@sossrc_1_1 2026-10-09T10:00:43 4123 01 3D 00 00 00 00 02 00 00 00 40 06 00 00 CB 8C 00 00 02 04 00 00 02 2B 00 00 01 CA 00 00 00 02 2B 00 00 01 66 00 C2 01 DC 05 00 00 DC 05 00 00 00 00 00 00 01 01 A6 1D
@sos_1_1 2026-10-09T10:00:44 4124 01 01 3E 00 00 00 2C 4E 08 00 00 A9 01 00 01 04 65 00 58 02 D0 07 C4 09 00 00 00 00 6E 00 01 01 00 00 00 08 01 00 01 00 04 00 02 00 00 00 00 00 00 00 00 00 14 05 00 00 00 00 01 00 08 00 00 08 02 00 00 00 00 00 00 00 00 00 00 00 00 00 00 00 00 00 00 00 00 00 00 00 00 00 00 00 00 00 00 00 00 00 00 00 00 00 00 00 00
@sossrc_1_1 2026-10-09T10:00:44 4125 01 3E 00 00 00 00 02 00 00 00 00 00 00 00 CD 8C 00 00 02 04 00 00 02 2B 00 00 01 CA 00 00 00 02 2B 00 00 01 66 00 C2 01 14 05 00 00 14 05 00 00 00 00 00 00 01 01 A6 1D
@sos_1_1 2026-10-09T10:00:44 4126 01 00 3F 00 00 00 84 50 08 00 00 A9 01 00 01 04 65 00 58 02 D0 07 C4 09 00 00 00 00 6E 00 01 01 00 00 00 08 01 00 01 00 04 00 02 00 00 00 00 00 00 00 00 00 14 05 00 00 00 00 01 00 08 00 00 08 02 00 00 00 00 00 00 00 00 00 00 00 00 00 00 00 00 00 00 00 00 00 00 00 00 00 00 00 00 00 00 00 00 00 00 00 00 00 00 00 00
@sossrc_1_1 2026-10-09T10:00:44 4127 01 3F 00 00 00 00 02 00 00 00 58 02 00 00 CD 8C 00 00 02 04 00 00 02 2B 00 00 01 CA 00 00 00 02 2B 00 00 01 66 00 C2 01 14 05 00 00 14 05 00 00 00 00 00 00 01 01 A6 1D
@sos_1_1 2026-10-09T10:00:45 4128 01 00 40 00 00 00 6C 54 08 00 C8 A9 01 00 01 04 65 00 58 02 D0 07 C4 09 00 00 00 00 6E 00 01 01 00 00 00 08 01 00 01 00 04 00 02 00 00 00 00 00 00 00 00 00 4C 04 00 00 00 00 01 00 08 00 00 08 02 00 00 00 00 00 00 00 00 00 00 00 00 00 00 00 00 00 00 00 00 00 00 00 00 00 00 00 00 00 00 00 00 00 00 00 00 00 00 00 00
@sossrc_1_1 2026-10-09T10:00:45 4129 01 40 00 00 00 00 02 00 00 00 40 06 00 00 CD 8C 00 00 02 04 00 00 02 2B 00 00 01 CA 00 00 00 02 2B 00 00 01 66 00 C2 01 4C 04 00 00 4C 04 00 00 00 00 00 00 01 01 A6 1D
@sos_1_1 2026-10-09T10:00:46 4130 01 01 41 00 00 00 FC 55 08 00 90 AA 01 00 01 04 65 00 58 02 D0 07 C4 09 00 00 00 00 6E 00 01 01 00 00 00 08 01 00 01 00 04 00 02 00 00 00 00 00 00 00 00 00 84 03 00 00 00 00 01 00 08 00 00 08 02 00 00 00 00 00 00 00 00 00 00 00 00 00 00 00 00 00 00 00 00 00 00 00 00 00 00 00 00 00 00 00 00 00 00 00 00 00 00 00 00
@sossrc_1_1 2026-10-09T10:00:46 4131 01 41 00 00 00 00 02 00 00 00 00 00 00 00 CF 8C 00 00 02 04 00 00 02 2B 00 00 01 CA 00 00 00 02 2B 00 00 01 66 00 C2 01 84 03 00 00 84 03 00 00 00 00 00 00 01 01 A6 1D
@sos_1_1 2026-10-09T10:00:46 4132 01 00 42 00 00 00 54 58 08 00 90 AA 01 00 01 04 65 00 58 02 D0 07 C4 09 00 00 00 00 6E 00 01 01 00 00 00 08 01 00 01 00 04 00 02 00 00 00 00 00 00 00 00 00 84 03 00 00 00 00 01 00 08 00 00 08 02 00 00 00 00 00 00 00 00 00 00 00 00 00 00 00 00 00 00 00 00 00 00 00 00 00 00 00 00 00 00 00 00 00 00 00 00 00 00 00 00
@sossrc_1_1 2026-10-09T10:00:46 4133 01 42 00 00 00 00 02 00 00 00 58 02 00 00 CF 8C 00 00 02 04 00 00 02 2B 00 00 01 CA 00 00 00 02 2B 00 00 01 66 00 C2 01 84 03 00 00 84 03 00 00 00 00 00 00 01 01 A6 1D
@sos_1_1 2026-10-09T10:00:47 4134 01 00 43 00 00 00 3C 5C 08 00 58 AB 01 00 01 04 65 00 58 02 D0 07 C4 09 00 00 00 00 6E 00 01 01 00 00 00 08 01 00 01 00 04 00 02 00 00 00 00 00 00 00 00 00 BC 02 00 00 00 00 01 00 08 00 00 08 02 00 00 00 00 00 00 00 00 00 00 00 00 00 00 00 00 00 00 00 00 00 00 00 00 00 00 00 00 00 00 00 00 00 00 00 00 00 00 00 00
@sossrc_1_1 2026-10-09T10:00:47 4135 01 43 00 00 00 00 02 00 00 00 40 06 00 00 CF 8C 00 00 02 04 00 00 02 2B 00 00 01 CA 00 00 00 02 2B 00 00 01 66 00 C2 01 BC 02 00 00 BC 02 00 00 00 00 00 00 01 01 A6 1D
@sos_1_1 2026-10-09T10:00:48 4136 01 01 44 00 00 00 CC 5D 08 00 20 AC 01 00 01 04 65 00 58 02 D0 07 C4 09 00 00 00 00 6E 00 01 01 00 00 00 08 01 00 01 00 04 00 02 00 00 00 00 00 00 00 00 00 F4 01 00 00 00 00 01 00 08 00 00 08 02 00 00 00 00 00 00 00 00 00 00 00 00 00 00 00 00 00 00 00 00 00 00 00 00 00 00 00 00 00 00 00 00 00 00 00 00 00 00 00 00
@sossrc_1_1 2026-10-09T10:00:48 4137 01 44 00 00 00 00 02 00 00 00 00 00 00 00 D1 8C 00 00 02 04 00 00 02 2B 00 00 01 CA 00 00 00 02 2B 00 00 01 66 00 C2 01 F4 01 00 00 F4 01 00 00 00 00 00 00 01 01 A6 1D
@sos_1_1 2026-10-09T10:00:48 4138 01 00 45 00 00 00 24 60 08 00 20 AC 01 00 01 04 65 00 58 02 D0 07 C4 09 00 00 00 00 6E 00 01 01 00 00 00 08 01 00 01 00 04 00 02 00 00 00 00 00 00 00 00 00 F4 01 00 00 00 00 01 00 08 00 00 08 02 00 00 00 00 00 00 00 00 00 00 00 00 00 00 00 00 00 00 00 00 00 00 00 00 00 00 00 00 00 00 00 00 00 00 00 00 00 00 00 00
@sossrc_1_1 2026-10-09T10:00:48 4139 01 45 00 00 00 00 02 00 00 00 58 02 00 00 D1 8C 00 00 02 04 00 00 02 2B 00 00 01 CA 00 00 00 02 2B 00 00 01 66 00 C2 01 F4 01 00 00 F4 01 00 00 00 00 00 00 01 01 A6 1D
@sos_1_1 2026-10-09T10:00:49 4140 01 00 46 00 00 00 0C 64 08 00 E8 AC 01 00 01 04 65 00 58 02 D0 07 C4 09 00 00 00 00 6E 00 01 01 00 00 00 08 01 00 01 00 04 00 02 00 00 00 00 00 00 00 00 00 2C 01 00 00 00 00 01 00 08 00 00 08 02 00 00 00 00 00 00 00 00 00 00 00 00 00 00 00 00 00 00 00 00 00 00 00 00 00 00 00 00 00 00 00 00 00 00 00 00 00 00 00 00
@sossrc_1_1 2026-10-09T10:00:49 4141 01 46 00 00 00 00 02 00 00 00 40 06 00 00 D1 8C 00 00 02 04 00 00 02 2B 00 00 01 CA 00 00 00 02 2B 00 00 01 66 00 C2 01 2C 01 00 00 2C 01 00 00 00 00 00 00 01 01 A6 1D
@sos_1_1 2026-10-09T10:00:50 4142 01 01 47 00 00 00 9C 65 08 00 B0 AD 01 00 01 04 65 00 58 02 D0 07 C4 09 00 00 00 00 6F 00 01 01 00 00 00 08 01 00 01 00 04 00 02 00 00 00 00 00 00 00 00 00 64 00 00 00 00 00 01 00 08 00 00 08 02 00 00 00 00 00 00 00 00 00 00 00 00 00 00 00 00 00 00 00 00 00 00 00 00 00 00 00 00 00 00 00 00 00 00 00 00 00 00 00 00
@sossrc_1_1 2026-10-09T10:00:50 4143 01 47 00 00 00 00 02 00 00 00 00 00 00 00 D3 8C 00 00 02 04 00 00 02 2B 00 00 01 CA 00 00 00 02 2B 00 00 01 66 00 C2 01 64 00 00 00 64 00 00 00 00 00 00 00 01 01 A6 1D
@sos_1_1 2026-10-09T10:00:50 4144 01 00 48 00 00 00 F4 67 08 00 B0 AD 01 00 01 04 65 00 58 02 D0 07 C4 09 00 00 00 00 6F 00 01 01 00 00 00 08 01 00 01 00 04 00 02 00 00 00 00 00 00 00 00 00 64 00 00 00 00 00 01 00 08 00 00 08 02 00 00 00 00 00 00 00 00 00 00 00 00 00 00 00 00 00 00 00 00 00 00 00 00 00 00 00 00 00 00 00 00 00 00 00 00 00 00 00 00
@sossrc_1_1 2026-10-09T10:00:50 4145 01 48 00 00 00 00 02 00 00 00 58 02 00 00 D3 8C 00 00 02 04 00 00 02 2B 00 00 01 CA 00 00 00 02 2B 00 00 01 66 00 C2 01 64 00 00 00 64 00 00 00 00 00 00 00 01 01 A6 1D
@sosev_1_1 2026-10-09T10:00:51 4146 01 DC 6B 08 00 48 00 00 00 09 00 00 02 00 00 00 64 00 00 00 78 AE 01 00 D0 07 04
@sos_1_1 2026-10-09T10:00:51 4147 01 00 49 00 00 00 DC 6B 08 00 78 AE 01 00 01 04 65 00 58 02 D0 07 C4 09 00 00 00 00 6F 00 01 01 00 00 00 08 01 00 01 00 04 00 02 00 00 00 00 00 00 00 00 00 00 00 00 00 00 00 01 00 08 00 00 08 02 00 00 00 00 00 00 00 00 00 00 00 00 00 00 00 00 00 00 00 00 00 00 00 00 00 00 00 00 00 00 00 00 00 00 00 00 00 00 00 00
@sossrc_1_1 2026-10-09T10:00:51 4148 01 49 00 00 00 00 02 00 00 00 40 06 00 00 D3 8C 00 00 02 04 00 00 02 2B 00 00 01 CA 00 00 00 02 2B 00 00 01 66 00 C2 01 00 00 00 00 00 00 00 00 00 00 00 00 01 01 E6 1C
@sos_1_1 2026-10-09T10:00:52 4149 01 01 4A 00 00 00 6C 6D 08 00 40 AF 01 00 01 04 65 00 58 02 D0 07 C4 09 00 00 00 00 6F 00 01 01 00 00 00 08 01 00 01 00 04 00 02 00 00 00 00 00 00 00 00 00 00 00 00 00 00 00 01 00 08 00 00 08 02 00 00 00 00 00 00 00 00 00 00 00 00 00 00 00 00 00 00 00 00 00 00 00 00 00 00 00 00 00 00 00 00 00 00 00 00 00 00 00 00
@sossrc_1_1 2026-10-09T10:00:52 4150 01 4A 00 00 00 00 02 00 00 00 00 00 00 00 D5 8C 00 00 02 04 00 00 02 2B 00 00 01 CA 00 00 00 02 2B 00 00 01 66 00 C2 01 2C 01 00 00 00 00 00 00 00 00 00 00 01 01 E6 1C
@sos_1_1 2026-10-09T10:00:52 4151 01 00 4B 00 00 00 C4 6F 08 00 40 AF 01 00 01 04 65 00 58 02 D0 07 C4 09 00 00 00 00 6F 00 01 01 00 00 00 08 01 00 01 00 04 00 02 00 00 00 00 00 00 00 00 00 00 00 00 00 00 00 01 00 08 00 00 08 02 00 00 00 00 00 00 00 00 00 00 00 00 00 00 00 00 00 00 00 00 00 00 00 00 00 00 00 00 00 00 00 00 00 00 00 00 00 00 00 00
@sossrc_1_1 2026-10-09T10:00:52 4152 01 4B 00 00 00 00 02 00 00 00 58 02 00 00 D5 8C 00 00 02 04 00 00 02 2B 00 00 01 CA 00 00 00 02 2B 00 00 01 66 00 C2 01 00 00 00 00 00 00 00 00 00 00 00 00 01 01 E6 1C
@sos_1_1 2026-10-09T10:00:53 4153 01 00 4C 00 00 00 AC 73 08 00 08 B0 01 00 01 04 65 00 58 02 D0 07 C4 09 00 00 00 00 6F 00 01 01 00 00 00 08 01 00 01 00 04 00 02 00 00 00 00 00 00 00 00 00 00 00 00 00 00 00 01 00 08 00 00 08 02 00 00 00 00 00 00 00 00 00 00 00 00 00 00 00 00 00 00 00 00 00 00 00 00 00 00 00 00 00 00 00 00 00 00 00 00 00 00 00 00
@sossrc_1_1 2026-10-09T10:00:53 4154 01 4C 00 00 00 00 02 00 00 00 40 06 00 00 D5 8C 00 00 02 04 00 00 02 2B 00 00 01 CA 00 00 00 02 2B 00 00 01 66 00 C2 01 00 00 00 00 00 00 00 00 00 00 00 00 01 01 E6 1C
@sos_1_1 2026-10-09T10:00:54 4155 01 01 4D 00 00 00 3C 75 08 00 D0 B0 01 00 01 04 65 00 58 02 D0 07 C4 09 00 00 00 00 6F 00 01 01 00 00 00 08 01 00 01 00 04 00 02 00 00 00 00 00 00 00 00 00 00 00 00 00 00 00 01 00 08 00 00 08 02 00 00 00 00 00 00 00 00 00 00 00 00 00 00 00 00 00 00 00 00 00 00 00 00 00 00 00 00 00 00 00 00 00 00 00 00 00 00 00 00
@sossrc_1_1 2026-10-09T10:00:54 4156 01 4D 00 00 00 00 02 00 00 00 00 00 00 00 D7 8C 00 00 02 04 00 00 02 2B 00 00 01 CA 00 00 00 02 2B 00 00 01 66 00 C2 01 BC 02 00 00 00 00 00 00 00 00 00 00 01 01 E6 1C
@sos_1_1 2026-10-09T10:00:54 4157 01 00 4E 00 00 00 94 77 08 00 D0 B0 01 00 01 04 65 00 58 02 D0 07 C4 09 00 00 00 00 6F 00 01 01 00 00 00 08 01 00 01 00 04 00 02 00 00 00 00 00 00 00 00 00 00 00 00 00 00 00 01 00 08 00 00 08 02 00 00 00 00 00 00 00 00 00 00 00 00 00 00 00 00 00 00 00 00 00 00 00 00 00 00 00 00 00 00 00 00 00 00 00 00 00 00 00 00
@sossrc_1_1 2026-10-09T10:00:54 4158 01 4E 00 00 00 00 02 00 00 00 58 02 00 00 D7 8C 00 00 02 04 00 00 02 2B 00 00 01 CA 00 00 00 02 2B 00 00 01 66 00 C2 01 00 00 00 00 00 00 00 00 00 00 00 00 01 01 E6 1C
@sos_1_1 2026-10-09T10:00:55 4159 01 00 4F 00 00 00 7C 7B 08 00 98 B1 01 00 01 04 65 00 58 02 D0 07 C4 09 00 00 00 00 6F 00 01 01 00 00 00 08 01 00 01 00 04 00 02 00 00 00 00 00 00 00 00 00 00 00 00 00 00 00 01 00 08 00 00 08 02 00 00 00 00 00 00 00 00 00 00 00 00 00 00 00 00 00 00 00 00 00 00 00 00 00 00 00 00 00 00 00 00 00 00 00 00 00 00 00 00
@sossrc_1_1 2026-10-09T10:00:55 4160 01 4F 00 00 00 00 02 00 00 00 40 06 00 00 D7 8C 00 00 02 04 00 00 02 2B 00 00 01 CA 00 00 00 02 2B 00 00 01 66 00 C2 01 00 00 00 00 00 00 00 00 00 00 00 00 01 01 E6 1C
@sos_1_1 2026-10-09T10:00:56 4161 01 01 50 00 00 00 0C 7D 08 00 60 B2 01 00 01 04 65 00 58 02 D0 07 C4 09 00 00 00 00 6F 00 01 01 00 00 00 08 01 00 01 00 04 00 02 00 00 00 00 00 00 00 00 00 00 00 00 00 00 00 01 00 08 00 00 08 02 00 00 00 00 00 00 00 00 00 00 00 00 00 00 00 00 00 00 00 00 00 00 00 00 00 00 00 00 00 00 00 00 00 00 00 00 00 00 00 00
@sossrc_1_1 2026-10-09T10:00:56 4162 01 50 00 00 00 00 02 00 00 00 00 00 00 00 D9 8C 00 00 02 04 00 00 02 2B 00 00 01 CA 00 00 00 02 2B 00 00 01 66 00 C2 01 4C 04 00 00 00 00 00 00 00 00 00 00 01 01 E6 1C
@sos_1_1 2026-10-09T10:00:56 4163 01 00 51 00 00 00 64 7F 08 00 60 B2 01 00 01 04 65 00 58 02 D0 07 C4 09 00 00 00 00 6F 00 01 01 00 00 00 08 01 00 01 00 04 00 02 00 00 00 00 00 00 00 00 00 00 00 00 00 00 00 01 00 08 00 00 08 02 00 00 00 00 00 00 00 00 00 00 00 00 00 00 00 00 00 00 00 00 00 00 00 00 00 00 00 00 00 00 00 00 00 00 00 00 00 00 00 00
@sossrc_1_1 2026-10-09T10:00:56 4164 01 51 00 00 00 00 02 00 00 00 58 02 00 00 D9 8C 00 00 02 04 00 00 02 2B 00 00 01 CA 00 00 00 02 2B 00 00 01 66 00 C2 01 00 00 00 00 00 00 00 00 00 00 00 00 01 01 E6 1C
@sos_1_1 2026-10-09T10:00:57 4165 01 00 52 00 00 00 4C 83 08 00 28 B3 01 00 01 04 65 00 58 02 D0 07 C4 09 00 00 00 00 6F 00 01 01 00 00 00 08 01 00 01 00 04 00 02 00 00 00 00 00 00 00 00 00 00 00 00 00 00 00 01 00 08 00 00 08 02 00 00 00 00 00 00 00 00 00 00 00 00 00 00 00 00 00 00 00 00 00 00 00 00 00 00 00 00 00 00 00 00 00 00 00 00 00 00 00 00
@sossrc_1_1 2026-10-09T10:00:57 4166 01 52 00 00 00 00 02 00 00 00 40 06 00 00 D9 8C 00 00 02 04 00 00 02 2B 00 00 01 CA 00 00 00 02 2B 00 00 01 66 00 C2 01 00 00 00 00 00 00 00 00 00 00 00 00 01 01 E6 1C
@sos_1_1 2026-10-09T10:00:58 4167 01 01 53 00 00 00 DC 84 08 00 F0 B3 01 00 01 04 65 00 58 02 D0 07 C4 09 00 00 00 00 6F 00 01 01 00 00 00 08 01 00 01 00 04 00 02 00 00 00 00 00 00 00 00 00 00 00 00 00 00 00 01 00 08 00 00 08 02 00 00 00 00 00 00 00 00 00 00 00 00 00 00 00 00 00 00 00 00 00 00 00 00 00 00 00 00 00 00 00 00 00 00 00 00 00 00 00 00
@sossrc_1_1 2026-10-09T10:00:58 4168 01 53 00 00 00 00 02 00 00 00 00 00 00 00 DB 8C 00 00 02 04 00 00 02 2B 00 00 01 CA 00 00 00 02 2B 00 00 01 66 00 C2 01 DC 05 00 00 00 00 00 00 00 00 00 00 01 01 E6 1C
@sos_1_1 2026-10-09T10:00:58 4169 01 00 54 00 00 00 34 87 08 00 F0 B3 01 00 01 04 65 00 58 02 D0 07 C4 09 00 00 00 00 6F 00 01 01 00 00 00 08 01 00 01 00 04 00 02 00 00 00 00 00 00 00 00 00 00 00 00 00 00 00 01 00 08 00 00 08 02 00 00 00 00 00 00 00 00 00 00 00 00 00 00 00 00 00 00 00 00 00 00 00 00 00 00 00 00 00 00 00 00 00 00 00 00 00 00 00 00
@sossrc_1_1 2026-10-09T10:00:58 4170 01 54 00 00 00 00 02 00 00 00 58 02 00 00 DB 8C 00 00 02 04 00 00 02 2B 00 00 01 CA 00 00 00 02 2B 00 00 01 66 00 C2 01 00 00 00 00 00 00 00 00 00 00 00 00 01 01 E6 1C
@sos_1_1 2026-10-09T10:00:59 4171 01 00 55 00 00 00 1C 8B 08 00 B8 B4 01 00 01 04 65 00 58 02 D0 07 C4 09 00 00 00 00 6F 00 01 01 00 00 00 08 01 00 01 00 04 00 02 00 00 00 00 00 00 00 00 00 00 00 00 00 00 00 01 00 08 00 00 08 02 00 00 00 00 00 00 00 00 00 00 00 00 00 00 00 00 00 00 00 00 00 00 00 00 00 00 00 00 00 00 00 00 00 00 00 00 00 00 00 00
@sossrc_1_1 2026-10-09T10:00:59 4172 01 55 00 00 00 00 02 00 00 00 40 06 00 00 DB 8C 00 00 02 04 00 00 02 2B 00 00 01 CA 00 00 00 02 2B 00 00 01 66 00 C2 01 00 00 00 00 00 00 00 00 00 00 00 00 01 01 E6 1C
@sos_1_1 2026-10-09T10:01:00 4173 01 01 56 00 00 00 AC 8C 08 00 80 B5 01 00 01 04 65 00 58 02 D0 07 C4 09 00 00 00 00 6F 00 01 01 00 00 00 08 01 00 01 00 04 00 02 00 00 00 00 00 00 00 00 00 00 00 00 00 00 00 01 00 08 00 00 08 02 00 00 00 00 00 00 00 00 00 00 00 00 00 00 00 00 00 00 00 00 00 00 00 00 00 00 00 00 00 00 00 00 00 00 00 00 00 00 00 00
@sossrc_1_1 2026-10-09T10:01:00 4174 01 56 00 00 00 00 02 00 00 00 00 00 00 00 DD 8C 00 00 02 04 00 00 02 2B 00 00 01 CA 00 00 00 02 2B 00 00 01 66 00 C2 01 6C 07 00 00 00 00 00 00 00 00 00 00 01 01 E6 1C
@sos_1_1 2026-10-09T10:01:00 4175 01 00 57 00 00 00 04 8F 08 00 80 B5 01 00 01 04 65 00 58 02 D0 07 C4 09 00 00 00 00 6F 00 01 01 00 00 00 08 01 00 01 00 04 00 02 00 00 00 00 00 00 00 00 00 00 00 00 00 00 00 01 00 08 00 00 08 02 00 00 00 00 00 00 00 00 00 00 00 00 00 00 00 00 00 00 00 00 00 00 00 00 00 00 00 00 00 00 00 00 00 00 00 00 00 00 00 00
@sossrc_1_1 2026-10-09T10:01:00 4176 01 57 00 00 00 00 02 00 00 00 58 02 00 00 DD 8C 00 00 02 04 00 00 02 2B 00 00 01 CA 00 00 00 02 2B 00 00 01 66 00 C2 01 00 00 00 00 00 00 00 00 00 00 00 00 01 01 E6 1C
@sos_1_1 2026-10-09T10:01:01 4177 01 00 58 00 00 00 EC 92 08 00 48 B6 01 00 01 04 65 00 58 02 D0 07 C4 09 00 00 00 00 6F 00 01 01 00 00 00 08 01 00 01 00 04 00 02 00 00 00 00 00 00 00 00 00 00 00 00 00 00 00 01 00 08 00 00 08 02 00 00 00 00 00 00 00 00 00 00 00 00 00 00 00 00 00 00 00 00 00 00 00 00 00 00 00 00 00 00 00 00 00 00 00 00 00 00 00 00
@sossrc_1_1 2026-10-09T10:01:01 4178 01 58 00 00 00 00 02 00 00 00 40 06 00 00 DD 8C 00 00 02 04 00 00 02 2B 00 00 01 CA 00 00 00 02 2B 00 00 01 66 00 C2 01 00 00 00 00 00 00 00 00 00 00 00 00 01 01 E6 1C
@sos_1_1 2026-10-09T10:01:02 4179 01 01 59 00 00 00 7C 94 08 00 10 B7 01 00 01 04 65 00 58 02 D0 07 C4 09 00 00 00 00 6F 00 01 01 00 00 00 08 01 00 01 00 04 00 02 00 00 00 00 00 00 00 00 00 00 00 00 00 00 00 01 00 08 00 00 08 02 00 00 00 00 00 00 00 00 00 00 00 00 00 00 00 00 00 00 00 00 00 00 00 00 00 00 00 00 00 00 00 00 00 00 00 00 00 00 00 00
@sossrc_1_1 2026-10-09T10:01:02 4180 01 59 00 00 00 00 02 00 00 00 00 00 00 00 DF 8C 00 00 02 04 00 00 02 2B 00 00 01 CA 00 00 00 02 2B 00 00 01 66 00 C2 01 FC 08 00 00 00 00 00 00 00 00 00 00 01 01 E6 1C
@sos_1_1 2026-10-09T10:01:02 4181 01 00 5A 00 00 00 D4 96 08 00 10 B7 01 00 01 04 65 00 58 02 D0 07 C4 09 00 00 00 00 6F 00 01 01 00 00 00 08 01 00 01 00 04 00 02 00 00 00 00 00 00 00 00 00 00 00 00 00 00 00 01 00 08 00 00 08 02 00 00 00 00 00 00 00 00 00 00 00 00 00 00 00 00 00 00 00 00 00 00 00 00 00 00 00 00 00 00 00 00 00 00 00 00 00 00 00 00
@sossrc_1_1 2026-10-09T10:01:02 4182 01 5A 00 00 00 00 02 00 00 00 58 02 00 00 DF 8C 00 00 02 04 00 00 02 2B 00 00 01 CA 00 00 00 02 2B 00 00 01 66 00 C2 01 00 00 00 00 00 00 00 00 00 00 00 00 01 01 E6 1C
@sos_1_1 2026-10-09T10:01:03 4183 01 00 5B 00 00 00 BC 9A 08 00 D8 B7 01 00 01 04 65 00 58 02 D0 07 C4 09 00 00 00 00 6F 00 01 01 00 00 00 08 01 00 01 00 04 00 02 00 00 00 00 00 00 00 00 00 00 00 00 00 00 00 01 00 08 00 00 08 02 00 00 00 00 00 00 00 00 00 00 00 00 00 00 00 00 00 00 00 00 00 00 00 00 00 00 00 00 00 00 00 00 00 00 00 00 00 00 00 00
@sossrc_1_1 2026-10-09T10:01:03 4184 01 5B 00 00 00 00 02 00 00 00 40 06 00 00 DF 8C 00 00 02 04 00 00 02 2B 00 00 01 CA 00 00 00 02 2B 00 00 01 66 00 C2 01 00 00 00 00 00 00 00 00 00 00 00 00 01 01 E6 1C
@sos_1_1 2026-10-09T10:01:04 4185 01 01 5C 00 00 00 4C 9C 08 00 A0 B8 01 00 01 04 65 00 58 02 D0 07 C4 09 00 00 00 00 6F 00 01 01 00 00 00 08 01 00 01 00 04 00 02 00 00 00 00 00 00 00 00 00 00 00 00 00 00 00 01 00 08 00 00 08 02 00 00 00 00 00 00 00 00 00 00 00 00 00 00 00 00 00 00 00 00 00 00 00 00 00 00 00 00 00 00 00 00 00 00 00 00 00 00 00 00
@sossrc_1_1 2026-10-09T10:01:04 4186 01 5C 00 00 00 00 02 00 00 00 00 00 00 00 E1 8C 00 00 02 04 00 00 02 2B 00 00 01 CA 00 00 00 02 2B 00 00 01 66 00 C2 01 8C 0A 00 00 00 00 00 00 00 00 00 00 01 01 E6 1C
@sos_1_1 2026-10-09T10:01:04 4187 01 00 5D 00 00 00 A4 9E 08 00 A0 B8 01 00 01 04 65 00 58 02 D0 07 C4 09 00 00 00 00 6F 00 01 01 00 00 00 08 01 00 01 00 04 00 02 00 00 00 00 00 00 00 00 00 00 00 00 00 00 00 01 00 08 00 00 08 02 00 00 00 00 00 00 00 00 00 00 00 00 00 00 00 00 00 00 00 00 00 00 00 00 00 00 00 00 00 00 00 00 00 00 00 00 00 00 00 00
@sossrc_1_1 2026-10-09T10:01:04 4188 01 5D 00 00 00 00 02 00 00 00 58 02 00 00 E1 8C 00 00 02 04 00 00 02 2B 00 00 01 CA 00 00 00 02 2B 00 00 01 66 00 C2 01 00 00 00 00 00 00 00 00 00 00 00 00 01 01 E6 1C
@sos_1_1 2026-10-09T10:01:05 4189 01 00 5E 00 00 00 8C A2 08 00 68 B9 01 00 01 04 65 00 58 02 D0 07 C4 09 00 00 00 00 6F 00 01 01 00 00 00 08 01 00 01 00 04 00 02 00 00 00 00 00 00 00 00 00 00 00 00 00 00 00 01 00 08 00 00 08 02 00 00 00 00 00 00 00 00 00 00 00 00 00 00 00 00 00 00 00 00 00 00 00 00 00 00 00 00 00 00 00 00 00 00 00 00 00 00 00 00
@sossrc_1_1 2026-10-09T10:01:05 4190 01 5E 00 00 00 00 02 00 00 00 40 06 00 00 E1 8C 00 00 02 04 00 00 02 2B 00 00 01 CA 00 00 00 02 2B 00 00 01 66 00 C2 01 00 00 00 00 00 00 00 00 00 00 00 00 01 01 E6 1C
@sos_1_1 2026-10-09T10:01:06 4191 01 01 5F 00 00 00 1C A4 08 00 30 BA 01 00 01 04 65 00 58 02 D0 07 C4 09 00 00 00 00 6F 00 01 01 00 00 00 08 01 00 01 00 04 00 02 00 00 00 00 00 00 00 00 00 00 00 00 00 00 00 01 00 08 00 00 08 02 00 00 00 00 00 00 00 00 00 00 00 00 00 00 00 00 00 00 00 00 00 00 00 00 00 00 00 00 00 00 00 00 00 00 00 00 00 00 00 00
@sossrc_1_1 2026-10-09T10:01:06 4192 01 5F 00 00 00 00 02 00 00 00 00 00 00 00 E3 8C 00 00 02 04 00 00 02 2B 00 00 01 CA 00 00 00 02 2B 00 00 01 66 00 C2 01 1C 0C 00 00 00 00 00 00 00 00 00 00 01 01 E6 1C
@sos_1_1 2026-10-09T10:01:06 4193 01 00 60 00 00 00 74 A6 08 00 30 BA 01 00 01 04 65 00 58 02 D0 07 C4 09 00 00 00 00 6F 00 01 01 00 00 00 08 01 00 01 00 04 00 02 00 00 00 00 00 00 00 00 00 00 00 00 00 00 00 01 00 08 00 00 08 02 00 00 00 00 00 00 00 00 00 00 00 00 00 00 00 00 00 00 00 00 00 00 00 00 00 00 00 00 00 00 00 00 00 00 00 00 00 00 00 00
@sossrc_1_1 2026-10-09T10:01:06 4194 01 60 00 00 00 00 02 00 00 00 58 02 00 00 E3 8C 00 00 02 04 00 00 02 2B 00 00 01 CA 00 00 00 02 2B 00 00 01 66 00 C2 01 00 00 00 00 00 00 00 00 00 00 00 00 01 01 E6 1C
@sos_1_1 2026-10-09T10:01:07 4195 01 00 61 00 00 00 5C AA 08 00 F8 BA 01 00 01 04 65 00 58 02 D0 07 C4 09 00 00 00 00 6F 00 01 01 00 00 00 08 01 00 01 00 04 00 02 00 00 00 00 00 00 00 00 00 00 00 00 00 00 00 01 00 08 00 00 08 02 00 00 00 00 00 00 00 00 00 00 00 00 00 00 00 00 00 00 00 00 00 00 00 00 00 00 00 00 00 00 00 00 00 00 00 00 00 00 00 00
@sossrc_1_1 2026-10-09T10:01:07 4196 01 61 00 00 00 00 02 00 00 00 40 06 00 00 E3 8C 00 00 02 04 00 00 02 2B 00 00 01 CA 00 00 00 02 2B 00 00 01 66 00 C2 01 00 00 00 00 00 00 00 00 00 00 00 00 01 01 E6 1C
@sos_1_1 2026-10-09T10:01:08 4197 01 01 62 00 00 00 EC AB 08 00 C0 BB 01 00 01 04 65 00 58 02 D0 07 C4 09 00 00 00 00 6F 00 01 01 00 00 00 08 01 00 01 00 04 00 02 00 00 00 00 00 00 00 00 00 00 00 00 00 00 00 01 00 08 00 00 08 02 00 00 00 00 00 00 00 00 00 00 00 00 00 00 00 00 00 00 00 00 00 00 00 00 00 00 00 00 00 00 00 00 00 00 00 00 00 00 00 00
@sossrc_1_1 2026-10-09T10:01:08 4198 01 62 00 00 00 00 02 00 00 00 00 00 00 00 E5 8C 00 00 02 04 00 00 02 2B 00 00 01 CA 00 00 00 02 2B 00 00 01 66 00 C2 01 AC 0D 00 00 00 00 00 00 00 00 00 00 01 01 E6 1C
@sos_1_1 2026-10-09T10:01:08 4199 01 00 63 00 00 00 44 AE 08 00 C0 BB 01 00 01 04 65 00 58 02 D0 07 C4 09 00 00 00 00 6F 00 01 01 00 00 00 08 01 00 01 00 04 00 02 00 00 00 00 00 00 00 00 00 00 00 00 00 00 00 01 00 08 00 00 08 02 00 00 00 00 00 00 00 00 00 00 00 00 00 00 00 00 00 00 00 00 00 00 00 00 00 00 00 00 00 00 00 00 00 00 00 00 00 00 00 00
@sossrc_1_1 2026-10-09T10:01:08 4200 01 63 00 00 00 00 02 00 00 00 58 02 00 00 E5 8C 00 00 02 04 00 00 02 2B 00 00 01 CA 00 00 00 02 2B 00 00 01 66 00 C2 01 00 00 00 00 00 00 00 00 00 00 00 00 01 01 E6 1C
@sos_1_1 2026-10-09T10:01:09 4201 01 00 64 00 00 00 2C B2 08 00 88 BC 01 00 01 04 65 00 58 02 D0 07 C4 09 00 00 00 00 6F 00 01 01 00 00 00 08 01 00 01 00 04 00 02 00 00 00 00 00 00 00 00 00 00 00 00 00 00 00 01 00 08 00 00 08 02 00 00 00 00 00 00 00 00 00 00 00 00 00 00 00 00 00 00 00 00 00 00 00 00 00 00 00 00 00 00 00 00 00 00 00 00 00 00 00 00
@sossrc_1_1 2026-10-09T10:01:09 4202 01 64 00 00 00 00 02 00 00 00 40 06 00 00 E5 8C 00 00 02 04 00 00 02 2B 00 00 01 CA 00 00 00 02 2B 00 00 01 66 00 C2 01 00 00 00 00 00 00 00 00 00 00 00 00 01 01 E6 1C
@sos_1_1 2026-10-09T10:01:10 4203 01 01 65 00 00 00 BC B3 08 00 50 BD 01 00 01 04 65 00 58 02 D0 07 C4 09 00 00 00 00 6F 00 01 01 00 00 00 08 01 00 01 00 04 00 02 00 00 00 00 00 00 00 00 00 00 00 00 00 00 00 01 00 08 00 00 08 02 00 00 00 00 00 00 00 00 00 00 00 00 00 00 00 00 00 00 00 00 00 00 00 00 00 00 00 00 00 00 00 00 00 00 00 00 00 00 00 00
@sossrc_1_1 2026-10-09T10:01:10 4204 01 65 00 00 00 00 02 00 00 00 00 00 00 00 E7 8C 00 00 02 04 00 00 02 2B 00 00 01 CA 00 00 00 02 2B 00 00 01 66 00 C2 01 3C 0F 00 00 00 00 00 00 00 00 00 00 01 01 E6 1C
@sos_1_1 2026-10-09T10:01:10 4205 01 00 66 00 00 00 14 B6 08 00 50 BD 01 00 01 04 65 00 58 02 D0 07 C4 09 00 00 00 00 6F 00 01 01 00 00 00 08 01 00 01 00 04 00 02 00 00 00 00 00 00 00 00 00 00 00 00 00 00 00 01 00 08 00 00 08 02 00 00 00 00 00 00 00 00 00 00 00 00 00 00 00 00 00 00 00 00 00 00 00 00 00 00 00 00 00 00 00 00 00 00 00 00 00 00 00 00
@sossrc_1_1 2026-10-09T10:01:10 4206 01 66 00 00 00 00 02 00 00 00 58 02 00 00 E7 8C 00 00 02 04 00 00 02 2B 00 00 01 CA 00 00 00 02 2B 00 00 01 66 00 C2 01 00 00 00 00 00 00 00 00 00 00 00 00 01 01 E6 1C
@sos_1_1 2026-10-09T10:01:11 4207 01 00 67 00 00 00 FC B9 08 00 18 BE 01 00 01 04 65 00 58 02 D0 07 C4 09 00 00 00 00 6F 00 01 01 00 00 00 08 01 00 01 00 04 00 02 00 00 00 00 00 00 00 00 00 00 00 00 00 00 00 01 00 08 00 00 08 02 00 00 00 00 00 00 00 00 00 00 00 00 00 00 00 00 00 00 00 00 00 00 00 00 00 00 00 00 00 00 00 00 00 00 00 00 00 00 00 00
@sossrc_1_1 2026-10-09T10:01:11 4208 01 67 00 00 00 00 02 00 00 00 40 06 00 00 E7 8C 00 00 02 04 00 00 02 2B 00 00 01 CA 00 00 00 02 2B 00 00 01 66 00 C2 01 00 00 00 00 00 00 00 00 00 00 00 00 01 01 E6 1C
@sos_1_1 2026-10-09T10:01:12 4209 01 01 68 00 00 00 8C BB 08 00 E0 BE 01 00 01 04 65 00 58 02 D0 07 C4 09 00 00 00 00 6F 00 01 01 00 00 00 08 01 00 01 00 04 00 02 00 00 00 00 00 00 00 00 00 00 00 00 00 00 00 01 00 08 00 00 08 02 00 00 00 00 00 00 00 00 00 00 00 00 00 00 00 00 00 00 00 00 00 00 00 00 00 00 00 00 00 00 00 00 00 00 00 00 00 00 00 00
@sossrc_1_1 2026-10-09T10:01:12 4210 01 68 00 00 00 00 02 00 00 00 00 00 00 00 E9 8C 00 00 02 04 00 00 02 2B 00 00 01 CA 00 00 00 02 2B 00 00 01 66 00 C2 01 CC 10 00 00 00 00 00 00 00 00 00 00 01 01 E6 1C
@sos_1_1 2026-10-09T10:01:12 4211 01 00 69 00 00 00 E4 BD 08 00 E0 BE 01 00 01 04 65 00 58 02 D0 07 C4 09 00 00 00 00 6F 00 01 01 00 00 00 08 01 00 01 00 04 00 02 00 00 00 00 00 00 00 00 00 00 00 00 00 00 00 01 00 08 00 00 08 02 00 00 00 00 00 00 00 00 00 00 00 00 00 00 00 00 00 00 00 00 00 00 00 00 00 00 00 00 00 00 00 00 00 00 00 00 00 00 00 00
@sossrc_1_1 2026-10-09T10:01:12 4212 01 69 00 00 00 00 02 00 00 00 58 02 00 00 E9 8C 00 00 02 04 00 00 02 2B 00 00 01 CA 00 00 00 02 2B 00 00 01 66 00 C2 01 00 00 00 00 00 00 00 00 00 00 00 00 01 01 E6 1C
@sos_1_1 2026-10-09T10:01:13 4213 01 00 6A 00 00 00 CC C1 08 00 A8 BF 01 00 01 04 65 00 58 02 D0 07 C4 09 00 00 00 00 6F 00 01 01 00 00 00 08 01 00 01 00 04 00 02 00 00 00 00 00 00 00 00 00 00 00 00 00 00 00 01 00 08 00 00 08 02 00 00 00 00 00 00 00 00 00 00 00 00 00 00 00 00 00 00 00 00 00 00 00 00 00 00 00 00 00 00 00 00 00 00 00 00 00 00 00 00
@sossrc_1_1 2026-10-09T10:01:13 4214 01 6A 00 00 00 00 02 00 00 00 40 06 00 00 E9 8C 00 00 02 04 00 00 02 2B 00 00 01 CA 00 00 00 02 2B 00 00 01 66 00 C2 01 00 00 00 00 00 00 00 00 00 00 00 00 01 01 E6 1C
@sos_1_1 2026-10-09T10:01:14 4215 01 01 6B 00 00 00 5C C3 08 00 70 C0 01 00 01 04 65 00 58 02 D0 07 C4 09 00 00 00 00 6F 00 01 01 00 00 00 08 01 00 01 00 04 00 02 00 00 00 00 00 00 00 00 00 00 00 00 00 00 00 01 00 08 00 00 08 02 00 00 00 00 00 00 00 00 00 00 00 00 00 00 00 00 00 00 00 00 00 00 00 00 00 00 00 00 00 00 00 00 00 00 00 00 00 00 00 00
@sossrc_1_1 2026-10-09T10:01:14 4216 01 6B 00 00 00 00 02 00 00 00 00 00 00 00 EB 8C 00 00 02 04 00 00 02 2B 00 00 01 CA 00 00 00 02 2B 00 00 01 66 00 C2 01 5C 12 00 00 00 00 00 00 00 00 00 00 01 01 E6 1C
@sos_1_1 2026-10-09T10:01:14 4217 01 00 6C 00 00 00 B4 C5 08 00 70 C0 01 00 01 04 65 00 58 02 D0 07 C4 09 00 00 00 00 6F 00 01 01 00 00 00 08 01 00 01 00 04 00 02 00 00 00 00 00 00 00 00 00 00 00 00 00 00 00 01 00 08 00 00 08 02 00 00 00 00 00 00 00 00 00 00 00 00 00 00 00 00 00 00 00 00 00 00 00 00 00 00 00 00 00 00 00 00 00 00 00 00 00 00 00 00
@sossrc_1_1 2026-10-09T10:01:14 4218 01 6C 00 00 00 00 02 00 00 00 58 02 00 00 EB 8C 00 00 02 04 00 00 02 2B 00 00 01 CA 00 00 00 02 2B 00 00 01 66 00 C2 01 00 00 00 00 00 00 00 00 00 00 00 00 01 01 E6 1C
@sos_1_1 2026-10-09T10:01:15 4219 01 00 6D 00 00 00 9C C9 08 00 38 C1 01 00 01 04 65 00 58 02 D0 07 C4 09 00 00 00 00 6F 00 01 01 00 00 00 08 01 00 01 00 04 00 02 00 00 00 00 00 00 00 00 00 00 00 00 00 00 00 01 00 08 00 00 08 02 00 00 00 00 00 00 00 00 00 00 00 00 00 00 00 00 00 00 00 00 00 00 00 00 00 00 00 00 00 00 00 00 00 00 00 00 00 00 00 00
@sossrc_1_1 2026-10-09T10:01:15 4220 01 6D 00 00 00 00 02 00 00 00 40 06 00 00 EB 8C 00 00 02 04 00 00 02 2B 00 00 01 CA 00 00 00 02 2B 00 00 01 66 00 C2 01 00 00 00 00 00 00 00 00 00 00 00 00 01 01 E6 1C
@sos_1_1 2026-10-09T10:01:16 4221 01 01 6E 00 00 00 2C CB 08 00 00 C2 01 00 01 04 65 00 58 02 D0 07 C4 09 00 00 00 00 6F 00 01 01 00 00 00 08 01 00 01 00 04 00 02 00 00 00 00 00 00 00 00 00 00 00 00 00 00 00 01 00 08 00 00 08 02 00 00 00 00 00 00 00 00 00 00 00 00 00 00 00 00 00 00 00 00 00 00 00 00 00 00 00 00 00 00 00 00 00 00 00 00 00 00 00 00
@sossrc_1_1 2026-10-09T10:01:16 4222 01 6E 00 00 00 00 02 00 00 00 00 00 00 00 ED 8C 00 00 02 04 00 00 02 2B 00 00 01 CA 00 00 00 02 2B 00 00 01 66 00 C2 01 EC 13 00 00 00 00 00 00 00 00 00 00 01 01 E6 1C
@sos_1_1 2026-10-09T10:01:16 4223 01 00 6F 00 00 00 84 CD 08 00 00 C2 01 00 01 04 65 00 58 02 D0 07 C4 09 00 00 00 00 6F 00 01 01 00 00 00 08 01 00 01 00 04 00 02 00 00 00 00 00 00 00 00 00 00 00 00 00 00 00 01 00 08 00 00 08 02 00 00 00 00 00 00 00 00 00 00 00 00 00 00 00 00 00 00 00 00 00 00 00 00 00 00 00 00 00 00 00 00 00 00 00 00 00 00 00 00
@sossrc_1_1 2026-10-09T10:01:16 4224 01 6F 00 00 00 00 02 00 00 00 58 02 00 00 ED 8C 00 00 02 04 00 00 02 2B 00 00 01 CA 00 00 00 02 2B 00 00 01 66 00 C2 01 00 00 00 00 00 00 00 00 00 00 00 00 01 01 E6 1C
@sos_1_1 2026-10-09T10:01:17 4225 01 00 70 00 00 00 6C D1 08 00 C8 C2 01 00 01 04 65 00 58 02 D0 07 C4 09 00 00 00 00 6F 00 01 01 00 00 00 08 01 00 01 00 04 00 02 00 00 00 00 00 00 00 00 00 00 00 00 00 00 00 01 00 08 00 00 08 02 00 00 00 00 00 00 00 00 00 00 00 00 00 00 00 00 00 00 00 00 00 00 00 00 00 00 00 00 00 00 00 00 00 00 00 00 00 00 00 00
@sossrc_1_1 2026-10-09T10:01:17 4226 01 70 00 00 00 00 02 00 00 00 40 06 00 00 ED 8C 00 00 02 04 00 00 02 2B 00 00 01 CA 00 00 00 02 2B 00 00 01 66 00 C2 01 00 00 00 00 00 00 00 00 00 00 00 00 01 01 E6 1C
@sos_1_1 2026-10-09T10:01:18 4227 01 01 71 00 00 00 FC D2 08 00 90 C3 01 00 01 04 65 00 58 02 D0 07 C4 09 00 00 00 00 6F 00 01 01 00 00 00 08 01 00 01 00 04 00 02 00 00 00 00 00 00 00 00 00 00 00 00 00 00 00 01 00 08 00 00 08 02 00 00 00 00 00 00 00 00 00 00 00 00 00 00 00 00 00 00 00 00 00 00 00 00 00 00 00 00 00 00 00 00 00 00 00 00 00 00 00 00
@sossrc_1_1 2026-10-09T10:01:18 4228 01 71 00 00 00 00 02 00 00 00 00 00 00 00 EF 8C 00 00 02 04 00 00 02 2B 00 00 01 CA 00 00 00 02 2B 00 00 01 66 00 C2 01 7C 15 00 00 00 00 00 00 00 00 00 00 01 01 E6 1C
@sos_1_1 2026-10-09T10:01:18 4229 01 00 72 00 00 00 54 D5 08 00 90 C3 01 00 01 04 65 00 58 02 D0 07 C4 09 00 00 00 00 6F 00 01 01 00 00 00 08 01 00 01 00 04 00 02 00 00 00 00 00 00 00 00 00 00 00 00 00 00 00 01 00 08 00 00 08 02 00 00 00 00 00 00 00 00 00 00 00 00 00 00 00 00 00 00 00 00 00 00 00 00 00 00 00 00 00 00 00 00 00 00 00 00 00 00 00 00
@sossrc_1_1 2026-10-09T10:01:18 4230 01 72 00 00 00 00 02 00 00 00 58 02 00 00 EF 8C 00 00 02 04 00 00 02 2B 00 00 01 CA 00 00 00 02 2B 00 00 01 66 00 C2 01 00 00 00 00 00 00 00 00 00 00 00 00 01 01 E6 1C
@sos_1_1 2026-10-09T10:01:19 4231 01 00 73 00 00 00 3C D9 08 00 58 C4 01 00 01 04 65 00 58 02 D0 07 C4 09 00 00 00 00 6F 00 01 01 00 00 00 08 01 00 01 00 04 00 02 00 00 00 00 00 00 00 00 00 00 00 00 00 00 00 01 00 08 00 00 08 02 00 00 00 00 00 00 00 00 00 00 00 00 00 00 00 00 00 00 00 00 00 00 00 00 00 00 00 00 00 00 00 00 00 00 00 00 00 00 00 00
@sossrc_1_1 2026-10-09T10:01:19 4232 01 73 00 00 00 00 02 00 00 00 40 06 00 00 EF 8C 00 00 02 04 00 00 02 2B 00 00 01 CA 00 00 00 02 2B 00 00 01 66 00 C2 01 00 00 00 00 00 00 00 00 00 00 00 00 01 01 E6 1C
@sos_1_1 2026-10-09T10:01:20 4233 01 01 74 00 00 00 CC DA 08 00 20 C5 01 00 01 04 65 00 58 02 D0 07 C4 09 00 00 00 00 6F 00 01 01 00 00 00 08 01 00 01 00 04 00 02 00 00 00 00 00 00 00 00 00 00 00 00 00 00 00 01 00 08 00 00 08 02 00 00 00 00 00 00 00 00 00 00 00 00 00 00 00 00 00 00 00 00 00 00 00 00 00 00 00 00 00 00 00 00 00 00 00 00 00 00 00 00
@sossrc_1_1 2026-10-09T10:01:20 4234 01 74 00 00 00 00 02 00 00 00 00 00 00 00 F1 8C 00 00 02 04 00 00 02 2B 00 00 01 CA 00 00 00 02 2B 00 00 01 66 00 C2 01 0C 17 00 00 00 00 00 00 00 00 00 00 01 01 E6 1C
@sos_1_1 2026-10-09T10:01:20 4235 01 00 75 00 00 00 24 DD 08 00 20 C5 01 00 01 04 65 00 58 02 D0 07 C4 09 00 00 00 00 6F 00 01 01 00 00 00 08 01 00 01 00 04 00 02 00 00 00 00 00 00 00 00 00 00 00 00 00 00 00 01 00 08 00 00 08 02 00 00 00 00 00 00 00 00 00 00 00 00 00 00 00 00 00 00 00 00 00 00 00 00 00 00 00 00 00 00 00 00 00 00 00 00 00 00 00 00
@sossrc_1_1 2026-10-09T10:01:20 4236 01 75 00 00 00 00 02 00 00 00 58 02 00 00 F1 8C 00 00 02 04 00 00 02 2B 00 00 01 CA 00 00 00 02 2B 00 00 01 66 00 C2 01 00 00 00 00 00 00 00 00 00 00 00 00 01 01 E6 1C
@sosev_1_1 2026-10-09T10:01:21 4237 01 B4 DE 08 00 75 00 00 00 01 00 00 03 00 00 00 70 49 00 00 E8 C5 01 00 D0 07 04
@sos_1_1 2026-10-09T10:01:21 4238 01 00 76 00 00 00 0C E1 08 00 E8 C5 01 00 01 04 65 00 58 02 D0 07 C4 09 00 00 00 00 6F 00 01 01 00 00 00 08 03 00 01 00 04 00 02 00 00 00 00 00 00 00 00 00 00 00 00 00 00 00 01 00 08 00 00 08 02 00 00 00 00 00 00 00 00 00 00 00 00 00 00 00 00 00 00 00 00 00 00 00 00 00 00 00 00 00 00 00 00 00 00 00 00 00 00 00 00
@sossrc_1_1 2026-10-09T10:01:21 4239 01 76 00 00 00 00 02 00 00 00 40 06 00 00 F1 8C 00 00 02 04 00 00 02 2B 00 00 01 CA 00 00 00 02 2B 00 00 01 66 00 C2 01 00 00 00 00 00 00 00 00 00 00 00 00 01 01 E6 1C
@sossrc_1_1 2026-10-09T10:01:21 4240 01 76 00 00 00 01 03 00 00 00 58 02 00 00 F2 8C 00 00 00 04 00 00 A8 34 00 00 01 CB 00 00 00 BC 34 00 00 02 67 00 08 02 70 49 00 00 00 00 00 00 00 00 00 00 00 00 A7 15
@sos_1_1 2026-10-09T10:01:22 4241 01 01 77 00 00 00 9C E2 08 00 B0 C6 01 00 01 04 65 00 58 02 D0 07 C4 09 00 00 00 00 6F 00 01 01 00 00 00 08 03 00 01 00 04 00 02 00 00 00 00 00 00 00 00 00 00 00 00 00 00 00 01 00 08 00 00 08 02 00 00 00 00 00 00 00 00 00 00 00 00 00 00 00 00 00 00 00 00 00 00 00 00 00 00 00 00 00 00 00 00 00 00 00 00 00 00 00 00
@sossrc_1_1 2026-10-09T10:01:22 4242 01 77 00 00 00 00 02 00 00 00 00 00 00 00 F3 8C 00 00 02 04 00 00 02 2B 00 00 01 CA 00 00 00 02 2B 00 00 01 66 00 C2 01 9C 18 00 00 00 00 00 00 00 00 00 00 01 01 E6 1C
@sossrc_1_1 2026-10-09T10:01:22 4243 01 77 00 00 00 01 03 00 00 00 E8 03 00 00 F2 8C 00 00 00 04 00 00 A8 34 00 00 01 CB 00 00 00 BC 34 00 00 02 67 00 08 02 70 49 00 00 00 00 00 00 00 00 00 00 00 00 A7 15
@sos_1_1 2026-10-09T10:01:22 4244 01 00 78 00 00 00 F4 E4 08 00 B0 C6 01 00 01 04 65 00 58 02 D0 07 C4 09 00 00 00 00 6F 00 01 01 00 00 00 08 03 00 01 00 04 00 02 00 00 00 00 00 00 00 00 00 00 00 00 00 00 00 01 00 08 00 00 08 02 00 00 00 00 00 00 00 00 00 00 00 00 00 00 00 00 00 00 00 00 00 00 00 00 00 00 00 00 00 00 00 00 00 00 00 00 00 00 00 00
@sossrc_1_1 2026-10-09T10:01:22 4245 01 78 00 00 00 00 02 00 00 00 58 02 00 00 F3 8C 00 00 02 04 00 00 02 2B 00 00 01 CA 00 00 00 02 2B 00 00 01 66 00 C2 01 00 00 00 00 00 00 00 00 00 00 00 00 01 01 E6 1C
@sossrc_1_1 2026-10-09T10:01:22 4246 01 78 00 00 00 01 03 00 00 00 40 06 00 00 F2 8C 00 00 00 04 00 00 A8 34 00 00 01 CB 00 00 00 BC 34 00 00 02 67 00 08 02 70 49 00 00 00 00 00 00 00 00 00 00 00 00 A7 15
@sos_1_1 2026-10-09T10:01:23 4247 01 00 79 00 00 00 DC E8 08 00 78 C7 01 00 01 04 65 00 58 02 D0 07 C4 09 00 00 00 00 6F 00 01 01 00 00 00 08 03 00 01 00 04 00 02 00 00 00 00 00 00 00 00 00 00 00 00 00 00 00 01 00 08 00 00 08 02 00 00 00 00 00 00 00 00 00 00 00 00 00 00 00 00 00 00 00 00 00 00 00 00 00 00 00 00 00 00 00 00 00 00 00 00 00 00 00 00
@sossrc_1_1 2026-10-09T10:01:23 4248 01 79 00 00 00 00 02 00 00 00 40 06 00 00 F3 8C 00 00 02 04 00 00 02 2B 00 00 01 CA 00 00 00 02 2B 00 00 01 66 00 C2 01 00 00 00 00 00 00 00 00 00 00 00 00 01 01 E6 1C
@sossrc_1_1 2026-10-09T10:01:23 4249 01 79 00 00 00 01 03 00 00 00 58 02 00 00 F4 8C 00 00 00 04 00 00 A8 34 00 00 01 CB 00 00 00 BC 34 00 00 02 67 00 08 02 E0 47 00 00 00 00 00 00 00 00 00 00 00 00 A7 15
@sos_1_1 2026-10-09T10:01:24 4250 01 01 7A 00 00 00 6C EA 08 00 40 C8 01 00 01 04 65 00 58 02 D0 07 C4 09 00 00 00 00 6F 00 01 01 00 00 00 08 03 00 01 00 04 00 02 00 00 00 00 00 00 00 00 00 00 00 00 00 00 00 01 00 08 00 00 08 02 00 00 00 00 00 00 00 00 00 00 00 00 00 00 00 00 00 00 00 00 00 00 00 00 00 00 00 00 00 00 00 00 00 00 00 00 00 00 00 00
@sossrc_1_1 2026-10-09T10:01:24 4251 01 7A 00 00 00 00 02 00 00 00 00 00 00 00 F5 8C 00 00 02 04 00 00 02 2B 00 00 01 CA 00 00 00 02 2B 00 00 01 66 00 C2 01 2C 1A 00 00 00 00 00 00 00 00 00 00 01 01 E6 1C
@sossrc_1_1 2026-10-09T10:01:24 4252 01 7A 00 00 00 01 03 00 00 00 E8 03 00 00 F4 8C 00 00 00 04 00 00 A8 34 00 00 01 CB 00 00 00 BC 34 00 00 02 67 00 08 02 E0 47 00 00 00 00 00 00 00 00 00 00 00 00 A7 15
@sos_1_1 2026-10-09T10:01:24 4253 01 00 7B 00 00 00 C4 EC 08 00 40 C8 01 00 01 04 65 00 58 02 D0 07 C4 09 00 00 00 00 6F 00 01 01 00 00 00 08 03 00 01 00 04 00 02 00 00 00 00 00 00 00 00 00 00 00 00 00 00 00 01 00 08 00 00 08 02 00 00 00 00 00 00 00 00 00 00 00 00 00 00 00 00 00 00 00 00 00 00 00 00 00 00 00 00 00 00 00 00 00 00 00 00 00 00 00 00
@sossrc_1_1 2026-10-09T10:01:24 4254 01 7B 00 00 00 00 02 00 00 00 58 02 00 00 F5 8C 00 00 02 04 00 00 02 2B 00 00 01 CA 00 00 00 02 2B 00 00 01 66 00 C2 01 00 00 00 00 00 00 00 00 00 00 00 00 01 01 E6 1C
@sossrc_1_1 2026-10-09T10:01:24 4255 01 7B 00 00 00 01 03 00 00 00 40 06 00 00 F4 8C 00 00 00 04 00 00 A8 34 00 00 01 CB 00 00 00 BC 34 00 00 02 67 00 08 02 E0 47 00 00 00 00 00 00 00 00 00 00 00 00 A7 15
@sos_1_1 2026-10-09T10:01:25 4256 01 00 7C 00 00 00 AC F0 08 00 08 C9 01 00 01 04 65 00 58 02 D0 07 C4 09 00 00 00 00 6F 00 01 01 00 00 00 08 03 00 01 00 04 00 02 00 00 00 00 00 00 00 00 00 00 00 00 00 00 00 01 00 08 00 00 08 02 00 00 00 00 00 00 00 00 00 00 00 00 00 00 00 00 00 00 00 00 00 00 00 00 00 00 00 00 00 00 00 00 00 00 00 00 00 00 00 00
@sossrc_1_1 2026-10-09T10:01:25 4257 01 7C 00 00 00 00 02 00 00 00 40 06 00 00 F5 8C 00 00 02 04 00 00 02 2B 00 00 01 CA 00 00 00 02 2B 00 00 01 66 00 C2 01 00 00 00 00 00 00 00 00 00 00 00 00 01 01 E6 1C
@sossrc_1_1 2026-10-09T10:01:25 4258 01 7C 00 00 00 01 03 00 00 00 58 02 00 00 F6 8C 00 00 00 04 00 00 A8 34 00 00 01 CB 00 00 00 BC 34 00 00 02 67 00 08 02 50 46 00 00 00 00 00 00 00 00 00 00 00 00 A7 15
@sos_1_1 2026-10-09T10:01:26 4259 01 01 7D 00 00 00 3C F2 08 00 D0 C9 01 00 01 04 65 00 58 02 D0 07 C4 09 00 00 00 00 6F 00 01 01 00 00 00 08 03 00 01 00 04 00 02 00 00 00 00 00 00 00 00 00 00 00 00 00 00 00 01 00 08 00 00 08 02 00 00 00 00 00 00 00 00 00 00 00 00 00 00 00 00 00 00 00 00 00 00 00 00 00 00 00 00 00 00 00 00 00 00 00 00 00 00 00 00
@sossrc_1_1 2026-10-09T10:01:26 4260 01 7D 00 00 00 00 02 00 00 00 00 00 00 00 F7 8C 00 00 02 04 00 00 02 2B 00 00 01 CA 00 00 00 02 2B 00 00 01 66 00 C2 01 BC 1B 00 00 00 00 00 00 00 00 00 00 01 01 E6 1C
@sossrc_1_1 2026-10-09T10:01:26 4261 01 7D 00 00 00 01 03 00 00 00 E8 03 00 00 F6 8C 00 00 00 04 00 00 A8 34 00 00 01 CB 00 00 00 BC 34 00 00 02 67 00 08 02 50 46 00 00 00 00 00 00 00 00 00 00 00 00 A7 15
@sos_1_1 2026-10-09T10:01:26 4262 01 00 7E 00 00 00 94 F4 08 00 D0 C9 01 00 01 04 65 00 58 02 D0 07 C4 09 00 00 00 00 6F 00 01 01 00 00 00 08 03 00 01 00 04 00 02 00 00 00 00 00 00 00 00 00 00 00 00 00 00 00 01 00 08 00 00 08 02 00 00 00 00 00 00 00 00 00 00 00 00 00 00 00 00 00 00 00 00 00 00 00 00 00 00 00 00 00 00 00 00 00 00 00 00 00 00 00 00
@sossrc_1_1 2026-10-09T10:01:26 4263 01 7E 00 00 00 00 02 00 00 00 58 02 00 00 F7 8C 00 00 02 04 00 00 02 2B 00 00 01 CA 00 00 00 02 2B 00 00 01 66 00 C2 01 00 00 00 00 00 00 00 00 00 00 00 00 01 01 E6 1C
@sossrc_1_1 2026-10-09T10:01:26 4264 01 7E 00 00 00 01 03 00 00 00 40 06 00 00 F6 8C 00 00 00 04 00 00 A8 34 00 00 01 CB 00 00 00 BC 34 00 00 02 67 00 08 02 50 46 00 00 00 00 00 00 00 00 00 00 00 00 A7 15
@sos_1_1 2026-10-09T10:01:27 4265 01 00 7F 00 00 00 7C F8 08 00 98 CA 01 00 01 04 65 00 58 02 D0 07 C4 09 00 00 00 00 6F 00 01 01 00 00 00 08 03 00 01 00 04 00 02 00 00 00 00 00 00 00 00 00 00 00 00 00 00 00 01 00 08 00 00 08 02 00 00 00 00 00 00 00 00 00 00 00 00 00 00 00 00 00 00 00 00 00 00 00 00 00 00 00 00 00 00 00 00 00 00 00 00 00 00 00 00
@sossrc_1_1 2026-10-09T10:01:27 4266 01 7F 00 00 00 00 02 00 00 00 40 06 00 00 F7 8C 00 00 02 04 00 00 02 2B 00 00 01 CA 00 00 00 02 2B 00 00 01 66 00 C2 01 00 00 00 00 00 00 00 00 00 00 00 00 01 01 E6 1C
@sossrc_1_1 2026-10-09T10:01:27 4267 01 7F 00 00 00 01 03 00 00 00 58 02 00 00 F8 8C 00 00 00 04 00 00 A8 34 00 00 01 CB 00 00 00 BC 34 00 00 02 67 00 08 02 C0 44 00 00 00 00 00 00 00 00 00 00 00 00 A7 15
@sos_1_1 2026-10-09T10:01:28 4268 01 01 80 00 00 00 0C FA 08 00 60 CB 01 00 01 04 65 00 58 02 D0 07 C4 09 00 00 00 00 6F 00 01 01 00 00 00 08 03 00 01 00 04 00 02 00 00 00 00 00 00 00 00 00 00 00 00 00 00 00 01 00 08 00 00 08 02 00 00 00 00 00 00 00 00 00 00 00 00 00 00 00 00 00 00 00 00 00 00 00 00 00 00 00 00 00 00 00 00 00 00 00 00 00 00 00 00
@sossrc_1_1 2026-10-09T10:01:28 4269 01 80 00 00 00 00 02 00 00 00 00 00 00 00 F9 8C 00 00 02 04 00 00 02 2B 00 00 01 CA 00 00 00 02 2B 00 00 01 66 00 C2 01 4C 1D 00 00 00 00 00 00 00 00 00 00 01 01 E6 1C
@sossrc_1_1 2026-10-09T10:01:28 4270 01 80 00 00 00 01 03 00 00 00 E8 03 00 00 F8 8C 00 00 00 04 00 00 A8 34 00 00 01 CB 00 00 00 BC 34 00 00 02 67 00 08 02 C0 44 00 00 00 00 00 00 00 00 00 00 00 00 A7 15
@sos_1_1 2026-10-09T10:01:28 4271 01 00 81 00 00 00 64 FC 08 00 60 CB 01 00 01 04 65 00 58 02 D0 07 C4 09 00 00 00 00 6F 00 01 01 00 00 00 08 03 00 01 00 04 00 02 00 00 00 00 00 00 00 00 00 00 00 00 00 00 00 01 00 08 00 00 08 02 00 00 00 00 00 00 00 00 00 00 00 00 00 00 00 00 00 00 00 00 00 00 00 00 00 00 00 00 00 00 00 00 00 00 00 00 00 00 00 00
@sossrc_1_1 2026-10-09T10:01:28 4272 01 81 00 00 00 00 02 00 00 00 58 02 00 00 F9 8C 00 00 02 04 00 00 02 2B 00 00 01 CA 00 00 00 02 2B 00 00 01 66 00 C2 01 00 00 00 00 00 00 00 00 00 00 00 00 01 01 E6 1C
@sossrc_1_1 2026-10-09T10:01:28 4273 01 81 00 00 00 01 03 00 00 00 40 06 00 00 F8 8C 00 00 00 04 00 00 A8 34 00 00 01 CB 00 00 00 BC 34 00 00 02 67 00 08 02 C0 44 00 00 00 00 00 00 00 00 00 00 00 00 A7 15
@sos_1_1 2026-10-09T10:01:29 4274 01 00 82 00 00 00 4C 00 09 00 28 CC 01 00 01 04 65 00 58 02 D0 07 C4 09 00 00 00 00 6F 00 01 01 00 00 00 08 03 00 01 00 04 00 02 00 00 00 00 00 00 00 00 00 00 00 00 00 00 00 01 00 08 00 00 08 02 00 00 00 00 00 00 00 00 00 00 00 00 00 00 00 00 00 00 00 00 00 00 00 00 00 00 00 00 00 00 00 00 00 00 00 00 00 00 00 00
@sossrc_1_1 2026-10-09T10:01:29 4275 01 82 00 00 00 00 02 00 00 00 40 06 00 00 F9 8C 00 00 02 04 00 00 02 2B 00 00 01 CA 00 00 00 02 2B 00 00 01 66 00 C2 01 00 00 00 00 00 00 00 00 00 00 00 00 01 01 E6 1C
@sossrc_1_1 2026-10-09T10:01:29 4276 01 82 00 00 00 01 03 00 00 00 58 02 00 00 FA 8C 00 00 00 04 00 00 A8 34 00 00 01 CB 00 00 00 BC 34 00 00 02 67 00 08 02 30 43 00 00 00 00 00 00 00 00 00 00 00 00 A7 15
@sos_1_1 2026-10-09T10:01:30 4277 01 01 83 00 00 00 DC 01 09 00 F0 CC 01 00 01 04 65 00 58 02 D0 07 C4 09 00 00 00 00 6F 00 01 01 00 00 00 08 03 00 01 00 04 00 02 00 00 00 00 00 00 00 00 00 00 00 00 00 00 00 01 00 08 00 00 08 02 00 00 00 00 00 00 00 00 00 00 00 00 00 00 00 00 00 00 00 00 00 00 00 00 00 00 00 00 00 00 00 00 00 00 00 00 00 00 00 00
@sossrc_1_1 2026-10-09T10:01:30 4278 01 83 00 00 00 00 02 00 00 00 00 00 00 00 FB 8C 00 00 02 04 00 00 02 2B 00 00 01 CA 00 00 00 02 2B 00 00 01 66 00 C2 01 DC 1E 00 00 00 00 00 00 00 00 00 00 01 01 E6 1C
@sossrc_1_1 2026-10-09T10:01:30 4279 01 83 00 00 00 01 03 00 00 00 E8 03 00 00 FA 8C 00 00 00 04 00 00 A8 34 00 00 01 CB 00 00 00 BC 34 00 00 02 67 00 08 02 30 43 00 00 00 00 00 00 00 00 00 00 00 00 A7 15
@sos_1_1 2026-10-09T10:01:30 4280 01 00 84 00 00 00 34 04 09 00 F0 CC 01 00 01 04 65 00 58 02 D0 07 C4 09 00 00 00 00 6F 00 01 01 00 00 00 08 03 00 01 00 04 00 02 00 00 00 00 00 00 00 00 00 00 00 00 00 00 00 01 00 08 00 00 08 02 00 00 00 00 00 00 00 00 00 00 00 00 00 00 00 00 00 00 00 00 00 00 00 00 00 00 00 00 00 00 00 00 00 00 00 00 00 00 00 00
@sossrc_1_1 2026-10-09T10:01:30 4281 01 84 00 00 00 00 02 00 00 00 58 02 00 00 FB 8C 00 00 02 04 00 00 02 2B 00 00 01 CA 00 00 00 02 2B 00 00 01 66 00 C2 01 00 00 00 00 00 00 00 00 00 00 00 00 01 01 E6 1C
@sossrc_1_1 2026-10-09T10:01:30 4282 01 84 00 00 00 01 03 00 00 00 40 06 00 00 FA 8C 00 00 00 04 00 00 A8 34 00 00 01 CB 00 00 00 BC 34 00 00 02 67 00 08 02 30 43 00 00 00 00 00 00 00 00 00 00 00 00 A7 15
@sosev_1_1 2026-10-09T10:01:31 4283 01 C4 05 09 00 84 00 00 00 07 03 00 03 00 00 00 A0 41 00 00 B8 CD 01 00 D0 07 04
@sosev_1_1 2026-10-09T10:01:31 4284 01 C4 05 09 00 84 00 00 00 0A 03 00 16 00 00 00 A0 41 00 00 B8 CD 01 00 D0 07 04
@sos_1_1 2026-10-09T10:01:31 4285 01 01 85 00 00 00 C4 05 09 00 B8 CD 01 00 01 04 65 00 58 02 D0 07 C4 09 00 00 00 00 6F 00 01 01 00 00 00 08 03 00 03 00 04 00 02 00 00 00 00 00 00 00 00 00 00 00 00 00 00 00 01 00 08 00 00 08 02 00 00 00 00 00 00 00 00 00 00 00 00 00 00 00 00 00 00 00 00 00 00 00 00 00 00 00 00 00 00 00 00 00 00 00 00 00 00 00 00
@sossrc_1_1 2026-10-09T10:01:31 4286 01 85 00 00 00 00 02 00 00 00 E8 03 00 00 FB 8C 00 00 02 04 00 00 02 2B 00 00 01 CA 00 00 00 02 2B 00 00 01 66 00 C2 01 00 00 00 00 00 00 00 00 00 00 00 00 01 01 E6 1C
@sossrc_1_1 2026-10-09T10:01:31 4287 01 85 00 00 00 01 03 00 00 00 00 00 00 00 FC 8C 00 00 01 04 00 00 A8 34 00 00 01 CB 00 00 00 BC 34 00 00 02 67 00 08 02 A0 41 00 00 A0 41 00 00 00 00 00 00 02 02 A7 15
@sos_1_1 2026-10-09T10:01:31 4288 01 00 86 00 00 00 1C 08 09 00 B8 CD 01 00 01 04 65 00 58 02 D0 07 C4 09 00 00 00 00 6F 00 01 01 00 00 00 08 03 00 03 00 04 00 02 00 00 00 00 00 00 00 00 00 00 00 00 00 00 00 01 00 08 00 00 08 02 00 00 00 00 00 00 00 00 00 00 00 00 00 00 00 00 00 00 00 00 00 00 00 00 00 00 00 00 00 00 00 00 00 00 00 00 00 00 00 00
@sossrc_1_1 2026-10-09T10:01:31 4289 01 86 00 00 00 00 02 00 00 00 40 06 00 00 FB 8C 00 00 02 04 00 00 02 2B 00 00 01 CA 00 00 00 02 2B 00 00 01 66 00 C2 01 00 00 00 00 00 00 00 00 00 00 00 00 01 01 E6 1C
@sossrc_1_1 2026-10-09T10:01:31 4290 01 86 00 00 00 01 03 00 00 00 58 02 00 00 FC 8C 00 00 01 04 00 00 A8 34 00 00 01 CB 00 00 00 BC 34 00 00 02 67 00 08 02 A0 41 00 00 A0 41 00 00 00 00 00 00 02 02 A7 15
@sos_1_1 2026-10-09T10:01:32 4291 01 01 87 00 00 00 AC 09 09 00 80 CE 01 00 01 04 65 00 58 02 D0 07 C4 09 00 00 00 00 6F 00 01 01 00 00 00 08 03 00 03 00 04 00 02 00 00 00 00 00 00 00 00 00 00 00 00 00 00 00 01 00 08 00 00 08 02 00 00 00 00 00 00 00 00 00 00 00 00 00 00 00 00 00 00 00 00 00 00 00 00 00 00 00 00 00 00 00 00 00 00 00 00 00 00 00 00
@sossrc_1_1 2026-10-09T10:01:32 4292 01 87 00 00 00 00 02 00 00 00 00 00 00 00 FD 8C 00 00 02 04 00 00 02 2B 00 00 01 CA 00 00 00 02 2B 00 00 01 66 00 C2 01 6C 20 00 00 00 00 00 00 00 00 00 00 01 01 E6 1C
@sossrc_1_1 2026-10-09T10:01:32 4293 01 87 00 00 00 01 03 00 00 00 E8 03 00 00 FC 8C 00 00 01 04 00 00 A8 34 00 00 01 CB 00 00 00 BC 34 00 00 02 67 00 08 02 A0 41 00 00 A0 41 00 00 00 00 00 00 02 02 A7 15
@sos_1_1 2026-10-09T10:01:32 4294 01 00 88 00 00 00 04 0C 09 00 80 CE 01 00 01 04 65 00 58 02 D0 07 C4 09 00 00 00 00 6F 00 01 01 00 00 00 08 03 00 03 00 04 00 02 00 00 00 00 00 00 00 00 00 00 00 00 00 00 00 01 00 08 00 00 08 02 00 00 00 00 00 00 00 00 00 00 00 00 00 00 00 00 00 00 00 00 00 00 00 00 00 00 00 00 00 00 00 00 00 00 00 00 00 00 00 00
@sossrc_1_1 2026-10-09T10:01:32 4295 01 88 00 00 00 00 02 00 00 00 58 02 00 00 FD 8C 00 00 02 04 00 00 02 2B 00 00 01 CA 00 00 00 02 2B 00 00 01 66 00 C2 01 00 00 00 00 00 00 00 00 00 00 00 00 01 01 E6 1C
@sossrc_1_1 2026-10-09T10:01:32 4296 01 88 00 00 00 01 03 00 00 00 40 06 00 00 FC 8C 00 00 01 04 00 00 A8 34 00 00 01 CB 00 00 00 BC 34 00 00 02 67 00 08 02 D8 40 00 00 D8 40 00 00 00 00 00 00 02 02 A7 15
@sos_1_1 2026-10-09T10:01:33 4297 01 01 89 00 00 00 94 0D 09 00 48 CF 01 00 01 04 65 00 58 02 D0 07 C4 09 00 00 00 00 6F 00 01 01 00 00 00 08 03 00 03 00 04 00 02 00 00 00 00 00 00 00 00 00 00 00 00 00 00 00 01 00 08 00 00 08 02 00 00 00 00 00 00 00 00 00 00 00 00 00 00 00 00 00 00 00 00 00 00 00 00 00 00 00 00 00 00 00 00 00 00 00 00 00 00 00 00
@sossrc_1_1 2026-10-09T10:01:33 4298 01 89 00 00 00 00 02 00 00 00 E8 03 00 00 FD 8C 00 00 02 04 00 00 02 2B 00 00 01 CA 00 00 00 02 2B 00 00 01 66 00 C2 01 00 00 00 00 00 00 00 00 00 00 00 00 01 01 E6 1C
@sossrc_1_1 2026-10-09T10:01:33 4299 01 89 00 00 00 01 03 00 00 00 00 00 00 00 FE 8C 00 00 01 04 00 00 A8 34 00 00 01 CB 00 00 00 BC 34 00 00 02 67 00 08 02 10 40 00 00 10 40 00 00 00 00 00 00 02 02 A7 15
@sos_1_1 2026-10-09T10:01:33 4300 01 00 8A 00 00 00 EC 0F 09 00 48 CF 01 00 01 04 65 00 58 02 D0 07 C4 09 00 00 00 00 6F 00 01 01 00 00 00 08 03 00 03 00 04 00 02 00 00 00 00 00 00 00 00 00 00 00 00 00 00 00 01 00 08 00 00 08 02 00 00 00 00 00 00 00 00 00 00 00 00 00 00 00 00 00 00 00 00 00 00 00 00 00 00 00 00 00 00 00 00 00 00 00 00 00 00 00 00
@sossrc_1_1 2026-10-09T10:01:33 4301 01 8A 00 00 00 00 02 00 00 00 40 06 00 00 FD 8C 00 00 02 04 00 00 02 2B 00 00 01 CA 00 00 00 02 2B 00 00 01 66 00 C2 01 00 00 00 00 00 00 00 00 00 00 00 00 01 01 E6 1C
@sossrc_1_1 2026-10-09T10:01:33 4302 01 8A 00 00 00 01 03 00 00 00 58 02 00 00 FE 8C 00 00 01 04 00 00 A8 34 00 00 01 CB 00 00 00 BC 34 00 00 02 67 00 08 02 10 40 00 00 10 40 00 00 00 00 00 00 02 02 A7 15
@sos_1_1 2026-10-09T10:01:34 4303 01 01 8B 00 00 00 7C 11 09 00 10 D0 01 00 01 04 65 00 58 02 D0 07 C4 09 00 00 00 00 6F 00 01 01 00 00 00 08 03 00 03 00 04 00 02 00 00 00 00 00 00 00 00 00 00 00 00 00 00 00 01 00 08 00 00 08 02 00 00 00 00 00 00 00 00 00 00 00 00 00 00 00 00 00 00 00 00 00 00 00 00 00 00 00 00 00 00 00 00 00 00 00 00 00 00 00 00
@sossrc_1_1 2026-10-09T10:01:34 4304 01 8B 00 00 00 00 02 00 00 00 00 00 00 00 FF 8C 00 00 02 04 00 00 02 2B 00 00 01 CA 00 00 00 02 2B 00 00 01 66 00 C2 01 FC 21 00 00 00 00 00 00 00 00 00 00 01 01 E6 1C
@sossrc_1_1 2026-10-09T10:01:34 4305 01 8B 00 00 00 01 03 00 00 00 E8 03 00 00 FE 8C 00 00 01 04 00 00 A8 34 00 00 01 CB 00 00 00 BC 34 00 00 02 67 00 08 02 10 40 00 00 10 40 00 00 00 00 00 00 02 02 A7 15
@sos_1_1 2026-10-09T10:01:34 4306 01 00 8C 00 00 00 D4 13 09 00 10 D0 01 00 01 04 65 00 58 02 D0 07 C4 09 00 00 00 00 6F 00 01 01 00 00 00 08 03 00 03 00 04 00 02 00 00 00 00 00 00 00 00 00 00 00 00 00 00 00 01 00 08 00 00 08 02 00 00 00 00 00 00 00 00 00 00 00 00 00 00 00 00 00 00 00 00 00 00 00 00 00 00 00 00 00 00 00 00 00 00 00 00 00 00 00 00
@sossrc_1_1 2026-10-09T10:01:34 4307 01 8C 00 00 00 00 02 00 00 00 58 02 00 00 FF 8C 00 00 02 04 00 00 02 2B 00 00 01 CA 00 00 00 02 2B 00 00 01 66 00 C2 01 00 00 00 00 00 00 00 00 00 00 00 00 01 01 E6 1C
@sossrc_1_1 2026-10-09T10:01:34 4308 01 8C 00 00 00 01 03 00 00 00 40 06 00 00 FE 8C 00 00 01 04 00 00 A8 34 00 00 01 CB 00 00 00 BC 34 00 00 02 67 00 08 02 48 3F 00 00 48 3F 00 00 00 00 00 00 02 02 A7 15
@sos_1_1 2026-10-09T10:01:35 4309 01 01 8D 00 00 00 64 15 09 00 D8 D0 01 00 01 04 65 00 58 02 D0 07 C4 09 00 00 00 00 6F 00 01 01 00 00 00 08 03 00 03 00 04 00 02 00 00 00 00 00 00 00 00 00 00 00 00 00 00 00 01 00 08 00 00 08 02 00 00 00 00 00 00 00 00 00 00 00 00 00 00 00 00 00 00 00 00 00 00 00 00 00 00 00 00 00 00 00 00 00 00 00 00 00 00 00 00
@sossrc_1_1 2026-10-09T10:01:35 4310 01 8D 00 00 00 00 02 00 00 00 E8 03 00 00 FF 8C 00 00 02 04 00 00 02 2B 00 00 01 CA 00 00 00 02 2B 00 00 01 66 00 C2 01 00 00 00 00 00 00 00 00 00 00 00 00 01 01 E6 1C
@sossrc_1_1 2026-10-09T10:01:35 4311 01 8D 00 00 00 01 03 00 00 00 00 00 00 00 00 8D 00 00 01 04 00 00 A8 34 00 00 01 CB 00 00 00 BC 34 00 00 02 67 00 08 02 80 3E 00 00 80 3E 00 00 00 00 00 00 02 02 A7 15
@sos_1_1 2026-10-09T10:01:35 4312 01 00 8E 00 00 00 BC 17 09 00 D8 D0 01 00 01 04 65 00 58 02 D0 07 C4 09 00 00 00 00 6F 00 01 01 00 00 00 08 03 00 03 00 04 00 02 00 00 00 00 00 00 00 00 00 00 00 00 00 00 00 01 00 08 00 00 08 02 00 00 00 00 00 00 00 00 00 00 00 00 00 00 00 00 00 00 00 00 00 00 00 00 00 00 00 00 00 00 00 00 00 00 00 00 00 00 00 00
@sossrc_1_1 2026-10-09T10:01:35 4313 01 8E 00 00 00 00 02 00 00 00 40 06 00 00 FF 8C 00 00 02 04 00 00 02 2B 00 00 01 CA 00 00 00 02 2B 00 00 01 66 00 C2 01 00 00 00 00 00 00 00 00 00 00 00 00 01 01 E6 1C
@sossrc_1_1 2026-10-09T10:01:35 4314 01 8E 00 00 00 01 03 00 00 00 58 02 00 00 00 8D 00 00 01 04 00 00 A8 34 00 00 01 CB 00 00 00 BC 34 00 00 02 67 00 08 02 80 3E 00 00 80 3E 00 00 00 00 00 00 02 02 A7 15
@sos_1_1 2026-10-09T10:01:36 4315 01 01 8F 00 00 00 4C 19 09 00 A0 D1 01 00 01 04 65 00 58 02 D0 07 C4 09 00 00 00 00 6F 00 01 01 00 00 00 08 03 00 03 00 04 00 02 00 00 00 00 00 00 00 00 00 00 00 00 00 00 00 01 00 08 00 00 08 02 00 00 00 00 00 00 00 00 00 00 00 00 00 00 00 00 00 00 00 00 00 00 00 00 00 00 00 00 00 00 00 00 00 00 00 00 00 00 00 00
@sossrc_1_1 2026-10-09T10:01:36 4316 01 8F 00 00 00 00 02 00 00 00 00 00 00 00 01 8D 00 00 02 04 00 00 02 2B 00 00 01 CA 00 00 00 02 2B 00 00 01 66 00 C2 01 8C 23 00 00 00 00 00 00 00 00 00 00 01 01 E6 1C
@sossrc_1_1 2026-10-09T10:01:36 4317 01 8F 00 00 00 01 03 00 00 00 E8 03 00 00 00 8D 00 00 01 04 00 00 A8 34 00 00 01 CB 00 00 00 BC 34 00 00 02 67 00 08 02 80 3E 00 00 80 3E 00 00 00 00 00 00 02 02 A7 15
@sos_1_1 2026-10-09T10:01:36 4318 01 00 90 00 00 00 A4 1B 09 00 A0 D1 01 00 01 04 65 00 58 02 D0 07 C4 09 00 00 00 00 6F 00 01 01 00 00 00 08 03 00 03 00 04 00 02 00 00 00 00 00 00 00 00 00 00 00 00 00 00 00 01 00 08 00 00 08 02 00 00 00 00 00 00 00 00 00 00 00 00 00 00 00 00 00 00 00 00 00 00 00 00 00 00 00 00 00 00 00 00 00 00 00 00 00 00 00 00
@sossrc_1_1 2026-10-09T10:01:36 4319 01 90 00 00 00 00 02 00 00 00 58 02 00 00 01 8D 00 00 02 04 00 00 02 2B 00 00 01 CA 00 00 00 02 2B 00 00 01 66 00 C2 01 00 00 00 00 00 00 00 00 00 00 00 00 01 01 E6 1C
@sossrc_1_1 2026-10-09T10:01:36 4320 01 90 00 00 00 01 03 00 00 00 40 06 00 00 00 8D 00 00 01 04 00 00 A8 34 00 00 01 CB 00 00 00 BC 34 00 00 02 67 00 08 02 B8 3D 00 00 B8 3D 00 00 00 00 00 00 02 02 A7 15
@sos_1_1 2026-10-09T10:01:37 4321 01 01 91 00 00 00 34 1D 09 00 68 D2 01 00 01 04 65 00 58 02 D0 07 C4 09 00 00 00 00 6F 00 01 01 00 00 00 08 03 00 03 00 04 00 02 00 00 00 00 00 00 00 00 00 00 00 00 00 00 00 01 00 08 00 00 08 02 00 00 00 00 00 00 00 00 00 00 00 00 00 00 00 00 00 00 00 00 00 00 00 00 00 00 00 00 00 00 00 00 00 00 00 00 00 00 00 00
@sossrc_1_1 2026-10-09T10:01:37 4322 01 91 00 00 00 00 02 00 00 00 E8 03 00 00 01 8D 00 00 02 04 00 00 02 2B 00 00 01 CA 00 00 00 02 2B 00 00 01 66 00 C2 01 00 00 00 00 00 00 00 00 00 00 00 00 01 01 E6 1C
@sossrc_1_1 2026-10-09T10:01:37 4323 01 91 00 00 00 01 03 00 00 00 00 00 00 00 02 8D 00 00 01 04 00 00 A8 34 00 00 01 CB 00 00 00 BC 34 00 00 02 67 00 08 02 F0 3C 00 00 F0 3C 00 00 00 00 00 00 02 02 A7 15
@sos_1_1 2026-10-09T10:01:37 4324 01 00 92 00 00 00 8C 1F 09 00 68 D2 01 00 01 04 65 00 58 02 D0 07 C4 09 00 00 00 00 6F 00 01 01 00 00 00 08 03 00 03 00 04 00 02 00 00 00 00 00 00 00 00 00 00 00 00 00 00 00 01 00 08 00 00 08 02 00 00 00 00 00 00 00 00 00 00 00 00 00 00 00 00 00 00 00 00 00 00 00 00 00 00 00 00 00 00 00 00 00 00 00 00 00 00 00 00
@sossrc_1_1 2026-10-09T10:01:37 4325 01 92 00 00 00 00 02 00 00 00 40 06 00 00 01 8D 00 00 02 04 00 00 02 2B 00 00 01 CA 00 00 00 02 2B 00 00 01 66 00 C2 01 00 00 00 00 00 00 00 00 00 00 00 00 01 01 E6 1C
@sossrc_1_1 2026-10-09T10:01:37 4326 01 92 00 00 00 01 03 00 00 00 58 02 00 00 02 8D 00 00 01 04 00 00 A8 34 00 00 01 CB 00 00 00 BC 34 00 00 02 67 00 08 02 F0 3C 00 00 F0 3C 00 00 00 00 00 00 02 02 A7 15
@sos_1_1 2026-10-09T10:01:38 4327 01 01 93 00 00 00 1C 21 09 00 30 D3 01 00 01 04 65 00 58 02 D0 07 C4 09 00 00 00 00 6F 00 01 01 00 00 00 08 03 00 03 00 04 00 02 00 00 00 00 00 00 00 00 00 00 00 00 00 00 00 01 00 08 00 00 08 02 00 00 00 00 00 00 00 00 00 00 00 00 00 00 00 00 00 00 00 00 00 00 00 00 00 00 00 00 00 00 00 00 00 00 00 00 00 00 00 00
@sossrc_1_1 2026-10-09T10:01:38 4328 01 93 00 00 00 00 02 00 00 00 00 00 00 00 03 8D 00 00 02 04 00 00 02 2B 00 00 01 CA 00 00 00 02 2B 00 00 01 66 00 C2 01 1C 25 00 00 00 00 00 00 00 00 00 00 01 01 E6 1C
@sossrc_1_1 2026-10-09T10:01:38 4329 01 93 00 00 00 01 03 00 00 00 E8 03 00 00 02 8D 00 00 01 04 00 00 A8 34 00 00 01 CB 00 00 00 BC 34 00 00 02 67 00 08 02 F0 3C 00 00 F0 3C 00 00 00 00 00 00 02 02 A7 15
@sos_1_1 2026-10-09T10:01:38 4330 01 00 94 00 00 00 74 23 09 00 30 D3 01 00 01 04 65 00 58 02 D0 07 C4 09 00 00 00 00 6F 00 01 01 00 00 00 08 03 00 03 00 04 00 02 00 00 00 00 00 00 00 00 00 00 00 00 00 00 00 01 00 08 00 00 08 02 00 00 00 00 00 00 00 00 00 00 00 00 00 00 00 00 00 00 00 00 00 00 00 00 00 00 00 00 00 00 00 00 00 00 00 00 00 00 00 00
@sossrc_1_1 2026-10-09T10:01:38 4331 01 94 00 00 00 00 02 00 00 00 58 02 00 00 03 8D 00 00 02 04 00 00 02 2B 00 00 01 CA 00 00 00 02 2B 00 00 01 66 00 C2 01 00 00 00 00 00 00 00 00 00 00 00 00 01 01 E6 1C
@sossrc_1_1 2026-10-09T10:01:38 4332 01 94 00 00 00 01 03 00 00 00 40 06 00 00 02 8D 00 00 01 04 00 00 A8 34 00 00 01 CB 00 00 00 BC 34 00 00 02 67 00 08 02 28 3C 00 00 28 3C 00 00 00 00 00 00 02 02 A7 15
@sos_1_1 2026-10-09T10:01:39 4333 01 01 95 00 00 00 04 25 09 00 F8 D3 01 00 01 04 65 00 58 02 D0 07 C4 09 00 00 00 00 6F 00 01 01 00 00 00 08 03 00 03 00 04 00 02 00 00 00 00 00 00 00 00 00 00 00 00 00 00 00 01 00 08 00 00 08 02 00 00 00 00 00 00 00 00 00 00 00 00 00 00 00 00 00 00 00 00 00 00 00 00 00 00 00 00 00 00 00 00 00 00 00 00 00 00 00 00
@sossrc_1_1 2026-10-09T10:01:39 4334 01 95 00 00 00 00 02 00 00 00 E8 03 00 00 03 8D 00 00 02 04 00 00 02 2B 00 00 01 CA 00 00 00 02 2B 00 00 01 66 00 C2 01 00 00 00 00 00 00 00 00 00 00 00 00 01 01 E6 1C
@sossrc_1_1 2026-10-09T10:01:39 4335 01 95 00 00 00 01 03 00 00 00 00 00 00 00 04 8D 00 00 01 04 00 00 A8 34 00 00 01 CB 00 00 00 BC 34 00 00 02 67 00 08 02 60 3B 00 00 60 3B 00 00 00 00 00 00 02 02 A7 15
@sos_1_1 2026-10-09T10:01:39 4336 01 00 96 00 00 00 5C 27 09 00 F8 D3 01 00 01 04 65 00 58 02 D0 07 C4 09 00 00 00 00 6F 00 01 01 00 00 00 08 03 00 03 00 04 00 02 00 00 00 00 00 00 00 00 00 00 00 00 00 00 00 01 00 08 00 00 08 02 00 00 00 00 00 00 00 00 00 00 00 00 00 00 00 00 00 00 00 00 00 00 00 00 00 00 00 00 00 00 00 00 00 00 00 00 00 00 00 00
@sossrc_1_1 2026-10-09T10:01:39 4337 01 96 00 00 00 00 02 00 00 00 40 06 00 00 03 8D 00 00 02 04 00 00 02 2B 00 00 01 CA 00 00 00 02 2B 00 00 01 66 00 C2 01 00 00 00 00 00 00 00 00 00 00 00 00 01 01 E6 1C
@sossrc_1_1 2026-10-09T10:01:39 4338 01 96 00 00 00 01 03 00 00 00 58 02 00 00 04 8D 00 00 01 04 00 00 A8 34 00 00 01 CB 00 00 00 BC 34 00 00 02 67 00 08 02 60 3B 00 00 60 3B 00 00 00 00 00 00 02 02 A7 15
@sos_1_1 2026-10-09T10:01:40 4339 01 01 97 00 00 00 EC 28 09 00 C0 D4 01 00 01 04 65 00 58 02 D0 07 C4 09 00 00 00 00 70 00 01 01 00 00 00 08 03 00 03 00 04 00 02 00 00 00 00 00 00 00 00 00 00 00 00 00 00 00 01 00 08 00 00 08 02 00 00 00 00 00 00 00 00 00 00 00 00 00 00 00 00 00 00 00 00 00 00 00 00 00 00 00 00 00 00 00 00 00 00 00 00 00 00 00 00
@sossrc_1_1 2026-10-09T10:01:40 4340 01 97 00 00 00 00 02 00 00 00 00 00 00 00 05 8D 00 00 02 04 00 00 02 2B 00 00 01 CA 00 00 00 02 2B 00 00 01 66 00 C2 01 AC 26 00 00 00 00 00 00 00 00 00 00 01 01 E6 1C
@sossrc_1_1 2026-10-09T10:01:40 4341 01 97 00 00 00 01 03 00 00 00 E8 03 00 00 04 8D 00 00 01 04 00 00 A8 34 00 00 01 CB 00 00 00 BC 34 00 00 02 67 00 08 02 60 3B 00 00 60 3B 00 00 00 00 00 00 02 02 A7 15
@sos_1_1 2026-10-09T10:01:40 4342 01 00 98 00 00 00 44 2B 09 00 C0 D4 01 00 01 04 65 00 58 02 D0 07 C4 09 00 00 00 00 70 00 01 01 00 00 00 08 03 00 03 00 04 00 02 00 00 00 00 00 00 00 00 00 00 00 00 00 00 00 01 00 08 00 00 08 02 00 00 00 00 00 00 00 00 00 00 00 00 00 00 00 00 00 00 00 00 00 00 00 00 00 00 00 00 00 00 00 00 00 00 00 00 00 00 00 00
@sossrc_1_1 2026-10-09T10:01:40 4343 01 98 00 00 00 00 02 00 00 00 58 02 00 00 05 8D 00 00 02 04 00 00 02 2B 00 00 01 CA 00 00 00 02 2B 00 00 01 66 00 C2 01 00 00 00 00 00 00 00 00 00 00 00 00 01 01 E6 1C
@sossrc_1_1 2026-10-09T10:01:40 4344 01 98 00 00 00 01 03 00 00 00 40 06 00 00 04 8D 00 00 01 04 00 00 A8 34 00 00 01 CB 00 00 00 BC 34 00 00 02 67 00 08 02 98 3A 00 00 98 3A 00 00 00 00 00 00 02 02 A7 15
@sos_1_1 2026-10-09T10:01:41 4345 01 01 99 00 00 00 D4 2C 09 00 88 D5 01 00 01 04 65 00 58 02 D0 07 C4 09 00 00 00 00 70 00 01 01 00 00 00 08 03 00 03 00 04 00 02 00 00 00 00 00 00 00 00 00 00 00 00 00 00 00 01 00 08 00 00 08 02 00 00 00 00 00 00 00 00 00 00 00 00 00 00 00 00 00 00 00 00 00 00 00 00 00 00 00 00 00 00 00 00 00 00 00 00 00 00 00 00
@sossrc_1_1 2026-10-09T10:01:41 4346 01 99 00 00 00 00 02 00 00 00 E8 03 00 00 05 8D 00 00 02 04 00 00 02 2B 00 00 01 CA 00 00 00 02 2B 00 00 01 66 00 C2 01 00 00 00 00 00 00 00 00 00 00 00 00 01 01 E6 14
@sossrc_1_1 2026-10-09T10:01:41 4347 01 99 00 00 00 01 03 00 00 00 00 00 00 00 06 8D 00 00 01 04 00 00 A8 34 00 00 01 CB 00 00 00 BC 34 00 00 02 67 00 08 02 D0 39 00 00 D0 39 00 00 00 00 00 00 02 02 A7 15
@sos_1_1 2026-10-09T10:01:41 4348 01 00 9A 00 00 00 2C 2F 09 00 88 D5 01 00 01 04 65 00 58 02 D0 07 C4 09 00 00 00 00 70 00 01 01 00 00 00 08 03 00 03 00 04 00 02 00 00 00 00 00 00 00 00 00 00 00 00 00 00 00 01 00 08 00 00 08 02 00 00 00 00 00 00 00 00 00 00 00 00 00 00 00 00 00 00 00 00 00 00 00 00 00 00 00 00 00 00 00 00 00 00 00 00 00 00 00 00
@sossrc_1_1 2026-10-09T10:01:41 4349 01 9A 00 00 00 00 02 00 00 00 40 06 00 00 05 8D 00 00 02 04 00 00 02 2B 00 00 01 CA 00 00 00 02 2B 00 00 01 66 00 C2 01 00 00 00 00 00 00 00 00 00 00 00 00 01 01 E6 14
@sossrc_1_1 2026-10-09T10:01:41 4350 01 9A 00 00 00 01 03 00 00 00 58 02 00 00 06 8D 00 00 01 04 00 00 A8 34 00 00 01 CB 00 00 00 BC 34 00 00 02 67 00 08 02 D0 39 00 00 D0 39 00 00 00 00 00 00 02 02 A7 15
@sos_1_1 2026-10-09T10:01:42 4351 01 01 9B 00 00 00 BC 30 09 00 50 D6 01 00 01 04 65 00 58 02 D0 07 C4 09 00 00 00 00 70 00 01 01 00 00 00 08 03 00 03 00 04 00 02 00 00 00 00 00 00 00 00 00 00 00 00 00 00 00 01 00 08 00 00 08 02 00 00 00 00 00 00 00 00 00 00 00 00 00 00 00 00 00 00 00 00 00 00 00 00 00 00 00 00 00 00 00 00 00 00 00 00 00 00 00 00
@sossrc_1_1 2026-10-09T10:01:42 4352 01 9B 00 00 00 00 02 00 00 00 00 00 00 00 07 8D 00 00 02 04 00 00 02 2B 00 00 01 CA 00 00 00 02 2B 00 00 01 66 00 C2 01 3C 28 00 00 00 00 00 00 00 00 00 00 01 01 E6 14
@sossrc_1_1 2026-10-09T10:01:42 4353 01 9B 00 00 00 01 03 00 00 00 E8 03 00 00 06 8D 00 00 01 04 00 00 A8 34 00 00 01 CB 00 00 00 BC 34 00 00 02 67 00 08 02 D0 39 00 00 D0 39 00 00 00 00 00 00 02 02 A7 15
@sos_1_1 2026-10-09T10:01:42 4354 01 00 9C 00 00 00 14 33 09 00 50 D6 01 00 01 04 65 00 58 02 D0 07 C4 09 00 00 00 00 70 00 01 01 00 00 00 08 03 00 03 00 04 00 02 00 00 00 00 00 00 00 00 00 00 00 00 00 00 00 01 00 08 00 00 08 02 00 00 00 00 00 00 00 00 00 00 00 00 00 00 00 00 00 00 00 00 00 00 00 00 00 00 00 00 00 00 00 00 00 00 00 00 00 00 00 00
@sossrc_1_1 2026-10-09T10:01:42 4355 01 9C 00 00 00 00 02 00 00 00 58 02 00 00 07 8D 00 00 02 04 00 00 02 2B 00 00 01 CA 00 00 00 02 2B 00 00 01 66 00 C2 01 00 00 00 00 00 00 00 00 00 00 00 00 01 01 E6 14
@sossrc_1_1 2026-10-09T10:01:42 4356 01 9C 00 00 00 01 03 00 00 00 40 06 00 00 06 8D 00 00 01 04 00 00 A8 34 00 00 01 CB 00 00 00 BC 34 00 00 02 67 00 08 02 08 39 00 00 08 39 00 00 00 00 00 00 02 02 A7 15
@sos_1_1 2026-10-09T10:01:43 4357 01 01 9D 00 00 00 A4 34 09 00 18 D7 01 00 01 04 65 00 58 02 D0 07 C4 09 00 00 00 00 70 00 01 01 00 00 00 08 03 00 03 00 04 00 02 00 00 00 00 00 00 00 00 00 00 00 00 00 00 00 01 00 08 00 00 08 02 00 00 00 00 00 00 00 00 00 00 00 00 00 00 00 00 00 00 00 00 00 00 00 00 00 00 00 00 00 00 00 00 00 00 00 00 00 00 00 00
@sossrc_1_1 2026-10-09T10:01:43 4358 01 9D 00 00 00 00 02 00 00 00 E8 03 00 00 07 8D 00 00 02 04 00 00 02 2B 00 00 01 CA 00 00 00 02 2B 00 00 01 66 00 C2 01 00 00 00 00 00 00 00 00 00 00 00 00 01 01 E6 14
@sossrc_1_1 2026-10-09T10:01:43 4359 01 9D 00 00 00 01 03 00 00 00 00 00 00 00 08 8D 00 00 01 04 00 00 A8 34 00 00 01 CB 00 00 00 BC 34 00 00 02 67 00 08 02 40 38 00 00 40 38 00 00 00 00 00 00 02 02 A7 15
@sos_1_1 2026-10-09T10:01:43 4360 01 00 9E 00 00 00 FC 36 09 00 18 D7 01 00 01 04 65 00 58 02 D0 07 C4 09 00 00 00 00 70 00 01 01 00 00 00 08 03 00 03 00 04 00 02 00 00 00 00 00 00 00 00 00 00 00 00 00 00 00 01 00 08 00 00 08 02 00 00 00 00 00 00 00 00 00 00 00 00 00 00 00 00 00 00 00 00 00 00 00 00 00 00 00 00 00 00 00 00 00 00 00 00 00 00 00 00
@sossrc_1_1 2026-10-09T10:01:43 4361 01 9E 00 00 00 00 02 00 00 00 40 06 00 00 07 8D 00 00 02 04 00 00 02 2B 00 00 01 CA 00 00 00 02 2B 00 00 01 66 00 C2 01 00 00 00 00 00 00 00 00 00 00 00 00 01 01 E6 14
@sossrc_1_1 2026-10-09T10:01:43 4362 01 9E 00 00 00 01 03 00 00 00 58 02 00 00 08 8D 00 00 01 04 00 00 A8 34 00 00 01 CB 00 00 00 BC 34 00 00 02 67 00 08 02 40 38 00 00 40 38 00 00 00 00 00 00 02 02 A7 15
@sos_1_1 2026-10-09T10:01:44 4363 01 01 9F 00 00 00 8C 38 09 00 E0 D7 01 00 01 04 65 00 58 02 D0 07 C4 09 00 00 00 00 70 00 01 01 00 00 00 08 03 00 03 00 04 00 02 00 00 00 00 00 00 00 00 00 00 00 00 00 00 00 01 00 08 00 00 08 02 00 00 00 00 00 00 00 00 00 00 00 00 00 00 00 00 00 00 00 00 00 00 00 00 00 00 00 00 00 00 00 00 00 00 00 00 00 00 00 00
@sossrc_1_1 2026-10-09T10:01:44 4364 01 9F 00 00 00 00 02 00 00 00 00 00 00 00 09 8D 00 00 02 04 00 00 02 2B 00 00 01 CA 00 00 00 02 2B 00 00 01 66 00 C2 01 CC 29 00 00 00 00 00 00 00 00 00 00 01 01 E6 14
@sossrc_1_1 2026-10-09T10:01:44 4365 01 9F 00 00 00 01 03 00 00 00 E8 03 00 00 08 8D 00 00 01 04 00 00 A8 34 00 00 01 CB 00 00 00 BC 34 00 00 02 67 00 08 02 40 38 00 00 40 38 00 00 00 00 00 00 02 02 A7 15
@sos_1_1 2026-10-09T10:01:44 4366 01 00 A0 00 00 00 E4 3A 09 00 E0 D7 01 00 01 04 65 00 58 02 D0 07 C4 09 00 00 00 00 70 00 01 01 00 00 00 08 03 00 03 00 04 00 02 00 00 00 00 00 00 00 00 00 00 00 00 00 00 00 01 00 08 00 00 08 02 00 00 00 00 00 00 00 00 00 00 00 00 00 00 00 00 00 00 00 00 00 00 00 00 00 00 00 00 00 00 00 00 00 00 00 00 00 00 00 00
@sossrc_1_1 2026-10-09T10:01:44 4367 01 A0 00 00 00 00 02 00 00 00 58 02 00 00 09 8D 00 00 02 04 00 00 02 2B 00 00 01 CA 00 00 00 02 2B 00 00 01 66 00 C2 01 00 00 00 00 00 00 00 00 00 00 00 00 01 01 E6 14
@sossrc_1_1 2026-10-09T10:01:44 4368 01 A0 00 00 00 01 03 00 00 00 40 06 00 00 08 8D 00 00 01 04 00 00 A8 34 00 00 01 CB 00 00 00 BC 34 00 00 02 67 00 08 02 78 37 00 00 78 37 00 00 00 00 00 00 02 02 A7 15
@sos_1_1 2026-10-09T10:01:45 4369 01 01 A1 00 00 00 74 3C 09 00 A8 D8 01 00 01 04 65 00 58 02 D0 07 C4 09 00 00 00 00 70 00 01 01 00 00 00 08 03 00 03 00 04 00 02 00 00 00 00 00 00 00 00 00 00 00 00 00 00 00 01 00 08 00 00 08 02 00 00 00 00 00 00 00 00 00 00 00 00 00 00 00 00 00 00 00 00 00 00 00 00 00 00 00 00 00 00 00 00 00 00 00 00 00 00 00 00
@sossrc_1_1 2026-10-09T10:01:45 4370 01 A1 00 00 00 00 02 00 00 00 E8 03 00 00 09 8D 00 00 02 04 00 00 02 2B 00 00 01 CA 00 00 00 02 2B 00 00 01 66 00 C2 01 00 00 00 00 00 00 00 00 00 00 00 00 01 01 E6 14
@sossrc_1_1 2026-10-09T10:01:45 4371 01 A1 00 00 00 01 03 00 00 00 00 00 00 00 0A 8D 00 00 01 04 00 00 A8 34 00 00 01 CB 00 00 00 BC 34 00 00 02 67 00 08 02 B0 36 00 00 B0 36 00 00 00 00 00 00 02 02 A7 15
@sos_1_1 2026-10-09T10:01:45 4372 01 00 A2 00 00 00 CC 3E 09 00 A8 D8 01 00 01 04 65 00 58 02 D0 07 C4 09 00 00 00 00 70 00 01 01 00 00 00 08 03 00 03 00 04 00 02 00 00 00 00 00 00 00 00 00 00 00 00 00 00 00 01 00 08 00 00 08 02 00 00 00 00 00 00 00 00 00 00 00 00 00 00 00 00 00 00 00 00 00 00 00 00 00 00 00 00 00 00 00 00 00 00 00 00 00 00 00 00
@sossrc_1_1 2026-10-09T10:01:45 4373 01 A2 00 00 00 00 02 00 00 00 40 06 00 00 09 8D 00 00 02 04 00 00 02 2B 00 00 01 CA 00 00 00 02 2B 00 00 01 66 00 C2 01 00 00 00 00 00 00 00 00 00 00 00 00 01 01 E6 14
@sossrc_1_1 2026-10-09T10:01:45 4374 01 A2 00 00 00 01 03 00 00 00 58 02 00 00 0A 8D 00 00 01 04 00 00 A8 34 00 00 01 CB 00 00 00 BC 34 00 00 02 67 00 08 02 B0 36 00 00 B0 36 00 00 00 00 00 00 02 02 A7 15
@sosev_1_1 2026-10-09T10:01:46 4375 01 5C 40 09 00 A2 00 00 00 08 04 02 02 00 00 00 00 00 00 00 70 D9 01 00 D0 07 04
@sos_1_1 2026-10-09T10:01:46 4376 01 01 A3 00 00 00 5C 40 09 00 70 D9 01 00 01 04 65 00 58 02 D0 07 C4 09 00 00 00 00 70 00 01 01 00 00 00 08 03 00 02 00 03 00 03 00 00 00 00 00 00 00 00 00 B0 36 00 00 00 00 02 00 10 00 00 08 02 00 00 00 00 00 00 00 00 00 00 00 00 00 00 00 00 00 00 00 00 00 00 00 00 00 00 00 00 00 00 00 00 00 00 00 00 00 00 00 00
@sossrc_1_1 2026-10-09T10:01:46 4377 01 A3 00 00 00 00 02 00 00 00 00 00 00 00 0B 8D 00 00 02 04 00 00 02 2B 00 00 01 CA 00 00 00 02 2B 00 00 01 66 00 C2 01 5C 2B 00 00 00 00 00 00 00 00 00 00 00 00 26 14
@sossrc_1_1 2026-10-09T10:01:46 4378 01 A3 00 00 00 01 03 00 00 00 E8 03 00 00 0A 8D 00 00 01 04 00 00 A8 34 00 00 01 CB 00 00 00 BC 34 00 00 02 67 00 08 02 B0 36 00 00 B0 36 00 00 00 00 00 00 02 02 A7 15
@sos_1_1 2026-10-09T10:01:46 4379 01 00 A4 00 00 00 B4 42 09 00 70 D9 01 00 01 04 65 00 58 02 D0 07 C4 09 00 00 00 00 70 00 01 01 00 00 00 08 03 00 02 00 03 00 03 00 00 00 00 00 00 00 00 00 E8 35 00 00 00 00 02 00 10 00 00 08 02 00 00 00 00 00 00 00 00 00 00 00 00 00 00 00 00 00 00 00 00 00 00 00 00 00 00 00 00 00 00 00 00 00 00 00 00 00 00 00 00
@sossrc_1_1 2026-10-09T10:01:46 4380 01 A4 00 00 00 00 02 00 00 00 58 02 00 00 0B 8D 00 00 02 04 00 00 02 2B 00 00 01 CA 00 00 00 02 2B 00 00 01 66 00 C2 01 5C 2B 00 00 00 00 00 00 00 00 00 00 00 00 26 14
@sossrc_1_1 2026-10-09T10:01:46 4381 01 A4 00 00 00 01 03 00 00 00 40 06 00 00 0A 8D 00 00 01 04 00 00 A8 34 00 00 01 CB 00 00 00 BC 34 00 00 02 67 00 08 02 E8 35 00 00 E8 35 00 00 00 00 00 00 02 02 A7 15
@sos_1_1 2026-10-09T10:01:47 4382 01 01 A5 00 00 00 44 44 09 00 38 DA 01 00 01 04 65 00 58 02 D0 07 C4 09 00 00 00 00 70 00 01 01 00 00 00 08 03 00 02 00 03 00 03 00 00 00 00 00 00 00 00 00 20 35 00 00 00 00 02 00 10 00 00 08 02 00 00 00 00 00 00 00 00 00 00 00 00 00 00 00 00 00 00 00 00 00 00 00 00 00 00 00 00 00 00 00 00 00 00 00 00 00 00 00 00
@sossrc_1_1 2026-10-09T10:01:47 4383 01 A5 00 00 00 00 02 00 00 00 E8 03 00 00 0B 8D 00 00 02 04 00 00 02 2B 00 00 01 CA 00 00 00 02 2B 00 00 01 66 00 C2 01 5C 2B 00 00 00 00 00 00 00 00 00 00 00 00 26 14
@sossrc_1_1 2026-10-09T10:01:47 4384 01 A5 00 00 00 01 03 00 00 00 00 00 00 00 0C 8D 00 00 01 04 00 00 A8 34 00 00 01 CB 00 00 00 BC 34 00 00 02 67 00 08 02 20 35 00 00 20 35 00 00 00 00 00 00 02 02 A7 15
@sos_1_1 2026-10-09T10:01:47 4385 01 00 A6 00 00 00 9C 46 09 00 38 DA 01 00 01 04 65 00 58 02 D0 07 C4 09 00 00 00 00 70 00 01 01 00 00 00 08 03 00 02 00 03 00 03 00 00 00 00 00 00 00 00 00 20 35 00 00 00 00 02 00 10 00 00 08 02 00 00 00 00 00 00 00 00 00 00 00 00 00 00 00 00 00 00 00 00 00 00 00 00 00 00 00 00 00 00 00 00 00 00 00 00 00 00 00 00
@sossrc_1_1 2026-10-09T10:01:47 4386 01 A6 00 00 00 00 02 00 00 00 40 06 00 00 0B 8D 00 00 02 04 00 00 02 2B 00 00 01 CA 00 00 00 02 2B 00 00 01 66 00 C2 01 5C 2B 00 00 00 00 00 00 00 00 00 00 00 00 26 14
@sossrc_1_1 2026-10-09T10:01:47 4387 01 A6 00 00 00 01 03 00 00 00 58 02 00 00 0C 8D 00 00 01 04 00 00 A8 34 00 00 01 CB 00 00 00 BC 34 00 00 02 67 00 08 02 20 35 00 00 20 35 00 00 00 00 00 00 02 02 A7 15
@sos_1_1 2026-10-09T10:01:48 4388 01 01 A7 00 00 00 2C 48 09 00 00 DB 01 00 01 04 65 00 58 02 D0 07 C4 09 00 00 00 00 70 00 01 01 00 00 00 08 03 00 02 00 03 00 03 00 00 00 00 00 00 00 00 00 20 35 00 00 00 00 02 00 10 00 00 08 02 00 00 00 00 00 00 00 00 00 00 00 00 00 00 00 00 00 00 00 00 00 00 00 00 00 00 00 00 00 00 00 00 00 00 00 00 00 00 00 00
@sossrc_1_1 2026-10-09T10:01:48 4389 01 A7 00 00 00 00 02 00 00 00 00 00 00 00 0D 8D 00 00 02 04 00 00 02 2B 00 00 01 CA 00 00 00 02 2B 00 00 01 66 00 C2 01 EC 2C 00 00 00 00 00 00 00 00 00 00 00 00 26 14
@sossrc_1_1 2026-10-09T10:01:48 4390 01 A7 00 00 00 01 03 00 00 00 E8 03 00 00 0C 8D 00 00 01 04 00 00 A8 34 00 00 01 CB 00 00 00 BC 34 00 00 02 67 00 08 02 20 35 00 00 20 35 00 00 00 00 00 00 02 02 A7 15
@sos_1_1 2026-10-09T10:01:48 4391 01 00 A8 00 00 00 84 4A 09 00 00 DB 01 00 01 04 65 00 58 02 D0 07 C4 09 00 00 00 00 70 00 01 01 00 00 00 08 03 00 02 00 03 00 03 00 00 00 00 00 00 00 00 00 58 34 00 00 00 00 02 00 10 00 00 08 02 00 00 00 00 00 00 00 00 00 00 00 00 00 00 00 00 00 00 00 00 00 00 00 00 00 00 00 00 00 00 00 00 00 00 00 00 00 00 00 00
@sossrc_1_1 2026-10-09T10:01:48 4392 01 A8 00 00 00 00 02 00 00 00 58 02 00 00 0D 8D 00 00 02 04 00 00 02 2B 00 00 01 CA 00 00 00 02 2B 00 00 01 66 00 C2 01 EC 2C 00 00 00 00 00 00 00 00 00 00 00 00 26 14
@sossrc_1_1 2026-10-09T10:01:48 4393 01 A8 00 00 00 01 03 00 00 00 40 06 00 00 0C 8D 00 00 01 04 00 00 A8 34 00 00 01 CB 00 00 00 BC 34 00 00 02 67 00 08 02 58 34 00 00 58 34 00 00 00 00 00 00 02 02 A7 15
@sos_1_1 2026-10-09T10:01:49 4394 01 01 A9 00 00 00 14 4C 09 00 C8 DB 01 00 01 04 65 00 58 02 D0 07 C4 09 00 00 00 00 70 00 01 01 00 00 00 08 03 00 02 00 03 00 03 00 00 00 00 00 00 00 00 00 90 33 00 00 00 00 02 00 10 00 00 08 02 00 00 00 00 00 00 00 00 00 00 00 00 00 00 00 00 00 00 00 00 00 00 00 00 00 00 00 00 00 00 00 00 00 00 00 00 00 00 00 00
@sossrc_1_1 2026-10-09T10:01:49 4395 01 A9 00 00 00 00 02 00 00 00 E8 03 00 00 0D 8D 00 00 02 04 00 00 02 2B 00 00 01 CA 00 00 00 02 2B 00 00 01 66 00 C2 01 EC 2C 00 00 00 00 00 00 00 00 00 00 00 00 26 14
@sossrc_1_1 2026-10-09T10:01:49 4396 01 A9 00 00 00 01 03 00 00 00 00 00 00 00 0E 8D 00 00 01 04 00 00 A8 34 00 00 01 CB 00 00 00 BC 34 00 00 02 67 00 08 02 90 33 00 00 90 33 00 00 00 00 00 00 02 02 A7 15
@sos_1_1 2026-10-09T10:01:49 4397 01 00 AA 00 00 00 6C 4E 09 00 C8 DB 01 00 01 04 65 00 58 02 D0 07 C4 09 00 00 00 00 70 00 01 01 00 00 00 08 03 00 02 00 03 00 03 00 00 00 00 00 00 00 00 00 90 33 00 00 00 00 02 00 10 00 00 08 02 00 00 00 00 00 00 00 00 00 00 00 00 00 00 00 00 00 00 00 00 00 00 00 00 00 00 00 00 00 00 00 00 00 00 00 00 00 00 00 00
@sossrc_1_1 2026-10-09T10:01:49 4398 01 AA 00 00 00 00 02 00 00 00 40 06 00 00 0D 8D 00 00 02 04 00 00 02 2B 00 00 01 CA 00 00 00 02 2B 00 00 01 66 00 C2 01 EC 2C 00 00 00 00 00 00 00 00 00 00 00 00 26 14
@sossrc_1_1 2026-10-09T10:01:49 4399 01 AA 00 00 00 01 03 00 00 00 58 02 00 00 0E 8D 00 00 01 04 00 00 A8 34 00 00 01 CB 00 00 00 BC 34 00 00 02 67 00 08 02 90 33 00 00 90 33 00 00 00 00 00 00 02 02 A7 15
@sos_1_1 2026-10-09T10:01:50 4400 01 01 AB 00 00 00 FC 4F 09 00 90 DC 01 00 01 04 65 00 58 02 D0 07 C4 09 00 00 00 00 70 00 01 01 00 00 00 08 03 00 02 00 03 00 03 00 00 00 00 00 00 00 00 00 90 33 00 00 00 00 02 00 10 00 00 08 02 00 00 00 00 00 00 00 00 00 00 00 00 00 00 00 00 00 00 00 00 00 00 00 00 00 00 00 00 00 00 00 00 00 00 00 00 00 00 00 00
@sossrc_1_1 2026-10-09T10:01:50 4401 01 AB 00 00 00 00 02 00 00 00 00 00 00 00 0F 8D 00 00 02 04 00 00 02 2B 00 00 01 CA 00 00 00 02 2B 00 00 01 66 00 C2 01 7C 2E 00 00 00 00 00 00 00 00 00 00 00 00 26 14
@sossrc_1_1 2026-10-09T10:01:50 4402 01 AB 00 00 00 01 03 00 00 00 E8 03 00 00 0E 8D 00 00 01 04 00 00 A8 34 00 00 01 CB 00 00 00 BC 34 00 00 02 67 00 08 02 90 33 00 00 90 33 00 00 00 00 00 00 02 02 A7 15
@sos_1_1 2026-10-09T10:01:50 4403 01 00 AC 00 00 00 54 52 09 00 90 DC 01 00 01 04 65 00 58 02 D0 07 C4 09 00 00 00 00 70 00 01 01 00 00 00 08 03 00 02 00 03 00 03 00 00 00 00 00 00 00 00 00 C8 32 00 00 00 00 02 00 10 00 00 08 02 00 00 00 00 00 00 00 00 00 00 00 00 00 00 00 00 00 00 00 00 00 00 00 00 00 00 00 00 00 00 00 00 00 00 00 00 00 00 00 00
@sossrc_1_1 2026-10-09T10:01:50 4404 01 AC 00 00 00 00 02 00 00 00 58 02 00 00 0F 8D 00 00 02 04 00 00 02 2B 00 00 01 CA 00 00 00 02 2B 00 00 01 66 00 C2 01 7C 2E 00 00 00 00 00 00 00 00 00 00 00 00 26 14
@sossrc_1_1 2026-10-09T10:01:50 4405 01 AC 00 00 00 01 03 00 00 00 40 06 00 00 0E 8D 00 00 01 04 00 00 A8 34 00 00 01 CB 00 00 00 BC 34 00 00 02 67 00 08 02 C8 32 00 00 C8 32 00 00 00 00 00 00 02 02 A7 15
@sos_1_1 2026-10-09T10:01:51 4406 01 01 AD 00 00 00 E4 53 09 00 58 DD 01 00 01 04 65 00 58 02 D0 07 C4 09 00 00 00 00 70 00 01 01 00 00 00 08 03 00 02 00 03 00 03 00 00 00 00 00 00 00 00 00 00 32 00 00 00 00 02 00 10 00 00 08 02 00 00 00 00 00 00 00 00 00 00 00 00 00 00 00 00 00 00 00 00 00 00 00 00 00 00 00 00 00 00 00 00 00 00 00 00 00 00 00 00
@sossrc_1_1 2026-10-09T10:01:51 4407 01 AD 00 00 00 00 02 00 00 00 E8 03 00 00 0F 8D 00 00 02 04 00 00 02 2B 00 00 01 CA 00 00 00 02 2B 00 00 01 66 00 C2 01 7C 2E 00 00 00 00 00 00 00 00 00 00 00 00 26 14
@sossrc_1_1 2026-10-09T10:01:51 4408 01 AD 00 00 00 01 03 00 00 00 00 00 00 00 10 8D 00 00 01 04 00 00 A8 34 00 00 01 CB 00 00 00 BC 34 00 00 02 67 00 08 02 00 32 00 00 00 32 00 00 00 00 00 00 02 02 A7 15
@sos_1_1 2026-10-09T10:01:51 4409 01 00 AE 00 00 00 3C 56 09 00 58 DD 01 00 01 04 65 00 58 02 D0 07 C4 09 00 00 00 00 70 00 01 01 00 00 00 08 03 00 02 00 03 00 03 00 00 00 00 00 00 00 00 00 00 32 00 00 00 00 02 00 10 00 00 08 02 00 00 00 00 00 00 00 00 00 00 00 00 00 00 00 00 00 00 00 00 00 00 00 00 00 00 00 00 00 00 00 00 00 00 00 00 00 00 00 00
@sossrc_1_1 2026-10-09T10:01:51 4410 01 AE 00 00 00 00 02 00 00 00 40 06 00 00 0F 8D 00 00 02 04 00 00 02 2B 00 00 01 CA 00 00 00 02 2B 00 00 01 66 00 C2 01 7C 2E 00 00 00 00 00 00 00 00 00 00 00 00 26 14
@sossrc_1_1 2026-10-09T10:01:51 4411 01 AE 00 00 00 01 03 00 00 00 58 02 00 00 10 8D 00 00 01 04 00 00 A8 34 00 00 01 CB 00 00 00 BC 34 00 00 02 67 00 08 02 00 32 00 00 00 32 00 00 00 00 00 00 02 02 A7 15
@sos_1_1 2026-10-09T10:01:52 4412 01 00 AF 00 00 00 24 5A 09 00 20 DE 01 00 01 04 65 00 58 02 D0 07 C4 09 00 00 00 00 70 00 01 01 00 00 00 08 03 00 02 00 03 00 03 00 00 00 00 00 00 00 00 00 38 31 00 00 00 00 02 00 10 00 00 08 02 00 00 00 00 00 00 00 00 00 00 00 00 00 00 00 00 00 00 00 00 00 00 00 00 00 00 00 00 00 00 00 00 00 00 00 00 00 00 00 00
@sossrc_1_1 2026-10-09T10:01:52 4413 01 AF 00 00 00 00 02 00 00 00 58 02 00 00 11 8D 00 00 00 04 00 00 02 2B 00 00 01 CA 00 00 00 02 2B 00 00 01 66 00 C2 01 0C 30 00 00 00 00 00 00 00 00 00 00 00 00 26 14
@sossrc_1_1 2026-10-09T10:01:52 4414 01 AF 00 00 00 01 03 00 00 00 40 06 00 00 10 8D 00 00 01 04 00 00 A8 34 00 00 01 CB 00 00 00 BC 34 00 00 02 67 00 08 02 38 31 00 00 38 31 00 00 00 00 00 00 02 02 A7 15
@sos_1_1 2026-10-09T10:01:53 4415 01 01 B0 00 00 00 B4 5B 09 00 E8 DE 01 00 01 04 65 00 58 02 D0 07 C4 09 00 00 00 00 70 00 01 01 00 00 00 08 03 00 02 00 03 00 03 00 00 00 00 00 00 00 00 00 70 30 00 00 00 00 02 00 10 00 00 08 02 00 00 00 00 00 00 00 00 00 00 00 00 00 00 00 00 00 00 00 00 00 00 00 00 00 00 00 00 00 00 00 00 00 00 00 00 00 00 00 00
@sossrc_1_1 2026-10-09T10:01:53 4416 01 B0 00 00 00 00 02 00 00 00 E8 03 00 00 11 8D 00 00 00 04 00 00 02 2B 00 00 01 CA 00 00 00 02 2B 00 00 01 66 00 C2 01 0C 30 00 00 00 00 00 00 00 00 00 00 00 00 26 14
@sossrc_1_1 2026-10-09T10:01:53 4417 01 B0 00 00 00 01 03 00 00 00 00 00 00 00 12 8D 00 00 01 04 00 00 A8 34 00 00 01 CB 00 00 00 BC 34 00 00 02 67 00 08 02 70 30 00 00 70 30 00 00 00 00 00 00 02 02 A7 15
@sos_1_1 2026-10-09T10:01:53 4418 01 00 B1 00 00 00 0C 5E 09 00 E8 DE 01 00 01 04 65 00 58 02 D0 07 C4 09 00 00 00 00 70 00 01 01 00 00 00 08 03 00 02 00 03 00 03 00 00 00 00 00 00 00 00 00 70 30 00 00 00 00 02 00 10 00 00 08 02 00 00 00 00 00 00 00 00 00 00 00 00 00 00 00 00 00 00 00 00 00 00 00 00 00 00 00 00 00 00 00 00 00 00 00 00 00 00 00 00
@sossrc_1_1 2026-10-09T10:01:53 4419 01 B1 00 00 00 00 02 00 00 00 40 06 00 00 11 8D 00 00 00 04 00 00 02 2B 00 00 01 CA 00 00 00 02 2B 00 00 01 66 00 C2 01 0C 30 00 00 00 00 00 00 00 00 00 00 00 00 26 14
@sossrc_1_1 2026-10-09T10:01:53 4420 01 B1 00 00 00 01 03 00 00 00 58 02 00 00 12 8D 00 00 01 04 00 00 A8 34 00 00 01 CB 00 00 00 BC 34 00 00 02 67 00 08 02 70 30 00 00 70 30 00 00 00 00 00 00 02 02 A7 15
@sos_1_1 2026-10-09T10:01:54 4421 01 00 B2 00 00 00 F4 61 09 00 B0 DF 01 00 01 04 65 00 58 02 D0 07 C4 09 00 00 00 00 70 00 01 01 00 00 00 08 03 00 02 00 03 00 03 00 00 00 00 00 00 00 00 00 A8 2F 00 00 00 00 02 00 10 00 00 08 02 00 00 00 00 00 00 00 00 00 00 00 00 00 00 00 00 00 00 00 00 00 00 00 00 00 00 00 00 00 00 00 00 00 00 00 00 00 00 00 00
@sossrc_1_1 2026-10-09T10:01:54 4422 01 B2 00 00 00 00 02 00 00 00 58 02 00 00 13 8D 00 00 00 04 00 00 02 2B 00 00 01 CA 00 00 00 02 2B 00 00 01 66 00 C2 01 9C 31 00 00 00 00 00 00 00 00 00 00 00 00 26 14
@sossrc_1_1 2026-10-09T10:01:54 4423 01 B2 00 00 00 01 03 00 00 00 40 06 00 00 12 8D 00 00 01 04 00 00 A8 34 00 00 01 CB 00 00 00 BC 34 00 00 02 67 00 08 02 A8 2F 00 00 A8 2F 00 00 00 00 00 00 02 02 A7 15
@sos_1_1 2026-10-09T10:01:55 4424 01 01 B3 00 00 00 84 63 09 00 78 E0 01 00 01 04 65 00 58 02 D0 07 C4 09 00 00 00 00 70 00 01 01 00 00 00 08 03 00 02 00 03 00 03 00 00 00 00 00 00 00 00 00 E0 2E 00 00 00 00 02 00 10 00 00 08 02 00 00 00 00 00 00 00 00 00 00 00 00 00 00 00 00 00 00 00 00 00 00 00 00 00 00 00 00 00 00 00 00 00 00 00 00 00 00 00 00
@sossrc_1_1 2026-10-09T10:01:55 4425 01 B3 00 00 00 00 02 00 00 00 E8 03 00 00 13 8D 00 00 00 04 00 00 02 2B 00 00 01 CA 00 00 00 02 2B 00 00 01 66 00 C2 01 9C 31 00 00 00 00 00 00 00 00 00 00 00 00 26 14
@sossrc_1_1 2026-10-09T10:01:55 4426 01 B3 00 00 00 01 03 00 00 00 00 00 00 00 14 8D 00 00 01 04 00 00 A8 34 00 00 01 CB 00 00 00 BC 34 00 00 02 67 00 08 02 E0 2E 00 00 E0 2E 00 00 00 00 00 00 02 02 A7 15
@sos_1_1 2026-10-09T10:01:55 4427 01 00 B4 00 00 00 DC 65 09 00 78 E0 01 00 01 04 65 00 58 02 D0 07 C4 09 00 00 00 00 70 00 01 01 00 00 00 08 03 00 02 00 03 00 03 00 00 00 00 00 00 00 00 00 E0 2E 00 00 00 00 02 00 10 00 00 08 02 00 00 00 00 00 00 00 00 00 00 00 00 00 00 00 00 00 00 00 00 00 00 00 00 00 00 00 00 00 00 00 00 00 00 00 00 00 00 00 00
@sossrc_1_1 2026-10-09T10:01:55 4428 01 B4 00 00 00 00 02 00 00 00 40 06 00 00 13 8D 00 00 00 04 00 00 02 2B 00 00 01 CA 00 00 00 02 2B 00 00 01 66 00 C2 01 9C 31 00 00 00 00 00 00 00 00 00 00 00 00 26 14
@sossrc_1_1 2026-10-09T10:01:55 4429 01 B4 00 00 00 01 03 00 00 00 58 02 00 00 14 8D 00 00 01 04 00 00 A8 34 00 00 01 CB 00 00 00 BC 34 00 00 02 67 00 08 02 E0 2E 00 00 E0 2E 00 00 00 00 00 00 02 02 A7 15
@sos_1_1 2026-10-09T10:01:56 4430 01 00 B5 00 00 00 C4 69 09 00 40 E1 01 00 01 04 65 00 58 02 D0 07 C4 09 00 00 00 00 70 00 01 01 00 00 00 08 03 00 02 00 03 00 03 00 00 00 00 00 00 00 00 00 18 2E 00 00 00 00 02 00 10 00 00 08 02 00 00 00 00 00 00 00 00 00 00 00 00 00 00 00 00 00 00 00 00 00 00 00 00 00 00 00 00 00 00 00 00 00 00 00 00 00 00 00 00
@sossrc_1_1 2026-10-09T10:01:56 4431 01 B5 00 00 00 00 02 00 00 00 58 02 00 00 15 8D 00 00 00 04 00 00 02 2B 00 00 01 CA 00 00 00 02 2B 00 00 01 66 00 C2 01 2C 33 00 00 00 00 00 00 00 00 00 00 00 00 26 14
@sossrc_1_1 2026-10-09T10:01:56 4432 01 B5 00 00 00 01 03 00 00 00 40 06 00 00 14 8D 00 00 01 04 00 00 A8 34 00 00 01 CB 00 00 00 BC 34 00 00 02 67 00 08 02 18 2E 00 00 18 2E 00 00 00 00 00 00 02 02 A7 15
@sos_1_1 2026-10-09T10:01:57 4433 01 01 B6 00 00 00 54 6B 09 00 08 E2 01 00 01 04 65 00 58 02 D0 07 C4 09 00 00 00 00 70 00 01 01 00 00 00 08 03 00 02 00 03 00 03 00 00 00 00 00 00 00 00 00 50 2D 00 00 00 00 02 00 10 00 00 08 02 00 00 00 00 00 00 00 00 00 00 00 00 00 00 00 00 00 00 00 00 00 00 00 00 00 00 00 00 00 00 00 00 00 00 00 00 00 00 00 00
@sossrc_1_1 2026-10-09T10:01:57 4434 01 B6 00 00 00 00 02 00 00 00 E8 03 00 00 15 8D 00 00 00 04 00 00 02 2B 00 00 01 CA 00 00 00 02 2B 00 00 01 66 00 C2 01 2C 33 00 00 00 00 00 00 00 00 00 00 00 00 26 14
@sossrc_1_1 2026-10-09T10:01:57 4435 01 B6 00 00 00 01 03 00 00 00 00 00 00 00 16 8D 00 00 01 04 00 00 A8 34 00 00 01 CB 00 00 00 BC 34 00 00 02 67 00 08 02 50 2D 00 00 50 2D 00 00 00 00 00 00 02 02 A7 15
@sos_1_1 2026-10-09T10:01:57 4436 01 00 B7 00 00 00 AC 6D 09 00 08 E2 01 00 01 04 65 00 58 02 D0 07 C4 09 00 00 00 00 70 00 01 01 00 00 00 08 03 00 02 00 03 00 03 00 00 00 00 00 00 00 00 00 50 2D 00 00 00 00 02 00 10 00 00 08 02 00 00 00 00 00 00 00 00 00 00 00 00 00 00 00 00 00 00 00 00 00 00 00 00 00 00 00 00 00 00 00 00 00 00 00 00 00 00 00 00
@sossrc_1_1 2026-10-09T10:01:57 4437 01 B7 00 00 00 00 02 00 00 00 40 06 00 00 15 8D 00 00 00 04 00 00 02 2B 00 00 01 CA 00 00 00 02 2B 00 00 01 66 00 C2 01 2C 33 00 00 00 00 00 00 00 00 00 00 00 00 26 14
@sossrc_1_1 2026-10-09T10:01:57 4438 01 B7 00 00 00 01 03 00 00 00 58 02 00 00 16 8D 00 00 01 04 00 00 A8 34 00 00 01 CB 00 00 00 BC 34 00 00 02 67 00 08 02 50 2D 00 00 50 2D 00 00 00 00 00 00 02 02 A7 15
@sos_1_1 2026-10-09T10:01:58 4439 01 00 B8 00 00 00 94 71 09 00 D0 E2 01 00 01 04 65 00 58 02 D0 07 C4 09 00 00 00 00 70 00 01 01 00 00 00 08 03 00 02 00 03 00 03 00 00 00 00 00 00 00 00 00 88 2C 00 00 00 00 02 00 10 00 00 08 02 00 00 00 00 00 00 00 00 00 00 00 00 00 00 00 00 00 00 00 00 00 00 00 00 00 00 00 00 00 00 00 00 00 00 00 00 00 00 00 00
@sossrc_1_1 2026-10-09T10:01:58 4440 01 B8 00 00 00 00 02 00 00 00 58 02 00 00 17 8D 00 00 00 04 00 00 02 2B 00 00 01 CA 00 00 00 02 2B 00 00 01 66 00 C2 01 BC 34 00 00 00 00 00 00 00 00 00 00 00 00 26 14
@sossrc_1_1 2026-10-09T10:01:58 4441 01 B8 00 00 00 01 03 00 00 00 40 06 00 00 16 8D 00 00 01 04 00 00 A8 34 00 00 01 CB 00 00 00 BC 34 00 00 02 67 00 08 02 88 2C 00 00 88 2C 00 00 00 00 00 00 02 02 A7 15
@sos_1_1 2026-10-09T10:01:59 4442 01 01 B9 00 00 00 24 73 09 00 98 E3 01 00 01 04 65 00 58 02 D0 07 C4 09 00 00 00 00 70 00 01 01 00 00 00 08 03 00 02 00 03 00 03 00 00 00 00 00 00 00 00 00 C0 2B 00 00 00 00 02 00 10 00 00 08 02 00 00 00 00 00 00 00 00 00 00 00 00 00 00 00 00 00 00 00 00 00 00 00 00 00 00 00 00 00 00 00 00 00 00 00 00 00 00 00 00
@sossrc_1_1 2026-10-09T10:01:59 4443 01 B9 00 00 00 00 02 00 00 00 E8 03 00 00 17 8D 00 00 00 04 00 00 02 2B 00 00 01 CA 00 00 00 02 2B 00 00 01 66 00 C2 01 BC 34 00 00 00 00 00 00 00 00 00 00 00 00 26 14
@sossrc_1_1 2026-10-09T10:01:59 4444 01 B9 00 00 00 01 03 00 00 00 00 00 00 00 18 8D 00 00 01 04 00 00 A8 34 00 00 01 CB 00 00 00 BC 34 00 00 02 67 00 08 02 C0 2B 00 00 C0 2B 00 00 00 00 00 00 02 02 A7 15
@sos_1_1 2026-10-09T10:01:59 4445 01 00 BA 00 00 00 7C 75 09 00 98 E3 01 00 01 04 65 00 58 02 D0 07 C4 09 00 00 00 00 70 00 01 01 00 00 00 08 03 00 02 00 03 00 03 00 00 00 00 00 00 00 00 00 C0 2B 00 00 00 00 02 00 10 00 00 08 02 00 00 00 00 00 00 00 00 00 00 00 00 00 00 00 00 00 00 00 00 00 00 00 00 00 00 00 00 00 00 00 00 00 00 00 00 00 00 00 00
@sossrc_1_1 2026-10-09T10:01:59 4446 01 BA 00 00 00 00 02 00 00 00 40 06 00 00 17 8D 00 00 00 04 00 00 02 2B 00 00 01 CA 00 00 00 02 2B 00 00 01 66 00 C2 01 BC 34 00 00 00 00 00 00 00 00 00 00 00 00 26 14
@sossrc_1_1 2026-10-09T10:01:59 4447 01 BA 00 00 00 01 03 00 00 00 58 02 00 00 18 8D 00 00 01 04 00 00 A8 34 00 00 01 CB 00 00 00 BC 34 00 00 02 67 00 08 02 C0 2B 00 00 C0 2B 00 00 00 00 00 00 02 02 A7 15
@sosev_1_1 2026-10-09T10:02:00 4448 01 0C 77 09 00 BA 00 00 00 01 00 00 04 00 00 00 20 4E 00 00 60 E4 01 00 D0 07 04
@sos_1_1 2026-10-09T10:02:00 4449 01 00 BB 00 00 00 64 79 09 00 60 E4 01 00 01 04 65 00 58 02 D0 07 C4 09 00 00 00 00 70 00 01 01 00 00 00 08 07 00 02 00 03 00 03 00 00 00 00 00 00 00 00 00 F8 2A 00 00 00 00 02 00 10 00 00 08 02 00 00 00 00 00 00 00 00 00 00 00 00 00 00 00 00 00 00 00 00 00 00 00 00 00 00 00 00 00 00 00 00 00 00 00 00 00 00 00 00
@sossrc_1_1 2026-10-09T10:02:00 4450 01 BB 00 00 00 00 02 00 00 00 58 02 00 00 19 8D 00 00 00 04 00 00 02 2B 00 00 01 CA 00 00 00 02 2B 00 00 01 66 00 C2 01 4C 36 00 00 00 00 00 00 00 00 00 00 00 00 26 14
@sossrc_1_1 2026-10-09T10:02:00 4451 01 BB 00 00 00 01 03 00 00 00 40 06 00 00 18 8D 00 00 01 04 00 00 A8 34 00 00 01 CB 00 00 00 BC 34 00 00 02 67 00 08 02 F8 2A 00 00 F8 2A 00 00 00 00 00 00 02 02 A7 15
@sossrc_1_1 2026-10-09T10:02:00 4452 01 BB 00 00 00 02 04 00 00 00 58 02 00 00 19 8D 00 00 00 04 36 00 40 38 00 00 02 CC 00 00 00 40 38 00 00 02 65 00 58 02 20 4E 00 00 00 00 00 00 00 00 00 00 00 00 A4 16
@sos_1_1 2026-10-09T10:02:01 4453 01 01 BC 00 00 00 F4 7A 09 00 28 E5 01 00 01 04 65 00 58 02 D0 07 C4 09 00 00 00 00 70 00 01 01 00 00 00 08 07 00 02 00 03 00 03 00 00 00 00 00 00 00 00 00 30 2A 00 00 00 00 02 00 10 00 00 08 02 00 00 00 00 00 00 00 00 00 00 00 00 00 00 00 00 00 00 00 00 00 00 00 00 00 00 00 00 00 00 00 00 00 00 00 00 00 00 00 00
@sossrc_1_1 2026-10-09T10:02:01 4454 01 BC 00 00 00 00 02 00 00 00 E8 03 00 00 19 8D 00 00 00 04 00 00 02 2B 00 00 01 CA 00 00 00 02 2B 00 00 01 66 00 C2 01 4C 36 00 00 00 00 00 00 00 00 00 00 00 00 26 14
@sossrc_1_1 2026-10-09T10:02:01 4455 01 BC 00 00 00 01 03 00 00 00 00 00 00 00 1A 8D 00 00 01 04 00 00 A8 34 00 00 01 CB 00 00 00 BC 34 00 00 02 67 00 08 02 30 2A 00 00 30 2A 00 00 00 00 00 00 02 02 A7 15
@sossrc_1_1 2026-10-09T10:02:01 4456 01 BC 00 00 00 02 04 00 00 00 E8 03 00 00 19 8D 00 00 00 04 36 00 40 38 00 00 02 CC 00 00 00 40 38 00 00 02 65 00 58 02 20 4E 00 00 00 00 00 00 00 00 00 00 00 00 A4 16
@sos_1_1 2026-10-09T10:02:01 4457 01 00 BD 00 00 00 4C 7D 09 00 28 E5 01 00 01 04 65 00 58 02 D0 07 C4 09 00 00 00 00 70 00 01 01 00 00 00 08 07 00 02 00 03 00 03 00 00 00 00 00 00 00 00 00 30 2A 00 00 00 00 02 00 10 00 00 08 02 00 00 00 00 00 00 00 00 00 00 00 00 00 00 00 00 00 00 00 00 00 00 00 00 00 00 00 00 00 00 00 00 00 00 00 00 00 00 00 00
@sossrc_1_1 2026-10-09T10:02:01 4458 01 BD 00 00 00 00 02 00 00 00 40 06 00 00 19 8D 00 00 00 04 00 00 02 2B 00 00 01 CA 00 00 00 02 2B 00 00 01 66 00 C2 01 4C 36 00 00 00 00 00 00 00 00 00 00 00 00 26 14
@sossrc_1_1 2026-10-09T10:02:01 4459 01 BD 00 00 00 01 03 00 00 00 58 02 00 00 1A 8D 00 00 01 04 00 00 A8 34 00 00 01 CB 00 00 00 BC 34 00 00 02 67 00 08 02 30 2A 00 00 30 2A 00 00 00 00 00 00 02 02 A7 15
@sossrc_1_1 2026-10-09T10:02:01 4460 01 BD 00 00 00 02 04 00 00 00 40 06 00 00 19 8D 00 00 00 04 36 00 40 38 00 00 02 CC 00 00 00 40 38 00 00 02 65 00 58 02 20 4E 00 00 00 00 00 00 00 00 00 00 00 00 A4 16
@sos_1_1 2026-10-09T10:02:02 4461 01 00 BE 00 00 00 34 81 09 00 F0 E5 01 00 01 04 65 00 58 02 D0 07 C4 09 00 00 00 00 70 00 01 01 00 00 00 08 07 00 02 00 03 00 03 00 00 00 00 00 00 00 00 00 68 29 00 00 00 00 02 00 10 00 00 08 02 00 00 00 00 00 00 00 00 00 00 00 00 00 00 00 00 00 00 00 00 00 00 00 00 00 00 00 00 00 00 00 00 00 00 00 00 00 00 00 00
@sossrc_1_1 2026-10-09T10:02:02 4462 01 BE 00 00 00 00 02 00 00 00 58 02 00 00 1B 8D 00 00 00 04 00 00 02 2B 00 00 01 CA 00 00 00 02 2B 00 00 01 66 00 C2 01 DC 37 00 00 00 00 00 00 00 00 00 00 00 00 26 14
@sossrc_1_1 2026-10-09T10:02:02 4463 01 BE 00 00 00 01 03 00 00 00 40 06 00 00 1A 8D 00 00 01 04 00 00 A8 34 00 00 01 CB 00 00 00 BC 34 00 00 02 67 00 08 02 68 29 00 00 68 29 00 00 00 00 00 00 02 02 A7 15
@sossrc_1_1 2026-10-09T10:02:02 4464 01 BE 00 00 00 02 04 00 00 00 58 02 00 00 1B 8D 00 00 00 04 36 00 22 38 00 00 02 CC 00 00 00 22 38 00 00 02 65 00 58 02 64 4B 00 00 00 00 00 00 00 00 00 00 00 00 A4 16
@sos_1_1 2026-10-09T10:02:03 4465 01 01 BF 00 00 00 C4 82 09 00 B8 E6 01 00 01 04 65 00 58 02 D0 07 C4 09 00 00 00 00 70 00 01 01 00 00 00 08 07 00 02 00 03 00 03 00 00 00 00 00 00 00 00 00 A0 28 00 00 00 00 02 00 10 00 00 08 02 00 00 00 00 00 00 00 00 00 00 00 00 00 00 00 00 00 00 00 00 00 00 00 00 00 00 00 00 00 00 00 00 00 00 00 00 00 00 00 00
@sossrc_1_1 2026-10-09T10:02:03 4466 01 BF 00 00 00 00 02 00 00 00 E8 03 00 00 1B 8D 00 00 00 04 00 00 02 2B 00 00 01 CA 00 00 00 02 2B 00 00 01 66 00 C2 01 DC 37 00 00 00 00 00 00 00 00 00 00 00 00 26 14
@sossrc_1_1 2026-10-09T10:02:03 4467 01 BF 00 00 00 01 03 00 00 00 00 00 00 00 1C 8D 00 00 01 04 00 00 A8 34 00 00 01 CB 00 00 00 BC 34 00 00 02 67 00 08 02 A0 28 00 00 A0 28 00 00 00 00 00 00 02 02 A7 15
@sossrc_1_1 2026-10-09T10:02:03 4468 01 BF 00 00 00 02 04 00 00 00 E8 03 00 00 1B 8D 00 00 00 04 36 00 22 38 00 00 02 CC 00 00 00 22 38 00 00 02 65 00 58 02 64 4B 00 00 00 00 00 00 00 00 00 00 00 00 A4 16
@sos_1_1 2026-10-09T10:02:03 4469 01 00 C0 00 00 00 1C 85 09 00 B8 E6 01 00 01 04 65 00 58 02 D0 07 C4 09 00 00 00 00 70 00 01 01 00 00 00 08 07 00 02 00 03 00 03 00 00 00 00 00 00 00 00 00 A0 28 00 00 00 00 02 00 10 00 00 08 02 00 00 00 00 00 00 00 00 00 00 00 00 00 00 00 00 00 00 00 00 00 00 00 00 00 00 00 00 00 00 00 00 00 00 00 00 00 00 00 00
@sossrc_1_1 2026-10-09T10:02:03 4470 01 C0 00 00 00 00 02 00 00 00 40 06 00 00 1B 8D 00 00 00 04 00 00 02 2B 00 00 01 CA 00 00 00 02 2B 00 00 01 66 00 C2 01 DC 37 00 00 00 00 00 00 00 00 00 00 00 00 26 14
@sossrc_1_1 2026-10-09T10:02:03 4471 01 C0 00 00 00 01 03 00 00 00 58 02 00 00 1C 8D 00 00 01 04 00 00 A8 34 00 00 01 CB 00 00 00 BC 34 00 00 02 67 00 08 02 A0 28 00 00 A0 28 00 00 00 00 00 00 02 02 A7 15
@sossrc_1_1 2026-10-09T10:02:03 4472 01 C0 00 00 00 02 04 00 00 00 40 06 00 00 1B 8D 00 00 00 04 36 00 22 38 00 00 02 CC 00 00 00 22 38 00 00 02 65 00 58 02 64 4B 00 00 00 00 00 00 00 00 00 00 00 00 A4 16
@sos_1_1 2026-10-09T10:02:04 4473 01 00 C1 00 00 00 04 89 09 00 80 E7 01 00 01 04 65 00 58 02 D0 07 C4 09 00 00 00 00 70 00 01 01 00 00 00 08 07 00 02 00 03 00 03 00 00 00 00 00 00 00 00 00 D8 27 00 00 00 00 02 00 10 00 00 08 02 00 00 00 00 00 00 00 00 00 00 00 00 00 00 00 00 00 00 00 00 00 00 00 00 00 00 00 00 00 00 00 00 00 00 00 00 00 00 00 00
@sossrc_1_1 2026-10-09T10:02:04 4474 01 C1 00 00 00 00 02 00 00 00 58 02 00 00 1D 8D 00 00 00 04 00 00 02 2B 00 00 01 CA 00 00 00 02 2B 00 00 01 66 00 C2 01 6C 39 00 00 00 00 00 00 00 00 00 00 00 00 26 14
@sossrc_1_1 2026-10-09T10:02:04 4475 01 C1 00 00 00 01 03 00 00 00 40 06 00 00 1C 8D 00 00 01 04 00 00 A8 34 00 00 01 CB 00 00 00 BC 34 00 00 02 67 00 08 02 D8 27 00 00 D8 27 00 00 00 00 00 00 02 02 A7 15
@sossrc_1_1 2026-10-09T10:02:04 4476 01 C1 00 00 00 02 04 00 00 00 58 02 00 00 1D 8D 00 00 00 04 36 00 04 38 00 00 02 CC 00 00 00 04 38 00 00 02 65 00 58 02 A8 48 00 00 00 00 00 00 00 00 00 00 00 00 A4 16
@sos_1_1 2026-10-09T10:02:05 4477 01 01 C2 00 00 00 94 8A 09 00 48 E8 01 00 01 04 65 00 58 02 D0 07 C4 09 00 00 00 00 70 00 01 01 00 00 00 08 07 00 02 00 03 00 03 00 00 00 00 00 00 00 00 00 10 27 00 00 00 00 02 00 10 00 00 08 02 00 00 00 00 00 00 00 00 00 00 00 00 00 00 00 00 00 00 00 00 00 00 00 00 00 00 00 00 00 00 00 00 00 00 00 00 00 00 00 00
@sossrc_1_1 2026-10-09T10:02:05 4478 01 C2 00 00 00 00 02 00 00 00 E8 03 00 00 1D 8D 00 00 00 04 00 00 02 2B 00 00 01 CA 00 00 00 02 2B 00 00 01 66 00 C2 01 6C 39 00 00 00 00 00 00 00 00 00 00 00 00 26 14
@sossrc_1_1 2026-10-09T10:02:05 4479 01 C2 00 00 00 01 03 00 00 00 00 00 00 00 1E 8D 00 00 01 04 00 00 A8 34 00 00 01 CB 00 00 00 BC 34 00 00 02 67 00 08 02 10 27 00 00 10 27 00 00 00 00 00 00 02 02 A7 15
@sossrc_1_1 2026-10-09T10:02:05 4480 01 C2 00 00 00 02 04 00 00 00 E8 03 00 00 1D 8D 00 00 00 04 36 00 04 38 00 00 02 CC 00 00 00 04 38 00 00 02 65 00 58 02 A8 48 00 00 00 00 00 00 00 00 00 00 00 00 A4 16
@sos_1_1 2026-10-09T10:02:05 4481 01 00 C3 00 00 00 EC 8C 09 00 48 E8 01 00 01 04 65 00 58 02 D0 07 C4 09 00 00 00 00 70 00 01 01 00 00 00 08 07 00 02 00 03 00 03 00 00 00 00 00 00 00 00 00 10 27 00 00 00 00 02 00 10 00 00 08 02 00 00 00 00 00 00 00 00 00 00 00 00 00 00 00 00 00 00 00 00 00 00 00 00 00 00 00 00 00 00 00 00 00 00 00 00 00 00 00 00
@sossrc_1_1 2026-10-09T10:02:05 4482 01 C3 00 00 00 00 02 00 00 00 40 06 00 00 1D 8D 00 00 00 04 00 00 02 2B 00 00 01 CA 00 00 00 02 2B 00 00 01 66 00 C2 01 6C 39 00 00 00 00 00 00 00 00 00 00 00 00 26 14
@sossrc_1_1 2026-10-09T10:02:05 4483 01 C3 00 00 00 01 03 00 00 00 58 02 00 00 1E 8D 00 00 01 04 00 00 A8 34 00 00 01 CB 00 00 00 BC 34 00 00 02 67 00 08 02 10 27 00 00 10 27 00 00 00 00 00 00 02 02 A7 15
@sossrc_1_1 2026-10-09T10:02:05 4484 01 C3 00 00 00 02 04 00 00 00 40 06 00 00 1D 8D 00 00 00 04 36 00 04 38 00 00 02 CC 00 00 00 04 38 00 00 02 65 00 58 02 A8 48 00 00 00 00 00 00 00 00 00 00 00 00 A4 16
@sos_1_1 2026-10-09T10:02:06 4485 01 00 C4 00 00 00 D4 90 09 00 10 E9 01 00 01 04 65 00 58 02 D0 07 C4 09 00 00 00 00 70 00 01 01 00 00 00 08 07 00 02 00 03 00 03 00 00 00 00 00 00 00 00 00 48 26 00 00 00 00 02 00 10 00 00 08 02 00 00 00 00 00 00 00 00 00 00 00 00 00 00 00 00 00 00 00 00 00 00 00 00 00 00 00 00 00 00 00 00 00 00 00 00 00 00 00 00
@sossrc_1_1 2026-10-09T10:02:06 4486 01 C4 00 00 00 00 02 00 00 00 58 02 00 00 1F 8D 00 00 00 04 00 00 02 2B 00 00 01 CA 00 00 00 02 2B 00 00 01 66 00 C2 01 FC 3A 00 00 00 00 00 00 00 00 00 00 00 00 26 14
@sossrc_1_1 2026-10-09T10:02:06 4487 01 C4 00 00 00 01 03 00 00 00 40 06 00 00 1E 8D 00 00 01 04 00 00 A8 34 00 00 01 CB 00 00 00 BC 34 00 00 02 67 00 08 02 48 26 00 00 48 26 00 00 00 00 00 00 02 02 A7 1D
@sossrc_1_1 2026-10-09T10:02:06 4488 01 C4 00 00 00 02 04 00 00 00 58 02 00 00 1F 8D 00 00 00 04 36 00 E6 37 00 00 02 CC 00 00 00 E6 37 00 00 02 65 00 58 02 EC 45 00 00 00 00 00 00 00 00 00 00 00 00 A4 16
@sos_1_1 2026-10-09T10:02:07 4489 01 01 C5 00 00 00 64 92 09 00 D8 E9 01 00 01 04 65 00 58 02 D0 07 C4 09 00 00 00 00 70 00 01 01 00 00 00 08 07 00 02 00 03 00 03 00 00 00 00 00 00 00 00 00 80 25 00 00 00 00 02 00 10 00 00 08 02 00 00 00 00 00 00 00 00 00 00 00 00 00 00 00 00 00 00 00 00 00 00 00 00 00 00 00 00 00 00 00 00 00 00 00 00 00 00 00 00
@sossrc_1_1 2026-10-09T10:02:07 4490 01 C5 00 00 00 00 02 00 00 00 E8 03 00 00 1F 8D 00 00 00 04 00 00 02 2B 00 00 01 CA 00 00 00 02 2B 00 00 01 66 00 C2 01 FC 3A 00 00 00 00 00 00 00 00 00 00 00 00 26 14
@sossrc_1_1 2026-10-09T10:02:07 4491 01 C5 00 00 00 01 03 00 00 00 00 00 00 00 20 8D 00 00 01 04 00 00 A8 34 00 00 01 CB 00 00 00 BC 34 00 00 02 67 00 08 02 80 25 00 00 80 25 00 00 00 00 00 00 02 02 A7 1D
@sossrc_1_1 2026-10-09T10:02:07 4492 01 C5 00 00 00 02 04 00 00 00 E8 03 00 00 1F 8D 00 00 00 04 36 00 E6 37 00 00 02 CC 00 00 00 E6 37 00 00 02 65 00 58 02 EC 45 00 00 00 00 00 00 00 00 00 00 00 00 A4 16
@sos_1_1 2026-10-09T10:02:07 4493 01 00 C6 00 00 00 BC 94 09 00 D8 E9 01 00 01 04 65 00 58 02 D0 07 C4 09 00 00 00 00 70 00 01 01 00 00 00 08 07 00 02 00 03 00 03 00 00 00 00 00 00 00 00 00 80 25 00 00 00 00 02 00 10 00 00 08 02 00 00 00 00 00 00 00 00 00 00 00 00 00 00 00 00 00 00 00 00 00 00 00 00 00 00 00 00 00 00 00 00 00 00 00 00 00 00 00 00
@sossrc_1_1 2026-10-09T10:02:07 4494 01 C6 00 00 00 00 02 00 00 00 40 06 00 00 1F 8D 00 00 00 04 00 00 02 2B 00 00 01 CA 00 00 00 02 2B 00 00 01 66 00 C2 01 FC 3A 00 00 00 00 00 00 00 00 00 00 00 00 26 14
@sossrc_1_1 2026-10-09T10:02:07 4495 01 C6 00 00 00 01 03 00 00 00 58 02 00 00 20 8D 00 00 01 04 00 00 A8 34 00 00 01 CB 00 00 00 BC 34 00 00 02 67 00 08 02 80 25 00 00 80 25 00 00 00 00 00 00 02 02 A7 1D
@sossrc_1_1 2026-10-09T10:02:07 4496 01 C6 00 00 00 02 04 00 00 00 40 06 00 00 1F 8D 00 00 00 04 36 00 E6 37 00 00 02 CC 00 00 00 E6 37 00 00 02 65 00 58 02 EC 45 00 00 00 00 00 00 00 00 00 00 00 00 A4 16
@sos_1_1 2026-10-09T10:02:08 4497 01 00 C7 00 00 00 A4 98 09 00 A0 EA 01 00 01 04 65 00 58 02 D0 07 C4 09 00 00 00 00 70 00 01 01 00 00 00 08 07 00 02 00 03 00 03 00 00 00 00 00 00 00 00 00 B8 24 00 00 00 00 02 00 10 00 00 08 02 00 00 00 00 00 00 00 00 00 00 00 00 00 00 00 00 00 00 00 00 00 00 00 00 00 00 00 00 00 00 00 00 00 00 00 00 00 00 00 00
@sossrc_1_1 2026-10-09T10:02:08 4498 01 C7 00 00 00 00 02 00 00 00 58 02 00 00 21 8D 00 00 00 04 00 00 02 2B 00 00 01 CA 00 00 00 02 2B 00 00 01 66 00 C2 01 8C 3C 00 00 00 00 00 00 00 00 00 00 00 00 26 14
@sossrc_1_1 2026-10-09T10:02:08 4499 01 C7 00 00 00 01 03 00 00 00 40 06 00 00 20 8D 00 00 01 04 00 00 A8 34 00 00 01 CB 00 00 00 BC 34 00 00 02 67 00 08 02 B8 24 00 00 B8 24 00 00 00 00 00 00 02 02 A7 1D
@sossrc_1_1 2026-10-09T10:02:08 4500 01 C7 00 00 00 02 04 00 00 00 58 02 00 00 21 8D 00 00 00 04 36 00 C8 37 00 00 02 CC 00 00 00 C8 37 00 00 02 65 00 58 02 30 43 00 00 00 00 00 00 00 00 00 00 00 00 A4 16
@sos_1_1 2026-10-09T10:02:09 4501 01 01 C8 00 00 00 34 9A 09 00 68 EB 01 00 01 04 65 00 58 02 D0 07 C4 09 00 00 00 00 70 00 01 01 00 00 00 08 07 00 02 00 03 00 03 00 00 00 00 00 00 00 00 00 F0 23 00 00 00 00 02 00 10 00 00 08 02 00 00 00 00 00 00 00 00 00 00 00 00 00 00 00 00 00 00 00 00 00 00 00 00 00 00 00 00 00 00 00 00 00 00 00 00 00 00 00 00
@sossrc_1_1 2026-10-09T10:02:09 4502 01 C8 00 00 00 00 02 00 00 00 E8 03 00 00 21 8D 00 00 00 04 00 00 02 2B 00 00 01 CA 00 00 00 02 2B 00 00 01 66 00 C2 01 8C 3C 00 00 00 00 00 00 00 00 00 00 00 00 26 14
@sossrc_1_1 2026-10-09T10:02:09 4503 01 C8 00 00 00 01 03 00 00 00 00 00 00 00 22 8D 00 00 01 04 00 00 A8 34 00 00 01 CB 00 00 00 BC 34 00 00 02 67 00 08 02 F0 23 00 00 F0 23 00 00 00 00 00 00 02 02 A7 1D
@sossrc_1_1 2026-10-09T10:02:09 4504 01 C8 00 00 00 02 04 00 00 00 E8 03 00 00 21 8D 00 00 00 04 36 00 C8 37 00 00 02 CC 00 00 00 C8 37 00 00 02 65 00 58 02 30 43 00 00 00 00 00 00 00 00 00 00 00 00 A4 16
@sos_1_1 2026-10-09T10:02:09 4505 01 00 C9 00 00 00 8C 9C 09 00 68 EB 01 00 01 04 65 00 58 02 D0 07 C4 09 00 00 00 00 70 00 01 01 00 00 00 08 07 00 02 00 03 00 03 00 00 00 00 00 00 00 00 00 F0 23 00 00 00 00 02 00 10 00 00 08 02 00 00 00 00 00 00 00 00 00 00 00 00 00 00 00 00 00 00 00 00 00 00 00 00 00 00 00 00 00 00 00 00 00 00 00 00 00 00 00 00
@sossrc_1_1 2026-10-09T10:02:09 4506 01 C9 00 00 00 00 02 00 00 00 40 06 00 00 21 8D 00 00 00 04 00 00 02 2B 00 00 01 CA 00 00 00 02 2B 00 00 01 66 00 C2 01 8C 3C 00 00 00 00 00 00 00 00 00 00 00 00 26 14
@sossrc_1_1 2026-10-09T10:02:09 4507 01 C9 00 00 00 01 03 00 00 00 58 02 00 00 22 8D 00 00 01 04 00 00 A8 34 00 00 01 CB 00 00 00 BC 34 00 00 02 67 00 08 02 F0 23 00 00 F0 23 00 00 00 00 00 00 02 02 A7 1D
@sossrc_1_1 2026-10-09T10:02:09 4508 01 C9 00 00 00 02 04 00 00 00 40 06 00 00 21 8D 00 00 00 04 36 00 C8 37 00 00 02 CC 00 00 00 C8 37 00 00 02 65 00 58 02 30 43 00 00 00 00 00 00 00 00 00 00 00 00 A4 16
@sos_1_1 2026-10-09T10:02:10 4509 01 00 CA 00 00 00 74 A0 09 00 30 EC 01 00 01 04 65 00 58 02 D0 07 C4 09 00 00 00 00 70 00 01 01 00 00 00 08 07 00 02 00 03 00 03 00 00 00 00 00 00 00 00 00 28 23 00 00 00 00 02 00 10 00 00 08 02 00 00 00 00 00 00 00 00 00 00 00 00 00 00 00 00 00 00 00 00 00 00 00 00 00 00 00 00 00 00 00 00 00 00 00 00 00 00 00 00
@sossrc_1_1 2026-10-09T10:02:10 4510 01 CA 00 00 00 00 02 00 00 00 58 02 00 00 23 8D 00 00 00 04 00 00 02 2B 00 00 01 CA 00 00 00 02 2B 00 00 01 66 00 C2 01 1C 3E 00 00 00 00 00 00 00 00 00 00 00 00 26 14
@sossrc_1_1 2026-10-09T10:02:10 4511 01 CA 00 00 00 01 03 00 00 00 40 06 00 00 22 8D 00 00 01 04 00 00 A8 34 00 00 01 CB 00 00 00 BC 34 00 00 02 67 00 08 02 28 23 00 00 28 23 00 00 00 00 00 00 02 02 A7 1D
@sossrc_1_1 2026-10-09T10:02:10 4512 01 CA 00 00 00 02 04 00 00 00 58 02 00 00 23 8D 00 00 00 04 36 00 AA 37 00 00 02 CC 00 00 00 AA 37 00 00 02 65 00 58 02 74 40 00 00 00 00 00 00 00 00 00 00 00 00 A4 16
@sos_1_1 2026-10-09T10:02:11 4513 01 01 CB 00 00 00 04 A2 09 00 F8 EC 01 00 01 04 65 00 58 02 D0 07 C4 09 00 00 00 00 70 00 01 01 00 00 00 08 07 00 02 00 03 00 03 00 00 00 00 00 00 00 00 00 60 22 00 00 00 00 02 00 10 00 00 08 02 00 00 00 00 00 00 00 00 00 00 00 00 00 00 00 00 00 00 00 00 00 00 00 00 00 00 00 00 00 00 00 00 00 00 00 00 00 00 00 00
@sossrc_1_1 2026-10-09T10:02:11 4514 01 CB 00 00 00 00 02 00 00 00 E8 03 00 00 23 8D 00 00 00 04 00 00 02 2B 00 00 01 CA 00 00 00 02 2B 00 00 01 66 00 C2 01 1C 3E 00 00 00 00 00 00 00 00 00 00 00 00 26 14
@sossrc_1_1 2026-10-09T10:02:11 4515 01 CB 00 00 00 01 03 00 00 00 00 00 00 00 24 8D 00 00 01 04 00 00 A8 34 00 00 01 CB 00 00 00 BC 34 00 00 02 67 00 08 02 60 22 00 00 60 22 00 00 00 00 00 00 02 02 A7 1D
@sossrc_1_1 2026-10-09T10:02:11 4516 01 CB 00 00 00 02 04 00 00 00 E8 03 00 00 23 8D 00 00 00 04 36 00 AA 37 00 00 02 CC 00 00 00 AA 37 00 00 02 65 00 58 02 74 40 00 00 00 00 00 00 00 00 00 00 00 00 A4 16
@sos_1_1 2026-10-09T10:02:11 4517 01 00 CC 00 00 00 5C A4 09 00 F8 EC 01 00 01 04 65 00 58 02 D0 07 C4 09 00 00 00 00 70 00 01 01 00 00 00 08 07 00 02 00 03 00 03 00 00 00 00 00 00 00 00 00 60 22 00 00 00 00 02 00 10 00 00 08 02 00 00 00 00 00 00 00 00 00 00 00 00 00 00 00 00 00 00 00 00 00 00 00 00 00 00 00 00 00 00 00 00 00 00 00 00 00 00 00 00
@sossrc_1_1 2026-10-09T10:02:11 4518 01 CC 00 00 00 00 02 00 00 00 40 06 00 00 23 8D 00 00 00 04 00 00 02 2B 00 00 01 CA 00 00 00 02 2B 00 00 01 66 00 C2 01 1C 3E 00 00 00 00 00 00 00 00 00 00 00 00 26 14
@sossrc_1_1 2026-10-09T10:02:11 4519 01 CC 00 00 00 01 03 00 00 00 58 02 00 00 24 8D 00 00 01 04 00 00 A8 34 00 00 01 CB 00 00 00 BC 34 00 00 02 67 00 08 02 60 22 00 00 60 22 00 00 00 00 00 00 02 02 A7 1D
@sossrc_1_1 2026-10-09T10:02:11 4520 01 CC 00 00 00 02 04 00 00 00 40 06 00 00 23 8D 00 00 00 04 36 00 AA 37 00 00 02 CC 00 00 00 AA 37 00 00 02 65 00 58 02 74 40 00 00 00 00 00 00 00 00 00 00 00 00 A4 16
@sos_1_1 2026-10-09T10:02:12 4521 01 00 CD 00 00 00 44 A8 09 00 C0 ED 01 00 01 04 65 00 58 02 D0 07 C4 09 00 00 00 00 70 00 01 01 00 00 00 08 07 00 02 00 03 00 03 00 00 00 00 00 00 00 00 00 98 21 00 00 00 00 02 00 10 00 00 08 02 00 00 00 00 00 00 00 00 00 00 00 00 00 00 00 00 00 00 00 00 00 00 00 00 00 00 00 00 00 00 00 00 00 00 00 00 00 00 00 00
@sossrc_1_1 2026-10-09T10:02:12 4522 01 CD 00 00 00 00 02 00 00 00 28 0A 00 00 23 8D 00 00 00 04 00 00 02 2B 00 00 01 CA 00 00 00 02 2B 00 00 01 66 00 C2 01 1C 3E 00 00 00 00 00 00 00 00 00 00 00 00 26 14
@sossrc_1_1 2026-10-09T10:02:12 4523 01 CD 00 00 00 01 03 00 00 00 40 06 00 00 24 8D 00 00 01 04 00 00 A8 34 00 00 01 CB 00 00 00 BC 34 00 00 02 67 00 08 02 98 21 00 00 98 21 00 00 00 00 00 00 02 02 A7 1D
@sossrc_1_1 2026-10-09T10:02:12 4524 01 CD 00 00 00 02 04 00 00 00 58 02 00 00 25 8D 00 00 00 04 36 00 8C 37 00 00 02 CC 00 00 00 8C 37 00 00 02 65 00 58 02 B8 3D 00 00 00 00 00 00 00 00 00 00 00 00 A4 16
@sos_1_1 2026-10-09T10:02:13 4525 01 01 CE 00 00 00 D4 A9 09 00 88 EE 01 00 01 04 65 00 58 02 D0 07 C4 09 00 00 00 00 70 00 01 01 00 00 00 08 07 00 02 00 03 00 03 00 00 00 00 00 00 00 00 00 D0 20 00 00 00 00 02 00 10 00 00 08 02 00 00 00 00 00 00 00 00 00 00 00 00 00 00 00 00 00 00 00 00 00 00 00 00 00 00 00 00 00 00 00 00 00 00 00 00 00 00 00 00
@sossrc_1_1 2026-10-09T10:02:13 4526 01 CE 00 00 00 00 02 00 00 00 B8 0B 00 00 23 8D 00 00 00 04 00 00 02 2B 00 00 01 CA 00 00 00 02 2B 00 00 01 66 00 C2 01 1C 3E 00 00 00 00 00 00 00 00 00 00 00 00 26 14
@sossrc_1_1 2026-10-09T10:02:13 4527 01 CE 00 00 00 01 03 00 00 00 00 00 00 00 26 8D 00 00 01 04 00 00 A8 34 00 00 01 CB 00 00 00 BC 34 00 00 02 67 00 08 02 D0 20 00 00 D0 20 00 00 00 00 00 00 02 02 A7 1D
@sossrc_1_1 2026-10-09T10:02:13 4528 01 CE 00 00 00 02 04 00 00 00 E8 03 00 00 25 8D 00 00 00 04 36 00 8C 37 00 00 02 CC 00 00 00 8C 37 00 00 02 65 00 58 02 B8 3D 00 00 00 00 00 00 00 00 00 00 00 00 A4 16
@sos_1_1 2026-10-09T10:02:13 4529 01 00 CF 00 00 00 2C AC 09 00 88 EE 01 00 01 04 65 00 58 02 D0 07 C4 09 00 00 00 00 70 00 01 01 00 00 00 08 07 00 02 00 03 00 03 00 00 00 00 00 00 00 00 00 D0 20 00 00 00 00 02 00 10 00 00 08 02 00 00 00 00 00 00 00 00 00 00 00 00 00 00 00 00 00 00 00 00 00 00 00 00 00 00 00 00 00 00 00 00 00 00 00 00 00 00 00 00
@sossrc_1_1 2026-10-09T10:02:13 4530 01 CF 00 00 00 00 02 00 00 00 10 0E 00 00 23 8D 00 00 00 04 00 00 02 2B 00 00 01 CA 00 00 00 02 2B 00 00 01 66 00 C2 01 1C 3E 00 00 00 00 00 00 00 00 00 00 00 00 26 14
@sossrc_1_1 2026-10-09T10:02:13 4531 01 CF 00 00 00 01 03 00 00 00 58 02 00 00 26 8D 00 00 01 04 00 00 A8 34 00 00 01 CB 00 00 00 BC 34 00 00 02 67 00 08 02 D0 20 00 00 D0 20 00 00 00 00 00 00 02 02 A7 1D
@sossrc_1_1 2026-10-09T10:02:13 4532 01 CF 00 00 00 02 04 00 00 00 40 06 00 00 25 8D 00 00 00 04 36 00 8C 37 00 00 02 CC 00 00 00 8C 37 00 00 02 65 00 58 02 B8 3D 00 00 00 00 00 00 00 00 00 00 00 00 A4 16
@sos_1_1 2026-10-09T10:02:14 4533 01 00 D0 00 00 00 14 B0 09 00 50 EF 01 00 01 04 65 00 58 02 D0 07 C4 09 00 00 00 00 70 00 01 01 00 00 00 08 07 00 02 00 03 00 03 00 00 00 00 00 00 00 00 00 08 20 00 00 00 00 02 00 10 00 00 08 02 00 00 00 00 00 00 00 00 00 00 00 00 00 00 00 00 00 00 00 00 00 00 00 00 00 00 00 00 00 00 00 00 00 00 00 00 00 00 00 00
@sossrc_1_1 2026-10-09T10:02:14 4534 01 D0 00 00 00 00 02 00 00 00 F8 11 00 00 23 8D 00 00 00 04 00 00 02 2B 00 00 01 CA 00 00 00 02 2B 00 00 01 66 00 C2 01 1C 3E 00 00 00 00 00 00 00 00 00 00 00 00 26 14
@sossrc_1_1 2026-10-09T10:02:14 4535 01 D0 00 00 00 01 03 00 00 00 40 06 00 00 26 8D 00 00 01 04 00 00 A8 34 00 00 01 CB 00 00 00 BC 34 00 00 02 67 00 08 02 08 20 00 00 08 20 00 00 00 00 00 00 02 02 A7 1D
@sossrc_1_1 2026-10-09T10:02:14 4536 01 D0 00 00 00 02 04 00 00 00 58 02 00 00 27 8D 00 00 00 04 36 00 6E 37 00 00 02 CC 00 00 00 6E 37 00 00 02 65 00 58 02 FC 3A 00 00 00 00 00 00 00 00 00 00 00 00 A4 16
@sos_1_1 2026-10-09T10:02:15 4537 01 01 D1 00 00 00 A4 B1 09 00 18 F0 01 00 01 04 65 00 58 02 D0 07 C4 09 00 00 00 00 70 00 01 01 00 00 00 08 07 00 02 00 03 00 03 00 00 00 00 00 00 00 00 00 40 1F 00 00 00 00 02 00 10 00 00 08 02 00 00 00 00 00 00 00 00 00 00 00 00 00 00 00 00 00 00 00 00 00 00 00 00 00 00 00 00 00 00 00 00 00 00 00 00 00 00 00 00
@sossrc_1_1 2026-10-09T10:02:15 4538 01 D1 00 00 00 00 02 00 00 00 88 13 00 00 23 8D 00 00 00 04 00 00 02 2B 00 00 01 CA 00 00 00 02 2B 00 00 01 66 00 C2 01 1C 3E 00 00 00 00 00 00 00 00 00 00 00 00 26 14
@sossrc_1_1 2026-10-09T10:02:15 4539 01 D1 00 00 00 01 03 00 00 00 00 00 00 00 28 8D 00 00 01 04 00 00 A8 34 00 00 01 CB 00 00 00 BC 34 00 00 02 67 00 08 02 40 1F 00 00 40 1F 00 00 00 00 00 00 02 02 A7 1D
@sossrc_1_1 2026-10-09T10:02:15 4540 01 D1 00 00 00 02 04 00 00 00 E8 03 00 00 27 8D 00 00 00 04 36 00 6E 37 00 00 02 CC 00 00 00 6E 37 00 00 02 65 00 58 02 FC 3A 00 00 00 00 00 00 00 00 00 00 00 00 A4 16
@sosev_1_1 2026-10-09T10:02:15 4541 01 FC B3 09 00 D1 00 00 00 04 00 00 02 00 00 00 1C 3E 00 00 18 F0 01 00 D0 07 04
@sos_1_1 2026-10-09T10:02:15 4542 01 00 D2 00 00 00 FC B3 09 00 18 F0 01 00 01 04 65 00 58 02 D0 07 C4 09 00 00 00 00 70 00 01 01 00 00 00 08 06 00 02 00 03 00 03 00 00 00 00 00 00 00 00 00 40 1F 00 00 00 00 02 00 10 00 00 08 02 00 00 00 00 00 00 00 00 00 00 00 00 00 00 00 00 00 00 00 00 00 00 00 00 00 00 00 00 00 00 00 00 00 00 00 00 00 00 00 00
@sossrc_1_1 2026-10-09T10:02:15 4543 01 D2 00 00 00 01 03 00 00 00 58 02 00 00 28 8D 00 00 01 04 00 00 A8 34 00 00 01 CB 00 00 00 BC 34 00 00 02 67 00 08 02 40 1F 00 00 40 1F 00 00 00 00 00 00 02 02 A7 1D
@sossrc_1_1 2026-10-09T10:02:15 4544 01 D2 00 00 00 02 04 00 00 00 40 06 00 00 27 8D 00 00 00 04 36 00 6E 37 00 00 02 CC 00 00 00 6E 37 00 00 02 65 00 58 02 FC 3A 00 00 00 00 00 00 00 00 00 00 00 00 A4 16
@sos_1_1 2026-10-09T10:02:16 4545 01 00 D3 00 00 00 E4 B7 09 00 E0 F0 01 00 01 04 65 00 58 02 D0 07 C4 09 00 00 00 00 70 00 01 01 00 00 00 08 06 00 02 00 03 00 03 00 00 00 00 00 00 00 00 00 78 1E 00 00 00 00 02 00 10 00 00 08 02 00 00 00 00 00 00 00 00 00 00 00 00 00 00 00 00 00 00 00 00 00 00 00 00 00 00 00 00 00 00 00 00 00 00 00 00 00 00 00 00
@sossrc_1_1 2026-10-09T10:02:16 4546 01 D3 00 00 00 01 03 00 00 00 40 06 00 00 28 8D 00 00 01 04 00 00 A8 34 00 00 01 CB 00 00 00 BC 34 00 00 02 67 00 08 02 78 1E 00 00 78 1E 00 00 00 00 00 00 02 02 A7 1D
@sossrc_1_1 2026-10-09T10:02:16 4547 01 D3 00 00 00 02 04 00 00 00 58 02 00 00 29 8D 00 00 00 04 36 00 50 37 00 00 02 CC 00 00 00 50 37 00 00 02 65 00 58 02 40 38 00 00 00 00 00 00 00 00 00 00 00 00 A4 16
@sos_1_1 2026-10-09T10:02:17 4548 01 01 D4 00 00 00 74 B9 09 00 A8 F1 01 00 01 04 65 00 58 02 D0 07 C4 09 00 00 00 00 70 00 01 01 00 00 00 08 06 00 02 00 03 00 03 00 00 00 00 00 00 00 00 00 B0 1D 00 00 00 00 02 00 10 00 00 08 02 00 00 00 00 00 00 00 00 00 00 00 00 00 00 00 00 00 00 00 00 00 00 00 00 00 00 00 00 00 00 00 00 00 00 00 00 00 00 00 00
@sossrc_1_1 2026-10-09T10:02:17 4549 01 D4 00 00 00 01 03 00 00 00 00 00 00 00 2A 8D 00 00 01 04 00 00 A8 34 00 00 01 CB 00 00 00 BC 34 00 00 02 67 00 08 02 B0 1D 00 00 B0 1D 00 00 00 00 00 00 02 02 A7 1D
@sossrc_1_1 2026-10-09T10:02:17 4550 01 D4 00 00 00 02 04 00 00 00 E8 03 00 00 29 8D 00 00 00 04 36 00 50 37 00 00 02 CC 00 00 00 50 37 00 00 02 65 00 58 02 40 38 00 00 00 00 00 00 00 00 00 00 00 00 A4 16
@sos_1_1 2026-10-09T10:02:17 4551 01 00 D5 00 00 00 CC BB 09 00 A8 F1 01 00 01 04 65 00 58 02 D0 07 C4 09 00 00 00 00 70 00 01 01 00 00 00 08 06 00 02 00 03 00 03 00 00 00 00 00 00 00 00 00 B0 1D 00 00 00 00 02 00 10 00 00 08 02 00 00 00 00 00 00 00 00 00 00 00 00 00 00 00 00 00 00 00 00 00 00 00 00 00 00 00 00 00 00 00 00 00 00 00 00 00 00 00 00
@sossrc_1_1 2026-10-09T10:02:17 4552 01 D5 00 00 00 01 03 00 00 00 58 02 00 00 2A 8D 00 00 01 04 00 00 A8 34 00 00 01 CB 00 00 00 BC 34 00 00 02 67 00 08 02 B0 1D 00 00 B0 1D 00 00 00 00 00 00 02 02 A7 1D
@sossrc_1_1 2026-10-09T10:02:17 4553 01 D5 00 00 00 02 04 00 00 00 40 06 00 00 29 8D 00 00 00 04 36 00 50 37 00 00 02 CC 00 00 00 50 37 00 00 02 65 00 58 02 40 38 00 00 00 00 00 00 00 00 00 00 00 00 A4 16
@sos_1_1 2026-10-09T10:02:18 4554 01 00 D6 00 00 00 B4 BF 09 00 70 F2 01 00 01 04 65 00 58 02 D0 07 C4 09 00 00 00 00 70 00 01 01 00 00 00 08 06 00 02 00 03 00 03 00 00 00 00 00 00 00 00 00 E8 1C 00 00 00 00 02 00 10 00 00 08 02 00 00 00 00 00 00 00 00 00 00 00 00 00 00 00 00 00 00 00 00 00 00 00 00 00 00 00 00 00 00 00 00 00 00 00 00 00 00 00 00
@sossrc_1_1 2026-10-09T10:02:18 4555 01 D6 00 00 00 01 03 00 00 00 40 06 00 00 2A 8D 00 00 01 04 00 00 A8 34 00 00 01 CB 00 00 00 BC 34 00 00 02 67 00 08 02 E8 1C 00 00 E8 1C 00 00 00 00 00 00 02 02 A7 1D
@sossrc_1_1 2026-10-09T10:02:18 4556 01 D6 00 00 00 02 04 00 00 00 58 02 00 00 2B 8D 00 00 00 04 36 00 32 37 00 00 02 CC 00 00 00 32 37 00 00 02 65 00 58 02 84 35 00 00 00 00 00 00 00 00 00 00 00 00 A4 16
@sos_1_1 2026-10-09T10:02:19 4557 01 01 D7 00 00 00 44 C1 09 00 38 F3 01 00 01 04 65 00 58 02 D0 07 C4 09 00 00 00 00 70 00 01 01 00 00 00 08 06 00 02 00 03 00 03 00 00 00 00 00 00 00 00 00 20 1C 00 00 00 00 02 00 10 00 00 08 02 00 00 00 00 00 00 00 00 00 00 00 00 00 00 00 00 00 00 00 00 00 00 00 00 00 00 00 00 00 00 00 00 00 00 00 00 00 00 00 00
@sossrc_1_1 2026-10-09T10:02:19 4558 01 D7 00 00 00 01 03 00 00 00 00 00 00 00 2C 8D 00 00 01 04 00 00 A8 34 00 00 01 CB 00 00 00 BC 34 00 00 02 67 00 08 02 20 1C 00 00 20 1C 00 00 00 00 00 00 02 02 A7 1D
@sossrc_1_1 2026-10-09T10:02:19 4559 01 D7 00 00 00 02 04 00 00 00 E8 03 00 00 2B 8D 00 00 00 04 36 00 32 37 00 00 02 CC 00 00 00 32 37 00 00 02 65 00 58 02 84 35 00 00 00 00 00 00 00 00 00 00 00 00 A4 16
@sos_1_1 2026-10-09T10:02:19 4560 01 00 D8 00 00 00 9C C3 09 00 38 F3 01 00 01 04 65 00 58 02 D0 07 C4 09 00 00 00 00 70 00 01 01 00 00 00 08 06 00 02 00 03 00 03 00 00 00 00 00 00 00 00 00 20 1C 00 00 00 00 02 00 10 00 00 08 02 00 00 00 00 00 00 00 00 00 00 00 00 00 00 00 00 00 00 00 00 00 00 00 00 00 00 00 00 00 00 00 00 00 00 00 00 00 00 00 00
@sossrc_1_1 2026-10-09T10:02:19 4561 01 D8 00 00 00 01 03 00 00 00 58 02 00 00 2C 8D 00 00 01 04 00 00 A8 34 00 00 01 CB 00 00 00 BC 34 00 00 02 67 00 08 02 20 1C 00 00 20 1C 00 00 00 00 00 00 02 02 A7 1D
@sossrc_1_1 2026-10-09T10:02:19 4562 01 D8 00 00 00 02 04 00 00 00 40 06 00 00 2B 8D 00 00 00 04 36 00 32 37 00 00 02 CC 00 00 00 32 37 00 00 02 65 00 58 02 84 35 00 00 00 00 00 00 00 00 00 00 00 00 A4 16
@sos_1_1 2026-10-09T10:02:20 4563 01 00 D9 00 00 00 84 C7 09 00 00 F4 01 00 01 04 65 00 58 02 D0 07 C4 09 00 00 00 00 70 00 01 01 00 00 00 08 06 00 02 00 03 00 03 00 00 00 00 00 00 00 00 00 58 1B 00 00 00 00 02 00 10 00 00 08 02 00 00 00 00 00 00 00 00 00 00 00 00 00 00 00 00 00 00 00 00 00 00 00 00 00 00 00 00 00 00 00 00 00 00 00 00 00 00 00 00
@sossrc_1_1 2026-10-09T10:02:20 4564 01 D9 00 00 00 01 03 00 00 00 40 06 00 00 2C 8D 00 00 01 04 00 00 A8 34 00 00 01 CB 00 00 00 BC 34 00 00 02 67 00 08 02 58 1B 00 00 58 1B 00 00 00 00 00 00 02 02 A7 1D
@sossrc_1_1 2026-10-09T10:02:20 4565 01 D9 00 00 00 02 04 00 00 00 58 02 00 00 2D 8D 00 00 00 04 36 00 14 37 00 00 02 CC 00 00 00 14 37 00 00 02 65 00 58 02 C8 32 00 00 00 00 00 00 00 00 00 00 00 00 A4 16
@sos_1_1 2026-10-09T10:02:21 4566 01 01 DA 00 00 00 14 C9 09 00 C8 F4 01 00 01 04 65 00 58 02 D0 07 C4 09 00 00 00 00 70 00 01 01 00 00 00 08 06 00 02 00 03 00 03 00 00 00 00 00 00 00 00 00 90 1A 00 00 00 00 02 00 10 00 00 08 02 00 00 00 00 00 00 00 00 00 00 00 00 00 00 00 00 00 00 00 00 00 00 00 00 00 00 00 00 00 00 00 00 00 00 00 00 00 00 00 00
@sossrc_1_1 2026-10-09T10:02:21 4567 01 DA 00 00 00 01 03 00 00 00 00 00 00 00 2E 8D 00 00 01 04 00 00 A8 34 00 00 01 CB 00 00 00 BC 34 00 00 02 67 00 08 02 90 1A 00 00 90 1A 00 00 00 00 00 00 02 02 A7 1D
@sossrc_1_1 2026-10-09T10:02:21 4568 01 DA 00 00 00 02 04 00 00 00 E8 03 00 00 2D 8D 00 00 00 04 36 00 14 37 00 00 02 CC 00 00 00 14 37 00 00 02 65 00 58 02 C8 32 00 00 00 00 00 00 00 00 00 00 00 00 A4 16
@sos_1_1 2026-10-09T10:02:21 4569 01 00 DB 00 00 00 6C CB 09 00 C8 F4 01 00 01 04 65 00 58 02 D0 07 C4 09 00 00 00 00 70 00 01 01 00 00 00 08 06 00 02 00 03 00 03 00 00 00 00 00 00 00 00 00 90 1A 00 00 00 00 02 00 10 00 00 08 02 00 00 00 00 00 00 00 00 00 00 00 00 00 00 00 00 00 00 00 00 00 00 00 00 00 00 00 00 00 00 00 00 00 00 00 00 00 00 00 00
@sossrc_1_1 2026-10-09T10:02:21 4570 01 DB 00 00 00 01 03 00 00 00 58 02 00 00 2E 8D 00 00 01 04 00 00 A8 34 00 00 01 CB 00 00 00 BC 34 00 00 02 67 00 08 02 90 1A 00 00 90 1A 00 00 00 00 00 00 02 02 A7 1D
@sossrc_1_1 2026-10-09T10:02:21 4571 01 DB 00 00 00 02 04 00 00 00 40 06 00 00 2D 8D 00 00 00 04 36 00 14 37 00 00 02 CC 00 00 00 14 37 00 00 02 65 00 58 02 C8 32 00 00 00 00 00 00 00 00 00 00 00 00 A4 16
@sos_1_1 2026-10-09T10:02:22 4572 01 00 DC 00 00 00 54 CF 09 00 90 F5 01 00 01 04 65 00 58 02 D0 07 C4 09 00 00 00 00 70 00 01 01 00 00 00 08 06 00 02 00 03 00 03 00 00 00 00 00 00 00 00 00 C8 19 00 00 00 00 02 00 10 00 00 08 02 00 00 00 00 00 00 00 00 00 00 00 00 00 00 00 00 00 00 00 00 00 00 00 00 00 00 00 00 00 00 00 00 00 00 00 00 00 00 00 00
@sossrc_1_1 2026-10-09T10:02:22 4573 01 DC 00 00 00 01 03 00 00 00 40 06 00 00 2E 8D 00 00 01 04 00 00 A8 34 00 00 01 CB 00 00 00 BC 34 00 00 02 67 00 08 02 C8 19 00 00 C8 19 00 00 00 00 00 00 02 02 A7 1D
@sossrc_1_1 2026-10-09T10:02:22 4574 01 DC 00 00 00 02 04 00 00 00 58 02 00 00 2F 8D 00 00 00 04 36 00 F6 36 00 00 02 CC 00 00 00 F6 36 00 00 02 65 00 58 02 0C 30 00 00 00 00 00 00 00 00 00 00 00 00 A4 16
@sos_1_1 2026-10-09T10:02:23 4575 01 01 DD 00 00 00 E4 D0 09 00 58 F6 01 00 01 04 65 00 58 02 D0 07 C4 09 00 00 00 00 70 00 01 01 00 00 00 08 06 00 02 00 03 00 03 00 00 00 00 00 00 00 00 00 00 19 00 00 00 00 02 00 10 00 00 08 02 00 00 00 00 00 00 00 00 00 00 00 00 00 00 00 00 00 00 00 00 00 00 00 00 00 00 00 00 00 00 00 00 00 00 00 00 00 00 00 00
@sossrc_1_1 2026-10-09T10:02:23 4576 01 DD 00 00 00 01 03 00 00 00 00 00 00 00 30 8D 00 00 01 04 00 00 A8 34 00 00 01 CB 00 00 00 BC 34 00 00 02 67 00 08 02 00 19 00 00 00 19 00 00 00 00 00 00 02 02 A7 1D
@sossrc_1_1 2026-10-09T10:02:23 4577 01 DD 00 00 00 02 04 00 00 00 E8 03 00 00 2F 8D 00 00 00 04 36 00 F6 36 00 00 02 CC 00 00 00 F6 36 00 00 02 65 00 58 02 0C 30 00 00 00 00 00 00 00 00 00 00 00 00 A4 16
@sos_1_1 2026-10-09T10:02:23 4578 01 00 DE 00 00 00 3C D3 09 00 58 F6 01 00 01 04 65 00 58 02 D0 07 C4 09 00 00 00 00 70 00 01 01 00 00 00 08 06 00 02 00 03 00 03 00 00 00 00 00 00 00 00 00 00 19 00 00 00 00 02 00 10 00 00 08 02 00 00 00 00 00 00 00 00 00 00 00 00 00 00 00 00 00 00 00 00 00 00 00 00 00 00 00 00 00 00 00 00 00 00 00 00 00 00 00 00
@sossrc_1_1 2026-10-09T10:02:23 4579 01 DE 00 00 00 01 03 00 00 00 58 02 00 00 30 8D 00 00 01 04 00 00 A8 34 00 00 01 CB 00 00 00 BC 34 00 00 02 67 00 08 02 00 19 00 00 00 19 00 00 00 00 00 00 02 02 A7 1D
@sossrc_1_1 2026-10-09T10:02:23 4580 01 DE 00 00 00 02 04 00 00 00 40 06 00 00 2F 8D 00 00 00 04 36 00 F6 36 00 00 02 CC 00 00 00 F6 36 00 00 02 65 00 58 02 0C 30 00 00 00 00 00 00 00 00 00 00 00 00 A4 16
@sos_1_1 2026-10-09T10:02:24 4581 01 00 DF 00 00 00 24 D7 09 00 20 F7 01 00 01 04 65 00 58 02 D0 07 C4 09 00 00 00 00 70 00 01 01 00 00 00 08 06 00 02 00 03 00 03 00 00 00 00 00 00 00 00 00 38 18 00 00 00 00 02 00 10 00 00 08 02 00 00 00 00 00 00 00 00 00 00 00 00 00 00 00 00 00 00 00 00 00 00 00 00 00 00 00 00 00 00 00 00 00 00 00 00 00 00 00 00
@sossrc_1_1 2026-10-09T10:02:24 4582 01 DF 00 00 00 01 03 00 00 00 40 06 00 00 30 8D 00 00 01 04 00 00 A8 34 00 00 01 CB 00 00 00 BC 34 00 00 02 67 00 08 02 38 18 00 00 38 18 00 00 00 00 00 00 02 02 A7 1D
@sossrc_1_1 2026-10-09T10:02:24 4583 01 DF 00 00 00 02 04 00 00 00 58 02 00 00 31 8D 00 00 00 04 36 00 D8 36 00 00 02 CC 00 00 00 D8 36 00 00 02 65 00 58 02 50 2D 00 00 00 00 00 00 00 00 00 00 00 00 A4 16
@sos_1_1 2026-10-09T10:02:25 4584 01 01 E0 00 00 00 B4 D8 09 00 E8 F7 01 00 01 04 65 00 58 02 D0 07 C4 09 00 00 00 00 70 00 01 01 00 00 00 08 06 00 02 00 03 00 03 00 00 00 00 00 00 00 00 00 70 17 00 00 00 00 02 00 10 00 00 08 02 00 00 00 00 00 00 00 00 00 00 00 00 00 00 00 00 00 00 00 00 00 00 00 00 00 00 00 00 00 00 00 00 00 00 00 00 00 00 00 00
@sossrc_1_1 2026-10-09T10:02:25 4585 01 E0 00 00 00 01 03 00 00 00 00 00 00 00 32 8D 00 00 01 04 00 00 A8 34 00 00 01 CB 00 00 00 BC 34 00 00 02 67 00 08 02 70 17 00 00 70 17 00 00 00 00 00 00 02 02 A7 1D
@sossrc_1_1 2026-10-09T10:02:25 4586 01 E0 00 00 00 02 04 00 00 00 E8 03 00 00 31 8D 00 00 00 04 36 00 D8 36 00 00 02 CC 00 00 00 D8 36 00 00 02 65 00 58 02 50 2D 00 00 00 00 00 00 00 00 00 00 00 00 A4 16
@sos_1_1 2026-10-09T10:02:25 4587 01 00 E1 00 00 00 0C DB 09 00 E8 F7 01 00 01 04 65 00 58 02 D0 07 C4 09 00 00 00 00 70 00 01 01 00 00 00 08 06 00 02 00 03 00 03 00 00 00 00 00 00 00 00 00 70 17 00 00 00 00 02 00 10 00 00 08 02 00 00 00 00 00 00 00 00 00 00 00 00 00 00 00 00 00 00 00 00 00 00 00 00 00 00 00 00 00 00 00 00 00 00 00 00 00 00 00 00
@sossrc_1_1 2026-10-09T10:02:25 4588 01 E1 00 00 00 01 03 00 00 00 58 02 00 00 32 8D 00 00 01 04 00 00 A8 34 00 00 01 CB 00 00 00 BC 34 00 00 02 67 00 08 02 70 17 00 00 70 17 00 00 00 00 00 00 02 02 A7 1D
@sossrc_1_1 2026-10-09T10:02:25 4589 01 E1 00 00 00 02 04 00 00 00 40 06 00 00 31 8D 00 00 00 04 36 00 D8 36 00 00 02 CC 00 00 00 D8 36 00 00 02 65 00 58 02 50 2D 00 00 00 00 00 00 00 00 00 00 00 00 A4 16
@sos_1_1 2026-10-09T10:02:26 4590 01 00 E2 00 00 00 F4 DE 09 00 B0 F8 01 00 01 04 65 00 58 02 D0 07 C4 09 00 00 00 00 70 00 01 01 00 00 00 08 06 00 02 00 03 00 03 00 00 00 00 00 00 00 00 00 A8 16 00 00 00 00 02 00 10 00 00 08 02 00 00 00 00 00 00 00 00 00 00 00 00 00 00 00 00 00 00 00 00 00 00 00 00 00 00 00 00 00 00 00 00 00 00 00 00 00 00 00 00
@sossrc_1_1 2026-10-09T10:02:26 4591 01 E2 00 00 00 01 03 00 00 00 40 06 00 00 32 8D 00 00 01 04 00 00 A8 34 00 00 01 CB 00 00 00 BC 34 00 00 02 67 00 08 02 A8 16 00 00 A8 16 00 00 00 00 00 00 02 02 A7 1D
@sossrc_1_1 2026-10-09T10:02:26 4592 01 E2 00 00 00 02 04 00 00 00 58 02 00 00 33 8D 00 00 00 04 36 00 BA 36 00 00 02 CC 00 00 00 BA 36 00 00 02 65 00 58 02 94 2A 00 00 00 00 00 00 00 00 00 00 00 00 A4 16
@sos_1_1 2026-10-09T10:02:27 4593 01 01 E3 00 00 00 84 E0 09 00 78 F9 01 00 01 04 65 00 58 02 D0 07 C4 09 00 00 00 00 70 00 01 01 00 00 00 08 06 00 02 00 03 00 03 00 00 00 00 00 00 00 00 00 E0 15 00 00 00 00 02 00 10 00 00 08 02 00 00 00 00 00 00 00 00 00 00 00 00 00 00 00 00 00 00 00 00 00 00 00 00 00 00 00 00 00 00 00 00 00 00 00 00 00 00 00 00
@sossrc_1_1 2026-10-09T10:02:27 4594 01 E3 00 00 00 01 03 00 00 00 00 00 00 00 34 8D 00 00 01 04 00 00 A8 34 00 00 01 CB 00 00 00 BC 34 00 00 02 67 00 08 02 E0 15 00 00 E0 15 00 00 00 00 00 00 02 02 A7 1D
@sossrc_1_1 2026-10-09T10:02:27 4595 01 E3 00 00 00 02 04 00 00 00 E8 03 00 00 33 8D 00 00 00 04 36 00 BA 36 00 00 02 CC 00 00 00 BA 36 00 00 02 65 00 58 02 94 2A 00 00 00 00 00 00 00 00 00 00 00 00 A4 16
@sos_1_1 2026-10-09T10:02:27 4596 01 00 E4 00 00 00 DC E2 09 00 78 F9 01 00 01 04 65 00 58 02 D0 07 C4 09 00 00 00 00 70 00 01 01 00 00 00 08 06 00 02 00 03 00 03 00 00 00 00 00 00 00 00 00 E0 15 00 00 00 00 02 00 10 00 00 08 02 00 00 00 00 00 00 00 00 00 00 00 00 00 00 00 00 00 00 00 00 00 00 00 00 00 00 00 00 00 00 00 00 00 00 00 00 00 00 00 00
@sossrc_1_1 2026-10-09T10:02:27 4597 01 E4 00 00 00 01 03 00 00 00 58 02 00 00 34 8D 00 00 01 04 00 00 A8 34 00 00 01 CB 00 00 00 BC 34 00 00 02 67 00 08 02 E0 15 00 00 E0 15 00 00 00 00 00 00 02 02 A7 1D
@sossrc_1_1 2026-10-09T10:02:27 4598 01 E4 00 00 00 02 04 00 00 00 40 06 00 00 33 8D 00 00 00 04 36 00 BA 36 00 00 02 CC 00 00 00 BA 36 00 00 02 65 00 58 02 94 2A 00 00 00 00 00 00 00 00 00 00 00 00 A4 16
@sos_1_1 2026-10-09T10:02:28 4599 01 00 E5 00 00 00 C4 E6 09 00 40 FA 01 00 01 04 65 00 58 02 D0 07 C4 09 00 00 00 00 70 00 01 01 00 00 00 08 06 00 02 00 03 00 03 00 00 00 00 00 00 00 00 00 18 15 00 00 00 00 02 00 10 00 00 08 02 00 00 00 00 00 00 00 00 00 00 00 00 00 00 00 00 00 00 00 00 00 00 00 00 00 00 00 00 00 00 00 00 00 00 00 00 00 00 00 00
@sossrc_1_1 2026-10-09T10:02:28 4600 01 E5 00 00 00 01 03 00 00 00 40 06 00 00 34 8D 00 00 01 04 00 00 A8 34 00 00 01 CB 00 00 00 BC 34 00 00 02 67 00 08 02 18 15 00 00 18 15 00 00 00 00 00 00 02 02 A7 1D
@sossrc_1_1 2026-10-09T10:02:28 4601 01 E5 00 00 00 02 04 00 00 00 58 02 00 00 35 8D 00 00 00 04 36 00 9C 36 00 00 02 CC 00 00 00 9C 36 00 00 02 65 00 58 02 D8 27 00 00 00 00 00 00 00 00 00 00 00 00 A4 16
@sos_1_1 2026-10-09T10:02:29 4602 01 01 E6 00 00 00 54 E8 09 00 08 FB 01 00 01 04 65 00 58 02 D0 07 C4 09 00 00 00 00 70 00 01 01 00 00 00 08 06 00 02 00 03 00 03 00 00 00 00 00 00 00 00 00 50 14 00 00 00 00 02 00 10 00 00 08 02 00 00 00 00 00 00 00 00 00 00 00 00 00 00 00 00 00 00 00 00 00 00 00 00 00 00 00 00 00 00 00 00 00 00 00 00 00 00 00 00
@sossrc_1_1 2026-10-09T10:02:29 4603 01 E6 00 00 00 01 03 00 00 00 00 00 00 00 36 8D 00 00 01 04 00 00 A8 34 00 00 01 CB 00 00 00 BC 34 00 00 02 67 00 08 02 50 14 00 00 50 14 00 00 00 00 00 00 02 02 A7 1D
@sossrc_1_1 2026-10-09T10:02:29 4604 01 E6 00 00 00 02 04 00 00 00 E8 03 00 00 35 8D 00 00 00 04 36 00 9C 36 00 00 02 CC 00 00 00 9C 36 00 00 02 65 00 58 02 D8 27 00 00 00 00 00 00 00 00 00 00 00 00 A4 16
@sos_1_1 2026-10-09T10:02:29 4605 01 00 E7 00 00 00 AC EA 09 00 08 FB 01 00 01 04 65 00 58 02 D0 07 C4 09 00 00 00 00 70 00 01 01 00 00 00 08 06 00 02 00 03 00 03 00 00 00 00 00 00 00 00 00 50 14 00 00 00 00 02 00 10 00 00 08 02 00 00 00 00 00 00 00 00 00 00 00 00 00 00 00 00 00 00 00 00 00 00 00 00 00 00 00 00 00 00 00 00 00 00 00 00 00 00 00 00
@sossrc_1_1 2026-10-09T10:02:29 4606 01 E7 00 00 00 01 03 00 00 00 58 02 00 00 36 8D 00 00 01 04 00 00 A8 34 00 00 01 CB 00 00 00 BC 34 00 00 02 67 00 08 02 50 14 00 00 50 14 00 00 00 00 00 00 02 02 A7 1D
@sossrc_1_1 2026-10-09T10:02:29 4607 01 E7 00 00 00 02 04 00 00 00 40 06 00 00 35 8D 00 00 00 04 36 00 9C 36 00 00 02 CC 00 00 00 9C 36 00 00 02 65 00 58 02 D8 27 00 00 00 00 00 00 00 00 00 00 00 00 A4 16
@sosev_1_1 2026-10-09T10:02:30 4608 01 3C EC 09 00 E7 00 00 00 07 01 00 04 00 00 00 1C 25 00 00 D0 FB 01 00 00 00 04
@sosev_1_1 2026-10-09T10:02:30 4609 01 3C EC 09 00 E7 00 00 00 0A 01 00 17 00 00 00 1C 25 00 00 D0 FB 01 00 00 00 04
@sos_1_1 2026-10-09T10:02:30 4610 01 01 E8 00 00 00 3C EC 09 00 D0 FB 01 00 01 04 65 00 58 02 00 00 C4 09 00 00 00 00 71 00 01 01 04 00 00 08 06 00 06 00 01 00 04 00 00 00 00 00 1C 25 00 00 00 00 00 00 00 00 08 00 00 01 00 0C 02 00 00 00 00 00 00 00 00 00 00 00 00 00 00 00 00 00 00 00 00 00 00 00 00 00 00 00 00 00 00 00 00 00 00 00 00 00 00 00 00
@sossrc_1_1 2026-10-09T10:02:30 4611 01 E8 00 00 00 01 03 00 00 00 E8 03 00 00 36 8D 00 00 01 04 00 00 A8 34 00 00 01 CB 00 00 00 BC 34 00 00 02 67 00 08 02 50 14 00 00 50 14 00 00 00 00 00 00 02 02 A7 1D
@sossrc_1_1 2026-10-09T10:02:30 4612 01 E8 00 00 00 02 04 00 00 00 00 00 00 00 37 8D 00 00 00 04 36 00 7E 36 00 00 02 CC 00 00 00 7E 36 00 00 02 65 00 58 02 1C 25 00 00 00 00 00 00 1C 25 00 00 04 04 A4 1E
@sos_1_1 2026-10-09T10:02:30 4613 01 00 E9 00 00 00 94 EE 09 00 D0 FB 01 00 01 04 65 00 58 02 00 00 C4 09 00 00 00 00 71 00 01 01 04 00 00 08 06 00 06 00 01 00 04 00 00 00 00 00 1C 25 00 00 00 00 00 00 00 00 08 00 00 01 00 0C 02 00 00 00 00 00 00 00 00 00 00 00 00 00 00 00 00 00 00 00 00 00 00 00 00 00 00 00 00 00 00 00 00 00 00 00 00 00 00 00 00
@sossrc_1_1 2026-10-09T10:02:30 4614 01 E9 00 00 00 01 03 00 00 00 40 06 00 00 36 8D 00 00 01 04 00 00 A8 34 00 00 01 CB 00 00 00 BC 34 00 00 02 67 00 08 02 88 13 00 00 88 13 00 00 00 00 00 00 02 02 A7 1D
@sossrc_1_1 2026-10-09T10:02:30 4615 01 E9 00 00 00 02 04 00 00 00 58 02 00 00 37 8D 00 00 00 04 36 00 7E 36 00 00 02 CC 00 00 00 7E 36 00 00 02 65 00 58 02 1C 25 00 00 00 00 00 00 1C 25 00 00 04 04 A4 1E
@sos_1_1 2026-10-09T10:02:31 4616 01 01 EA 00 00 00 24 F0 09 00 D0 FB 01 00 01 04 65 00 58 02 00 00 C4 09 00 00 00 00 71 00 01 01 04 00 00 08 06 00 06 00 01 00 04 00 00 00 00 00 1C 25 00 00 00 00 00 00 00 00 08 00 00 01 00 0C 02 00 00 00 00 00 00 00 00 00 00 00 00 00 00 00 00 00 00 00 00 00 00 00 00 00 00 00 00 00 00 00 00 00 00 00 00 00 00 00 00
@sossrc_1_1 2026-10-09T10:02:31 4617 01 EA 00 00 00 01 03 00 00 00 00 00 00 00 38 8D 00 00 01 04 00 00 A8 34 00 00 01 CB 00 00 00 BC 34 00 00 02 67 00 08 02 88 13 00 00 88 13 00 00 00 00 00 00 02 02 A7 1D
@sossrc_1_1 2026-10-09T10:02:31 4618 01 EA 00 00 00 02 04 00 00 00 E8 03 00 00 37 8D 00 00 00 04 36 00 7E 36 00 00 02 CC 00 00 00 7E 36 00 00 02 65 00 58 02 1C 25 00 00 00 00 00 00 1C 25 00 00 04 04 A4 1E
@sos_1_1 2026-10-09T10:02:31 4619 01 00 EB 00 00 00 7C F2 09 00 D0 FB 01 00 01 04 65 00 58 02 00 00 C4 09 00 00 00 00 71 00 01 01 04 00 00 08 06 00 06 00 01 00 04 00 00 00 00 00 1C 25 00 00 00 00 00 00 00 00 08 00 00 01 00 0C 02 00 00 00 00 00 00 00 00 00 00 00 00 00 00 00 00 00 00 00 00 00 00 00 00 00 00 00 00 00 00 00 00 00 00 00 00 00 00 00 00
@sossrc_1_1 2026-10-09T10:02:31 4620 01 EB 00 00 00 01 03 00 00 00 58 02 00 00 38 8D 00 00 01 04 00 00 A8 34 00 00 01 CB 00 00 00 BC 34 00 00 02 67 00 08 02 88 13 00 00 88 13 00 00 00 00 00 00 02 02 A7 1D
@sossrc_1_1 2026-10-09T10:02:31 4621 01 EB 00 00 00 02 04 00 00 00 40 06 00 00 37 8D 00 00 00 04 36 00 7E 36 00 00 02 CC 00 00 00 7E 36 00 00 02 65 00 58 02 1C 25 00 00 00 00 00 00 1C 25 00 00 04 04 A4 1E
@sos_1_1 2026-10-09T10:02:32 4622 01 01 EC 00 00 00 0C F4 09 00 D0 FB 01 00 01 04 65 00 58 02 00 00 C4 09 00 00 00 00 71 00 01 01 04 00 00 08 06 00 06 00 01 00 04 00 00 00 00 00 F0 23 00 00 00 00 00 00 00 00 08 00 00 01 00 0C 02 00 00 00 00 00 00 00 00 00 00 00 00 00 00 00 00 00 00 00 00 00 00 00 00 00 00 00 00 00 00 00 00 00 00 00 00 00 00 00 00
@sossrc_1_1 2026-10-09T10:02:32 4623 01 EC 00 00 00 01 03 00 00 00 E8 03 00 00 38 8D 00 00 01 04 00 00 A8 34 00 00 01 CB 00 00 00 BC 34 00 00 02 67 00 08 02 88 13 00 00 88 13 00 00 00 00 00 00 02 02 A7 1D
@sossrc_1_1 2026-10-09T10:02:32 4624 01 EC 00 00 00 02 04 00 00 00 00 00 00 00 39 8D 00 00 00 04 36 00 60 36 00 00 02 CC 00 00 00 60 36 00 00 02 65 00 58 02 F0 23 00 00 00 00 00 00 F0 23 00 00 04 04 A4 1E
@sos_1_1 2026-10-09T10:02:32 4625 01 00 ED 00 00 00 64 F6 09 00 D0 FB 01 00 01 04 65 00 58 02 00 00 C4 09 00 00 00 00 71 00 01 01 04 00 00 08 06 00 06 00 01 00 04 00 00 00 00 00 F0 23 00 00 00 00 00 00 00 00 08 00 00 01 00 0C 02 00 00 00 00 00 00 00 00 00 00 00 00 00 00 00 00 00 00 00 00 00 00 00 00 00 00 00 00 00 00 00 00 00 00 00 00 00 00 00 00
@sossrc_1_1 2026-10-09T10:02:32 4626 01 ED 00 00 00 01 03 00 00 00 40 06 00 00 38 8D 00 00 01 04 00 00 A8 34 00 00 01 CB 00 00 00 BC 34 00 00 02 67 00 08 02 88 13 00 00 88 13 00 00 00 00 00 00 02 02 A7 1D
@sossrc_1_1 2026-10-09T10:02:32 4627 01 ED 00 00 00 02 04 00 00 00 58 02 00 00 39 8D 00 00 00 04 36 00 60 36 00 00 02 CC 00 00 00 60 36 00 00 02 65 00 58 02 F0 23 00 00 00 00 00 00 F0 23 00 00 04 04 A4 1E
@sos_1_1 2026-10-09T10:02:33 4628 01 01 EE 00 00 00 F4 F7 09 00 D0 FB 01 00 01 04 65 00 58 02 00 00 C4 09 00 00 00 00 71 00 01 01 04 00 00 08 06 00 06 00 01 00 04 00 00 00 00 00 F0 23 00 00 00 00 00 00 00 00 08 00 00 01 00 0C 02 00 00 00 00 00 00 00 00 00 00 00 00 00 00 00 00 00 00 00 00 00 00 00 00 00 00 00 00 00 00 00 00 00 00 00 00 00 00 00 00
@sossrc_1_1 2026-10-09T10:02:33 4629 01 EE 00 00 00 01 03 00 00 00 00 00 00 00 3A 8D 00 00 01 04 00 00 A8 34 00 00 01 CB 00 00 00 BC 34 00 00 02 67 00 08 02 88 13 00 00 88 13 00 00 00 00 00 00 02 02 A7 1D
@sossrc_1_1 2026-10-09T10:02:33 4630 01 EE 00 00 00 02 04 00 00 00 E8 03 00 00 39 8D 00 00 00 04 36 00 60 36 00 00 02 CC 00 00 00 60 36 00 00 02 65 00 58 02 F0 23 00 00 00 00 00 00 F0 23 00 00 04 04 A4 1E
@sos_1_1 2026-10-09T10:02:33 4631 01 00 EF 00 00 00 4C FA 09 00 D0 FB 01 00 01 04 65 00 58 02 00 00 C4 09 00 00 00 00 71 00 01 01 04 00 00 08 06 00 06 00 01 00 04 00 00 00 00 00 F0 23 00 00 00 00 00 00 00 00 08 00 00 01 00 0C 02 00 00 00 00 00 00 00 00 00 00 00 00 00 00 00 00 00 00 00 00 00 00 00 00 00 00 00 00 00 00 00 00 00 00 00 00 00 00 00 00
@sossrc_1_1 2026-10-09T10:02:33 4632 01 EF 00 00 00 01 03 00 00 00 58 02 00 00 3A 8D 00 00 01 04 00 00 A8 34 00 00 01 CB 00 00 00 BC 34 00 00 02 67 00 08 02 88 13 00 00 88 13 00 00 00 00 00 00 02 02 A7 1D
@sossrc_1_1 2026-10-09T10:02:33 4633 01 EF 00 00 00 02 04 00 00 00 40 06 00 00 39 8D 00 00 00 04 36 00 60 36 00 00 02 CC 00 00 00 60 36 00 00 02 65 00 58 02 F0 23 00 00 00 00 00 00 F0 23 00 00 04 04 A4 1E
@sos_1_1 2026-10-09T10:02:34 4634 01 01 F0 00 00 00 DC FB 09 00 D0 FB 01 00 01 04 65 00 58 02 00 00 C4 09 00 00 00 00 71 00 01 01 04 00 00 08 06 00 06 00 01 00 04 00 00 00 00 00 C4 22 00 00 00 00 00 00 00 00 08 00 00 01 00 0C 02 00 00 00 00 00 00 00 00 00 00 00 00 00 00 00 00 00 00 00 00 00 00 00 00 00 00 00 00 00 00 00 00 00 00 00 00 00 00 00 00
@sossrc_1_1 2026-10-09T10:02:34 4635 01 F0 00 00 00 01 03 00 00 00 E8 03 00 00 3A 8D 00 00 01 04 00 00 A8 34 00 00 01 CB 00 00 00 BC 34 00 00 02 67 00 08 02 88 13 00 00 88 13 00 00 00 00 00 00 02 02 A7 1D
@sossrc_1_1 2026-10-09T10:02:34 4636 01 F0 00 00 00 02 04 00 00 00 00 00 00 00 3B 8D 00 00 00 04 36 00 42 36 00 00 02 CC 00 00 00 42 36 00 00 02 65 00 58 02 C4 22 00 00 00 00 00 00 C4 22 00 00 04 04 A4 1E
@sos_1_1 2026-10-09T10:02:34 4637 01 00 F1 00 00 00 34 FE 09 00 D0 FB 01 00 01 04 65 00 58 02 00 00 C4 09 00 00 00 00 71 00 01 01 04 00 00 08 06 00 06 00 01 00 04 00 00 00 00 00 C4 22 00 00 00 00 00 00 00 00 08 00 00 01 00 0C 02 00 00 00 00 00 00 00 00 00 00 00 00 00 00 00 00 00 00 00 00 00 00 00 00 00 00 00 00 00 00 00 00 00 00 00 00 00 00 00 00
@sossrc_1_1 2026-10-09T10:02:34 4638 01 F1 00 00 00 01 03 00 00 00 40 06 00 00 3A 8D 00 00 01 04 00 00 A8 34 00 00 01 CB 00 00 00 BC 34 00 00 02 67 00 08 02 88 13 00 00 88 13 00 00 00 00 00 00 02 02 A7 1D
@sossrc_1_1 2026-10-09T10:02:34 4639 01 F1 00 00 00 02 04 00 00 00 58 02 00 00 3B 8D 00 00 00 04 36 00 42 36 00 00 02 CC 00 00 00 42 36 00 00 02 65 00 58 02 C4 22 00 00 00 00 00 00 C4 22 00 00 04 04 A4 1E
@sosev_1_1 2026-10-09T10:02:35 4640 01 60 FF 09 00 F1 00 00 00 14 00 00 01 00 00 00 00 00 00 00 D0 FB 01 00 00 00 04
@sos_1_1 2026-10-09T10:02:35 4641 01 01 F2 00 00 00 C4 FF 09 00 D0 FB 01 00 01 04 65 00 58 02 00 00 C4 09 00 00 00 00 71 00 01 01 04 00 00 08 06 00 06 00 01 00 04 00 00 00 00 00 C4 22 00 00 00 00 00 00 00 00 08 00 00 09 00 0D 02 00 00 00 00 00 00 00 00 00 00 00 00 00 00 00 00 00 00 00 00 00 00 00 00 00 00 00 00 00 00 00 00 00 00 00 00 00 00 00 00
@sossrc_1_1 2026-10-09T10:02:35 4642 01 F2 00 00 00 01 03 00 00 00 00 00 00 00 3C 8D 00 00 01 04 00 00 A8 34 00 00 01 CB 00 00 00 BC 34 00 00 02 67 00 08 02 88 13 00 00 88 13 00 00 00 00 00 00 02 02 A7 1D
@sossrc_1_1 2026-10-09T10:02:35 4643 01 F2 00 00 00 02 04 00 00 00 E8 03 00 00 3B 8D 00 00 00 04 36 00 42 36 00 00 02 CC 00 00 00 42 36 00 00 02 65 00 58 02 C4 22 00 00 00 00 00 00 C4 22 00 00 04 04 A4 1E
@sos_1_1 2026-10-09T10:02:35 4644 01 00 F3 00 00 00 1C 02 0A 00 D0 FB 01 00 01 04 65 00 58 02 00 00 C4 09 00 00 00 00 71 00 01 01 04 00 00 08 06 00 06 00 01 00 04 00 00 00 00 00 C4 22 00 00 00 00 00 00 00 00 08 00 00 09 00 0D 02 00 00 00 00 00 00 00 00 00 00 00 00 00 00 00 00 00 00 00 00 00 00 00 00 00 00 00 00 00 00 00 00 00 00 00 00 00 00 00 00
@sossrc_1_1 2026-10-09T10:02:35 4645 01 F3 00 00 00 01 03 00 00 00 58 02 00 00 3C 8D 00 00 01 04 00 00 A8 34 00 00 01 CB 00 00 00 BC 34 00 00 02 67 00 08 02 88 13 00 00 88 13 00 00 00 00 00 00 02 02 A7 1D
@sossrc_1_1 2026-10-09T10:02:35 4646 01 F3 00 00 00 02 04 00 00 00 40 06 00 00 3B 8D 00 00 00 04 36 00 42 36 00 00 02 CC 00 00 00 42 36 00 00 02 65 00 58 02 C4 22 00 00 00 00 00 00 C4 22 00 00 04 04 A4 1E
@sos_1_1 2026-10-09T10:02:36 4647 01 01 F4 00 00 00 AC 03 0A 00 D0 FB 01 00 01 04 65 00 58 02 00 00 C4 09 00 00 00 00 71 00 01 01 04 00 00 08 06 00 06 00 01 00 04 00 00 00 00 00 98 21 00 00 00 00 00 00 00 00 08 00 00 09 00 0D 02 00 00 00 00 00 00 00 00 00 00 00 00 00 00 00 00 00 00 00 00 00 00 00 00 00 00 00 00 00 00 00 00 00 00 00 00 00 00 00 00
@sossrc_1_1 2026-10-09T10:02:36 4648 01 F4 00 00 00 01 03 00 00 00 E8 03 00 00 3C 8D 00 00 01 04 00 00 A8 34 00 00 01 CB 00 00 00 BC 34 00 00 02 67 00 08 02 88 13 00 00 88 13 00 00 00 00 00 00 02 02 A7 1D
@sossrc_1_1 2026-10-09T10:02:36 4649 01 F4 00 00 00 02 04 00 00 00 00 00 00 00 3D 8D 00 00 00 04 36 00 24 36 00 00 02 CC 00 00 00 24 36 00 00 02 65 00 58 02 98 21 00 00 00 00 00 00 98 21 00 00 04 04 A4 1E
@sos_1_1 2026-10-09T10:02:36 4650 01 00 F5 00 00 00 04 06 0A 00 D0 FB 01 00 01 04 65 00 58 02 00 00 C4 09 00 00 00 00 71 00 01 01 04 00 00 08 06 00 06 00 01 00 04 00 00 00 00 00 98 21 00 00 00 00 00 00 00 00 08 00 00 09 00 0D 02 00 00 00 00 00 00 00 00 00 00 00 00 00 00 00 00 00 00 00 00 00 00 00 00 00 00 00 00 00 00 00 00 00 00 00 00 00 00 00 00
@sossrc_1_1 2026-10-09T10:02:36 4651 01 F5 00 00 00 01 03 00 00 00 40 06 00 00 3C 8D 00 00 01 04 00 00 A8 34 00 00 01 CB 00 00 00 BC 34 00 00 02 67 00 08 02 88 13 00 00 88 13 00 00 00 00 00 00 02 02 A7 1D
@sossrc_1_1 2026-10-09T10:02:36 4652 01 F5 00 00 00 02 04 00 00 00 58 02 00 00 3D 8D 00 00 00 04 36 00 24 36 00 00 02 CC 00 00 00 24 36 00 00 02 65 00 58 02 98 21 00 00 00 00 00 00 98 21 00 00 04 04 A4 1E
@sos_1_1 2026-10-09T10:02:37 4653 01 01 F6 00 00 00 94 07 0A 00 D0 FB 01 00 01 04 65 00 58 02 00 00 C4 09 00 00 00 00 71 00 01 01 04 00 00 08 06 00 06 00 01 00 04 00 00 00 00 00 98 21 00 00 00 00 00 00 00 00 08 00 00 09 00 0D 02 00 00 00 00 00 00 00 00 00 00 00 00 00 00 00 00 00 00 00 00 00 00 00 00 00 00 00 00 00 00 00 00 00 00 00 00 00 00 00 00
@sossrc_1_1 2026-10-09T10:02:37 4654 01 F6 00 00 00 01 03 00 00 00 00 00 00 00 3E 8D 00 00 01 04 00 00 A8 34 00 00 01 CB 00 00 00 BC 34 00 00 02 67 00 08 02 88 13 00 00 88 13 00 00 00 00 00 00 02 02 A7 1D
@sossrc_1_1 2026-10-09T10:02:37 4655 01 F6 00 00 00 02 04 00 00 00 E8 03 00 00 3D 8D 00 00 00 04 36 00 24 36 00 00 02 CC 00 00 00 24 36 00 00 02 65 00 58 02 98 21 00 00 00 00 00 00 98 21 00 00 04 04 A4 1E
@sos_1_1 2026-10-09T10:02:37 4656 01 00 F7 00 00 00 EC 09 0A 00 D0 FB 01 00 01 04 65 00 58 02 00 00 C4 09 00 00 00 00 71 00 01 01 04 00 00 08 06 00 06 00 01 00 04 00 00 00 00 00 98 21 00 00 00 00 00 00 00 00 08 00 00 09 00 0D 02 00 00 00 00 00 00 00 00 00 00 00 00 00 00 00 00 00 00 00 00 00 00 00 00 00 00 00 00 00 00 00 00 00 00 00 00 00 00 00 00
@sossrc_1_1 2026-10-09T10:02:37 4657 01 F7 00 00 00 01 03 00 00 00 58 02 00 00 3E 8D 00 00 01 04 00 00 A8 34 00 00 01 CB 00 00 00 BC 34 00 00 02 67 00 08 02 88 13 00 00 88 13 00 00 00 00 00 00 02 02 A7 1D
@sossrc_1_1 2026-10-09T10:02:37 4658 01 F7 00 00 00 02 04 00 00 00 40 06 00 00 3D 8D 00 00 00 04 36 00 24 36 00 00 02 CC 00 00 00 24 36 00 00 02 65 00 58 02 98 21 00 00 00 00 00 00 98 21 00 00 04 04 A4 1E
@sosev_1_1 2026-10-09T10:02:38 4659 01 7C 0B 0A 00 F7 00 00 00 08 01 03 04 00 00 00 98 21 00 00 D0 FB 01 00 00 00 04
@sos_1_1 2026-10-09T10:02:38 4660 01 01 F8 00 00 00 7C 0B 0A 00 D0 FB 01 00 01 04 65 00 58 02 00 00 C4 09 00 00 00 00 71 00 01 01 04 00 00 08 06 00 02 00 03 00 03 00 00 00 00 00 00 00 00 00 88 13 00 00 00 00 02 00 10 08 00 0D 02 00 00 00 00 00 00 00 00 00 00 00 00 00 00 00 00 00 00 00 00 00 00 00 00 00 00 00 00 00 00 00 00 00 00 00 00 00 00 00 00
@sossrc_1_1 2026-10-09T10:02:38 4661 01 F8 00 00 00 01 03 00 00 00 E8 03 00 00 3E 8D 00 00 01 04 00 00 A8 34 00 00 01 CB 00 00 00 BC 34 00 00 02 67 00 08 02 88 13 00 00 88 13 00 00 00 00 00 00 02 02 A7 1D
@sossrc_1_1 2026-10-09T10:02:38 4662 01 F8 00 00 00 02 04 00 00 00 00 00 00 00 3F 8D 00 00 00 04 36 00 06 36 00 00 02 CC 00 00 00 06 36 00 00 02 68 00 58 02 6C 20 00 00 00 00 00 00 00 00 00 00 00 00 A4 1C
@sos_1_1 2026-10-09T10:02:38 4663 01 00 F9 00 00 00 D4 0D 0A 00 D0 FB 01 00 01 04 65 00 58 02 00 00 C4 09 00 00 00 00 71 00 01 01 04 00 00 08 06 00 02 00 03 00 03 00 00 00 00 00 00 00 00 00 88 13 00 00 00 00 02 00 10 08 00 0D 02 00 00 00 00 00 00 00 00 00 00 00 00 00 00 00 00 00 00 00 00 00 00 00 00 00 00 00 00 00 00 00 00 00 00 00 00 00 00 00 00
@sossrc_1_1 2026-10-09T10:02:38 4664 01 F9 00 00 00 01 03 00 00 00 40 06 00 00 3E 8D 00 00 01 04 00 00 A8 34 00 00 01 CB 00 00 00 BC 34 00 00 02 67 00 08 02 88 13 00 00 88 13 00 00 00 00 00 00 02 02 A7 1D
@sossrc_1_1 2026-10-09T10:02:38 4665 01 F9 00 00 00 02 04 00 00 00 58 02 00 00 3F 8D 00 00 00 04 36 00 06 36 00 00 02 CC 00 00 00 06 36 00 00 02 68 00 58 02 6C 20 00 00 00 00 00 00 00 00 00 00 00 00 A4 1C
@sos_1_1 2026-10-09T10:02:39 4666 01 01 FA 00 00 00 64 0F 0A 00 D0 FB 01 00 01 04 65 00 58 02 00 00 C4 09 00 00 00 00 71 00 01 01 04 00 00 08 06 00 02 00 03 00 03 00 00 00 00 00 00 00 00 00 88 13 00 00 00 00 02 00 10 08 00 0D 02 00 00 00 00 00 00 00 00 00 00 00 00 00 00 00 00 00 00 00 00 00 00 00 00 00 00 00 00 00 00 00 00 00 00 00 00 00 00 00 00
@sossrc_1_1 2026-10-09T10:02:39 4667 01 FA 00 00 00 01 03 00 00 00 00 00 00 00 40 8D 00 00 01 04 00 00 A8 34 00 00 01 CB 00 00 00 BC 34 00 00 02 67 00 08 02 88 13 00 00 88 13 00 00 00 00 00 00 02 02 A7 1D
@sossrc_1_1 2026-10-09T10:02:39 4668 01 FA 00 00 00 02 04 00 00 00 E8 03 00 00 3F 8D 00 00 00 04 36 00 06 36 00 00 02 CC 00 00 00 06 36 00 00 02 68 00 58 02 6C 20 00 00 00 00 00 00 00 00 00 00 00 00 A4 1C
@sos_1_1 2026-10-09T10:02:39 4669 01 00 FB 00 00 00 BC 11 0A 00 D0 FB 01 00 01 04 65 00 58 02 00 00 C4 09 00 00 00 00 71 00 01 01 04 00 00 08 06 00 02 00 03 00 03 00 00 00 00 00 00 00 00 00 88 13 00 00 00 00 02 00 10 08 00 0D 02 00 00 00 00 00 00 00 00 00 00 00 00 00 00 00 00 00 00 00 00 00 00 00 00 00 00 00 00 00 00 00 00 00 00 00 00 00 00 00 00
@sossrc_1_1 2026-10-09T10:02:39 4670 01 FB 00 00 00 01 03 00 00 00 58 02 00 00 40 8D 00 00 01 04 00 00 A8 34 00 00 01 CB 00 00 00 BC 34 00 00 02 67 00 08 02 88 13 00 00 88 13 00 00 00 00 00 00 02 02 A7 1D
@sossrc_1_1 2026-10-09T10:02:39 4671 01 FB 00 00 00 02 04 00 00 00 40 06 00 00 3F 8D 00 00 00 04 36 00 06 36 00 00 02 CC 00 00 00 06 36 00 00 02 68 00 58 02 6C 20 00 00 00 00 00 00 00 00 00 00 00 00 A4 1C
@sosev_1_1 2026-10-09T10:02:40 4672 01 E8 12 0A 00 FB 00 00 00 16 00 00 01 00 00 00 00 00 00 00 D0 FB 01 00 00 00 04
@sos_1_1 2026-10-09T10:02:40 4673 01 00 FC 00 00 00 A4 15 0A 00 D0 FB 01 00 01 04 65 00 58 02 00 00 C4 09 00 00 00 00 71 00 01 01 04 00 00 08 06 00 02 00 03 00 03 00 00 00 00 00 00 00 00 00 88 13 00 00 00 00 02 00 10 00 00 0E 02 00 00 00 00 00 00 00 00 00 00 00 00 00 00 00 00 00 00 00 00 00 00 00 00 00 00 00 00 00 00 00 00 00 00 00 00 00 00 00 00
@sossrc_1_1 2026-10-09T10:02:40 4674 01 FC 00 00 00 01 03 00 00 00 40 06 00 00 40 8D 00 00 01 04 00 00 A8 34 00 00 01 CB 00 00 00 BC 34 00 00 02 67 00 08 02 88 13 00 00 88 13 00 00 00 00 00 00 02 02 A7 1D
@sossrc_1_1 2026-10-09T10:02:40 4675 01 FC 00 00 00 02 04 00 00 00 58 02 00 00 41 8D 00 00 00 04 36 00 E8 35 00 00 02 CC 00 00 00 E8 35 00 00 02 68 00 58 02 40 1F 00 00 00 00 00 00 00 00 00 00 00 00 A4 1C
@sos_1_1 2026-10-09T10:02:41 4676 01 01 FD 00 00 00 34 17 0A 00 D0 FB 01 00 01 04 65 00 58 02 00 00 C4 09 00 00 00 00 71 00 01 01 04 00 00 08 06 00 02 00 03 00 03 00 00 00 00 00 00 00 00 00 88 13 00 00 00 00 02 00 10 00 00 0E 02 00 00 00 00 00 00 00 00 00 00 00 00 00 00 00 00 00 00 00 00 00 00 00 00 00 00 00 00 00 00 00 00 00 00 00 00 00 00 00 00
@sossrc_1_1 2026-10-09T10:02:41 4677 01 FD 00 00 00 01 03 00 00 00 00 00 00 00 42 8D 00 00 01 04 00 00 A8 34 00 00 01 CB 00 00 00 BC 34 00 00 02 67 00 08 02 88 13 00 00 88 13 00 00 00 00 00 00 02 02 A7 1D
@sossrc_1_1 2026-10-09T10:02:41 4678 01 FD 00 00 00 02 04 00 00 00 E8 03 00 00 41 8D 00 00 00 04 36 00 E8 35 00 00 02 CC 00 00 00 E8 35 00 00 02 68 00 58 02 40 1F 00 00 00 00 00 00 00 00 00 00 00 00 A4 1C
@sos_1_1 2026-10-09T10:02:41 4679 01 00 FE 00 00 00 8C 19 0A 00 D0 FB 01 00 01 04 65 00 58 02 00 00 C4 09 00 00 00 00 71 00 01 01 04 00 00 08 06 00 02 00 03 00 03 00 00 00 00 00 00 00 00 00 88 13 00 00 00 00 02 00 10 00 00 0E 02 00 00 00 00 00 00 00 00 00 00 00 00 00 00 00 00 00 00 00 00 00 00 00 00 00 00 00 00 00 00 00 00 00 00 00 00 00 00 00 00
@sossrc_1_1 2026-10-09T10:02:41 4680 01 FE 00 00 00 01 03 00 00 00 58 02 00 00 42 8D 00 00 01 04 00 00 A8 34 00 00 01 CB 00 00 00 BC 34 00 00 02 67 00 08 02 88 13 00 00 88 13 00 00 00 00 00 00 02 02 A7 1D
@sossrc_1_1 2026-10-09T10:02:41 4681 01 FE 00 00 00 02 04 00 00 00 40 06 00 00 41 8D 00 00 00 04 36 00 E8 35 00 00 02 CC 00 00 00 E8 35 00 00 02 68 00 58 02 40 1F 00 00 00 00 00 00 00 00 00 00 00 00 A4 1C
@sos_1_1 2026-10-09T10:02:42 4682 01 00 FF 00 00 00 74 1D 0A 00 D0 FB 01 00 01 04 65 00 58 02 00 00 C4 09 00 00 00 00 71 00 01 01 04 00 00 08 06 00 02 00 03 00 03 00 00 00 00 00 00 00 00 00 88 13 00 00 00 00 02 00 10 00 00 0E 02 00 00 00 00 00 00 00 00 00 00 00 00 00 00 00 00 00 00 00 00 00 00 00 00 00 00 00 00 00 00 00 00 00 00 00 00 00 00 00 00
@sossrc_1_1 2026-10-09T10:02:42 4683 01 FF 00 00 00 01 03 00 00 00 40 06 00 00 42 8D 00 00 01 04 00 00 A8 34 00 00 01 CB 00 00 00 BC 34 00 00 02 67 00 08 02 88 13 00 00 88 13 00 00 00 00 00 00 02 02 A7 1D
@sossrc_1_1 2026-10-09T10:02:42 4684 01 FF 00 00 00 02 04 00 00 00 58 02 00 00 43 8D 00 00 00 04 36 00 CA 35 00 00 02 CC 00 00 00 CA 35 00 00 02 68 00 58 02 14 1E 00 00 00 00 00 00 00 00 00 00 00 00 A4 1C
@sos_1_1 2026-10-09T10:02:43 4685 01 01 00 01 00 00 04 1F 0A 00 D0 FB 01 00 01 04 65 00 58 02 00 00 C4 09 00 00 00 00 71 00 01 01 04 00 00 08 06 00 02 00 03 00 03 00 00 00 00 00 00 00 00 00 88 13 00 00 00 00 02 00 10 00 00 0E 02 00 00 00 00 00 00 00 00 00 00 00 00 00 00 00 00 00 00 00 00 00 00 00 00 00 00 00 00 00 00 00 00 00 00 00 00 00 00 00 00
@sossrc_1_1 2026-10-09T10:02:43 4686 01 00 01 00 00 01 03 00 00 00 00 00 00 00 44 8D 00 00 01 04 00 00 A8 34 00 00 01 CB 00 00 00 BC 34 00 00 02 67 00 08 02 88 13 00 00 88 13 00 00 00 00 00 00 02 02 A7 1D
@sossrc_1_1 2026-10-09T10:02:43 4687 01 00 01 00 00 02 04 00 00 00 E8 03 00 00 43 8D 00 00 00 04 36 00 CA 35 00 00 02 CC 00 00 00 CA 35 00 00 02 68 00 58 02 14 1E 00 00 00 00 00 00 00 00 00 00 00 00 A4 1C
@sos_1_1 2026-10-09T10:02:43 4688 01 00 01 01 00 00 5C 21 0A 00 D0 FB 01 00 01 04 65 00 58 02 00 00 C4 09 00 00 00 00 71 00 01 01 04 00 00 08 06 00 02 00 03 00 03 00 00 00 00 00 00 00 00 00 88 13 00 00 00 00 02 00 10 00 00 0E 02 00 00 00 00 00 00 00 00 00 00 00 00 00 00 00 00 00 00 00 00 00 00 00 00 00 00 00 00 00 00 00 00 00 00 00 00 00 00 00 00
@sossrc_1_1 2026-10-09T10:02:43 4689 01 01 01 00 00 01 03 00 00 00 58 02 00 00 44 8D 00 00 01 04 00 00 A8 34 00 00 01 CB 00 00 00 BC 34 00 00 02 67 00 08 02 88 13 00 00 88 13 00 00 00 00 00 00 02 02 A7 1D
@sossrc_1_1 2026-10-09T10:02:43 4690 01 01 01 00 00 02 04 00 00 00 40 06 00 00 43 8D 00 00 00 04 36 00 CA 35 00 00 02 CC 00 00 00 CA 35 00 00 02 68 00 58 02 14 1E 00 00 00 00 00 00 00 00 00 00 00 00 A4 1C
@sos_1_1 2026-10-09T10:02:44 4691 01 00 02 01 00 00 44 25 0A 00 D0 FB 01 00 01 04 65 00 58 02 00 00 C4 09 00 00 00 00 71 00 01 01 04 00 00 08 06 00 02 00 03 00 03 00 00 00 00 00 00 00 00 00 88 13 00 00 00 00 02 00 10 00 00 0E 02 00 00 00 00 00 00 00 00 00 00 00 00 00 00 00 00 00 00 00 00 00 00 00 00 00 00 00 00 00 00 00 00 00 00 00 00 00 00 00 00
@sossrc_1_1 2026-10-09T10:02:44 4692 01 02 01 00 00 01 03 00 00 00 40 06 00 00 44 8D 00 00 01 04 00 00 A8 34 00 00 01 CB 00 00 00 BC 34 00 00 02 67 00 08 02 88 13 00 00 88 13 00 00 00 00 00 00 02 02 A7 1D
@sossrc_1_1 2026-10-09T10:02:44 4693 01 02 01 00 00 02 04 00 00 00 58 02 00 00 45 8D 00 00 00 04 36 00 AC 35 00 00 02 CC 00 00 00 AC 35 00 00 02 68 00 58 02 E8 1C 00 00 00 00 00 00 00 00 00 00 00 00 A4 1C
@sos_1_1 2026-10-09T10:02:45 4694 01 01 03 01 00 00 D4 26 0A 00 D0 FB 01 00 01 04 65 00 58 02 00 00 C4 09 00 00 00 00 71 00 01 01 04 00 00 08 06 00 02 00 03 00 03 00 00 00 00 00 00 00 00 00 88 13 00 00 00 00 02 00 10 00 00 0E 02 00 00 00 00 00 00 00 00 00 00 00 00 00 00 00 00 00 00 00 00 00 00 00 00 00 00 00 00 00 00 00 00 00 00 00 00 00 00 00 00
@sossrc_1_1 2026-10-09T10:02:45 4695 01 03 01 00 00 01 03 00 00 00 00 00 00 00 46 8D 00 00 01 04 00 00 A8 34 00 00 01 CB 00 00 00 BC 34 00 00 02 67 00 08 02 88 13 00 00 88 13 00 00 00 00 00 00 02 02 A7 1D
@sossrc_1_1 2026-10-09T10:02:45 4696 01 03 01 00 00 02 04 00 00 00 E8 03 00 00 45 8D 00 00 00 04 36 00 AC 35 00 00 02 CC 00 00 00 AC 35 00 00 02 68 00 58 02 E8 1C 00 00 00 00 00 00 00 00 00 00 00 00 A4 1C
@sos_1_1 2026-10-09T10:02:45 4697 01 00 04 01 00 00 2C 29 0A 00 D0 FB 01 00 01 04 65 00 58 02 00 00 C4 09 00 00 00 00 71 00 01 01 04 00 00 08 06 00 02 00 03 00 03 00 00 00 00 00 00 00 00 00 88 13 00 00 00 00 02 00 10 00 00 0E 02 00 00 00 00 00 00 00 00 00 00 00 00 00 00 00 00 00 00 00 00 00 00 00 00 00 00 00 00 00 00 00 00 00 00 00 00 00 00 00 00
@sossrc_1_1 2026-10-09T10:02:45 4698 01 04 01 00 00 01 03 00 00 00 58 02 00 00 46 8D 00 00 01 04 00 00 A8 34 00 00 01 CB 00 00 00 BC 34 00 00 02 67 00 08 02 88 13 00 00 88 13 00 00 00 00 00 00 02 02 A7 1D
@sossrc_1_1 2026-10-09T10:02:45 4699 01 04 01 00 00 02 04 00 00 00 40 06 00 00 45 8D 00 00 00 04 36 00 AC 35 00 00 02 CC 00 00 00 AC 35 00 00 02 68 00 58 02 E8 1C 00 00 00 00 00 00 00 00 00 00 00 00 A4 1C
@sos_1_1 2026-10-09T10:02:46 4700 01 00 05 01 00 00 14 2D 0A 00 D0 FB 01 00 01 04 65 00 58 02 00 00 C4 09 00 00 00 00 71 00 01 01 04 00 00 08 06 00 02 00 03 00 03 00 00 00 00 00 00 00 00 00 88 13 00 00 00 00 02 00 10 00 00 0E 02 00 00 00 00 00 00 00 00 00 00 00 00 00 00 00 00 00 00 00 00 00 00 00 00 00 00 00 00 00 00 00 00 00 00 00 00 00 00 00 00
@sossrc_1_1 2026-10-09T10:02:46 4701 01 05 01 00 00 01 03 00 00 00 40 06 00 00 46 8D 00 00 01 04 00 00 A8 34 00 00 01 CB 00 00 00 BC 34 00 00 02 67 00 08 02 88 13 00 00 88 13 00 00 00 00 00 00 02 02 A7 1D
@sossrc_1_1 2026-10-09T10:02:46 4702 01 05 01 00 00 02 04 00 00 00 28 0A 00 00 45 8D 00 00 00 04 36 00 AC 35 00 00 02 CC 00 00 00 AC 35 00 00 02 68 00 58 02 E8 1C 00 00 00 00 00 00 00 00 00 00 00 00 A4 1C
@sos_1_1 2026-10-09T10:02:47 4703 01 01 06 01 00 00 A4 2E 0A 00 D0 FB 01 00 01 04 65 00 58 02 00 00 C4 09 00 00 00 00 71 00 01 01 04 00 00 08 06 00 02 00 03 00 03 00 00 00 00 00 00 00 00 00 88 13 00 00 00 00 02 00 10 00 00 0E 02 00 00 00 00 00 00 00 00 00 00 00 00 00 00 00 00 00 00 00 00 00 00 00 00 00 00 00 00 00 00 00 00 00 00 00 00 00 00 00 00
@sossrc_1_1 2026-10-09T10:02:47 4704 01 06 01 00 00 01 03 00 00 00 00 00 00 00 48 8D 00 00 01 04 00 00 A8 34 00 00 01 CB 00 00 00 BC 34 00 00 02 67 00 08 02 88 13 00 00 88 13 00 00 00 00 00 00 02 02 A7 1D
@sossrc_1_1 2026-10-09T10:02:47 4705 01 06 01 00 00 02 04 00 00 00 B8 0B 00 00 45 8D 00 00 00 04 36 00 AC 35 00 00 02 CC 00 00 00 AC 35 00 00 02 68 00 58 02 E8 1C 00 00 00 00 00 00 00 00 00 00 00 00 A4 1C
@sos_1_1 2026-10-09T10:02:47 4706 01 00 07 01 00 00 FC 30 0A 00 D0 FB 01 00 01 04 65 00 58 02 00 00 C4 09 00 00 00 00 71 00 01 01 04 00 00 08 06 00 02 00 03 00 03 00 00 00 00 00 00 00 00 00 88 13 00 00 00 00 02 00 10 00 00 0E 02 00 00 00 00 00 00 00 00 00 00 00 00 00 00 00 00 00 00 00 00 00 00 00 00 00 00 00 00 00 00 00 00 00 00 00 00 00 00 00 00
@sossrc_1_1 2026-10-09T10:02:47 4707 01 07 01 00 00 01 03 00 00 00 58 02 00 00 48 8D 00 00 01 04 00 00 A8 34 00 00 01 CB 00 00 00 BC 34 00 00 02 67 00 08 02 88 13 00 00 88 13 00 00 00 00 00 00 02 02 A7 1D
@sossrc_1_1 2026-10-09T10:02:47 4708 01 07 01 00 00 02 04 00 00 00 10 0E 00 00 45 8D 00 00 00 04 36 00 AC 35 00 00 02 CC 00 00 00 AC 35 00 00 02 68 00 58 02 E8 1C 00 00 00 00 00 00 00 00 00 00 00 00 A4 1C
@sos_1_1 2026-10-09T10:02:48 4709 01 00 08 01 00 00 E4 34 0A 00 D0 FB 01 00 01 04 65 00 58 02 00 00 C4 09 00 00 00 00 71 00 01 01 04 00 00 08 06 00 02 00 03 00 03 00 00 00 00 00 00 00 00 00 88 13 00 00 00 00 02 00 10 00 00 0E 02 00 00 00 00 00 00 00 00 00 00 00 00 00 00 00 00 00 00 00 00 00 00 00 00 00 00 00 00 00 00 00 00 00 00 00 00 00 00 00 00
@sossrc_1_1 2026-10-09T10:02:48 4710 01 08 01 00 00 01 03 00 00 00 40 06 00 00 48 8D 00 00 01 04 00 00 A8 34 00 00 01 CB 00 00 00 BC 34 00 00 02 67 00 08 02 88 13 00 00 88 13 00 00 00 00 00 00 02 02 A7 1D
@sossrc_1_1 2026-10-09T10:02:48 4711 01 08 01 00 00 02 04 00 00 00 F8 11 00 00 45 8D 00 00 00 04 36 00 AC 35 00 00 02 CC 00 00 00 AC 35 00 00 02 68 00 58 02 E8 1C 00 00 00 00 00 00 00 00 00 00 00 00 A4 1C
@sos_1_1 2026-10-09T10:02:49 4712 01 01 09 01 00 00 74 36 0A 00 D0 FB 01 00 01 04 65 00 58 02 00 00 C4 09 00 00 00 00 71 00 01 01 04 00 00 08 06 00 02 00 03 00 03 00 00 00 00 00 00 00 00 00 88 13 00 00 00 00 02 00 10 00 00 0E 02 00 00 00 00 00 00 00 00 00 00 00 00 00 00 00 00 00 00 00 00 00 00 00 00 00 00 00 00 00 00 00 00 00 00 00 00 00 00 00 00
@sossrc_1_1 2026-10-09T10:02:49 4713 01 09 01 00 00 01 03 00 00 00 00 00 00 00 4A 8D 00 00 01 04 00 00 A8 34 00 00 01 CB 00 00 00 BC 34 00 00 02 67 00 08 02 88 13 00 00 88 13 00 00 00 00 00 00 02 02 A7 1D
@sossrc_1_1 2026-10-09T10:02:49 4714 01 09 01 00 00 02 04 00 00 00 88 13 00 00 45 8D 00 00 00 04 36 00 AC 35 00 00 02 CC 00 00 00 AC 35 00 00 02 68 00 58 02 E8 1C 00 00 00 00 00 00 00 00 00 00 00 00 A4 1C
@sosev_1_1 2026-10-09T10:02:49 4715 01 CC 38 0A 00 09 01 00 00 04 00 00 04 00 00 00 E8 1C 00 00 D0 FB 01 00 00 00 04
@sos_1_1 2026-10-09T10:02:49 4716 01 00 0A 01 00 00 CC 38 0A 00 D0 FB 01 00 01 04 65 00 58 02 00 00 C4 09 00 00 00 00 71 00 01 01 04 00 00 08 02 00 02 00 03 00 03 00 00 00 00 00 00 00 00 00 88 13 00 00 00 00 02 00 10 00 00 0E 02 00 00 00 00 00 00 00 00 00 00 00 00 00 00 00 00 00 00 00 00 00 00 00 00 00 00 00 00 00 00 00 00 00 00 00 00 00 00 00 00
@sossrc_1_1 2026-10-09T10:02:49 4717 01 0A 01 00 00 01 03 00 00 00 58 02 00 00 4A 8D 00 00 01 04 00 00 A8 34 00 00 01 CB 00 00 00 BC 34 00 00 02 67 00 08 02 88 13 00 00 88 13 00 00 00 00 00 00 02 02 A7 1D
@sos_1_1 2026-10-09T10:02:50 4718 01 00 0B 01 00 00 B4 3C 0A 00 D0 FB 01 00 01 04 65 00 58 02 D0 07 C4 09 00 00 00 00 71 00 01 01 04 00 00 08 02 00 02 00 03 00 03 00 00 00 00 00 00 00 00 00 88 13 00 00 00 00 02 00 10 00 00 08 02 00 00 00 00 00 00 00 00 00 00 00 00 00 00 00 00 00 00 00 00 00 00 00 00 00 00 00 00 00 00 00 00 00 00 00 00 00 00 00 00
@sossrc_1_1 2026-10-09T10:02:50 4719 01 0B 01 00 00 01 03 00 00 00 40 06 00 00 4A 8D 00 00 01 04 00 00 A8 34 00 00 01 CB 00 00 00 BC 34 00 00 02 67 00 08 02 88 13 00 00 88 13 00 00 00 00 00 00 02 02 A7 1D
@sos_1_1 2026-10-09T10:02:51 4720 01 01 0C 01 00 00 44 3E 0A 00 98 FC 01 00 01 04 65 00 58 02 D0 07 C4 09 00 00 00 00 71 00 01 01 04 00 00 08 02 00 02 00 03 00 03 00 00 00 00 00 00 00 00 00 C0 12 00 00 00 00 02 00 10 00 00 08 02 00 00 00 00 00 00 00 00 00 00 00 00 00 00 00 00 00 00 00 00 00 00 00 00 00 00 00 00 00 00 00 00 00 00 00 00 00 00 00 00
@sossrc_1_1 2026-10-09T10:02:51 4721 01 0C 01 00 00 01 03 00 00 00 00 00 00 00 4C 8D 00 00 01 04 00 00 A8 34 00 00 01 CB 00 00 00 BC 34 00 00 02 67 00 08 02 C0 12 00 00 C0 12 00 00 00 00 00 00 02 02 A7 1D
@sos_1_1 2026-10-09T10:02:51 4722 01 00 0D 01 00 00 9C 40 0A 00 98 FC 01 00 01 04 65 00 58 02 D0 07 C4 09 00 00 00 00 71 00 01 01 04 00 00 08 02 00 02 00 03 00 03 00 00 00 00 00 00 00 00 00 C0 12 00 00 00 00 02 00 10 00 00 08 02 00 00 00 00 00 00 00 00 00 00 00 00 00 00 00 00 00 00 00 00 00 00 00 00 00 00 00 00 00 00 00 00 00 00 00 00 00 00 00 00
@sossrc_1_1 2026-10-09T10:02:51 4723 01 0D 01 00 00 01 03 00 00 00 58 02 00 00 4C 8D 00 00 01 04 00 00 A8 34 00 00 01 CB 00 00 00 BC 34 00 00 02 67 00 08 02 C0 12 00 00 C0 12 00 00 00 00 00 00 02 02 A7 1D
@sos_1_1 2026-10-09T10:02:52 4724 01 00 0E 01 00 00 84 44 0A 00 60 FD 01 00 01 04 65 00 58 02 D0 07 C4 09 00 00 00 00 71 00 01 01 04 00 00 08 02 00 02 00 03 00 03 00 00 00 00 00 00 00 00 00 F8 11 00 00 00 00 02 00 10 00 00 08 02 00 00 00 00 00 00 00 00 00 00 00 00 00 00 00 00 00 00 00 00 00 00 00 00 00 00 00 00 00 00 00 00 00 00 00 00 00 00 00 00
@sossrc_1_1 2026-10-09T10:02:52 4725 01 0E 01 00 00 01 03 00 00 00 40 06 00 00 4C 8D 00 00 01 04 00 00 A8 34 00 00 01 CB 00 00 00 BC 34 00 00 02 67 00 08 02 F8 11 00 00 F8 11 00 00 00 00 00 00 02 02 A7 1D
@sos_1_1 2026-10-09T10:02:53 4726 01 01 0F 01 00 00 14 46 0A 00 28 FE 01 00 01 04 65 00 58 02 D0 07 C4 09 00 00 00 00 71 00 01 01 04 00 00 08 02 00 02 00 03 00 03 00 00 00 00 00 00 00 00 00 30 11 00 00 00 00 02 00 10 00 00 08 02 00 00 00 00 00 00 00 00 00 00 00 00 00 00 00 00 00 00 00 00 00 00 00 00 00 00 00 00 00 00 00 00 00 00 00 00 00 00 00 00
@sossrc_1_1 2026-10-09T10:02:53 4727 01 0F 01 00 00 01 03 00 00 00 00 00 00 00 4E 8D 00 00 01 04 00 00 A8 34 00 00 01 CB 00 00 00 BC 34 00 00 02 67 00 08 02 30 11 00 00 30 11 00 00 00 00 00 00 02 02 A7 1D
@sos_1_1 2026-10-09T10:02:53 4728 01 00 10 01 00 00 6C 48 0A 00 28 FE 01 00 01 04 65 00 58 02 D0 07 C4 09 00 00 00 00 71 00 01 01 04 00 00 08 02 00 02 00 03 00 03 00 00 00 00 00 00 00 00 00 30 11 00 00 00 00 02 00 10 00 00 08 02 00 00 00 00 00 00 00 00 00 00 00 00 00 00 00 00 00 00 00 00 00 00 00 00 00 00 00 00 00 00 00 00 00 00 00 00 00 00 00 00
@sossrc_1_1 2026-10-09T10:02:53 4729 01 10 01 00 00 01 03 00 00 00 58 02 00 00 4E 8D 00 00 01 04 00 00 A8 34 00 00 01 CB 00 00 00 BC 34 00 00 02 67 00 08 02 30 11 00 00 30 11 00 00 00 00 00 00 02 02 A7 1D
@sos_1_1 2026-10-09T10:02:54 4730 01 00 11 01 00 00 54 4C 0A 00 F0 FE 01 00 01 04 65 00 58 02 D0 07 C4 09 00 00 00 00 71 00 01 01 04 00 00 08 02 00 02 00 03 00 03 00 00 00 00 00 00 00 00 00 68 10 00 00 00 00 02 00 10 00 00 08 02 00 00 00 00 00 00 00 00 00 00 00 00 00 00 00 00 00 00 00 00 00 00 00 00 00 00 00 00 00 00 00 00 00 00 00 00 00 00 00 00
@sossrc_1_1 2026-10-09T10:02:54 4731 01 11 01 00 00 01 03 00 00 00 40 06 00 00 4E 8D 00 00 01 04 00 00 A8 34 00 00 01 CB 00 00 00 BC 34 00 00 02 67 00 08 02 68 10 00 00 68 10 00 00 00 00 00 00 02 02 A7 1D
@sos_1_1 2026-10-09T10:02:55 4732 01 01 12 01 00 00 E4 4D 0A 00 B8 FF 01 00 01 04 65 00 58 02 D0 07 C4 09 00 00 00 00 71 00 01 01 04 00 00 08 02 00 02 00 03 00 03 00 00 00 00 00 00 00 00 00 A0 0F 00 00 00 00 02 00 10 00 00 08 02 00 00 00 00 00 00 00 00 00 00 00 00 00 00 00 00 00 00 00 00 00 00 00 00 00 00 00 00 00 00 00 00 00 00 00 00 00 00 00 00
@sossrc_1_1 2026-10-09T10:02:55 4733 01 12 01 00 00 01 03 00 00 00 00 00 00 00 50 8D 00 00 01 04 00 00 A8 34 00 00 01 CB 00 00 00 BC 34 00 00 02 67 00 08 02 A0 0F 00 00 A0 0F 00 00 00 00 00 00 02 02 A7 1D
@sos_1_1 2026-10-09T10:02:55 4734 01 00 13 01 00 00 3C 50 0A 00 B8 FF 01 00 01 04 65 00 58 02 D0 07 C4 09 00 00 00 00 71 00 01 01 04 00 00 08 02 00 02 00 03 00 03 00 00 00 00 00 00 00 00 00 A0 0F 00 00 00 00 02 00 10 00 00 08 02 00 00 00 00 00 00 00 00 00 00 00 00 00 00 00 00 00 00 00 00 00 00 00 00 00 00 00 00 00 00 00 00 00 00 00 00 00 00 00 00
@sossrc_1_1 2026-10-09T10:02:55 4735 01 13 01 00 00 01 03 00 00 00 58 02 00 00 50 8D 00 00 01 04 00 00 A8 34 00 00 01 CB 00 00 00 BC 34 00 00 02 67 00 08 02 A0 0F 00 00 A0 0F 00 00 00 00 00 00 02 02 A7 1D
@sos_1_1 2026-10-09T10:02:56 4736 01 00 14 01 00 00 24 54 0A 00 80 00 02 00 01 04 65 00 58 02 D0 07 C4 09 00 00 00 00 71 00 01 01 04 00 00 08 02 00 02 00 03 00 03 00 00 00 00 00 00 00 00 00 D8 0E 00 00 00 00 02 00 10 00 00 08 02 00 00 00 00 00 00 00 00 00 00 00 00 00 00 00 00 00 00 00 00 00 00 00 00 00 00 00 00 00 00 00 00 00 00 00 00 00 00 00 00
@sossrc_1_1 2026-10-09T10:02:56 4737 01 14 01 00 00 01 03 00 00 00 40 06 00 00 50 8D 00 00 01 04 00 00 A8 34 00 00 01 CB 00 00 00 BC 34 00 00 02 67 00 08 02 D8 0E 00 00 D8 0E 00 00 00 00 00 00 02 02 A7 1D
@sos_1_1 2026-10-09T10:02:57 4738 01 01 15 01 00 00 B4 55 0A 00 48 01 02 00 01 04 65 00 58 02 D0 07 C4 09 00 00 00 00 71 00 01 01 04 00 00 08 02 00 02 00 03 00 03 00 00 00 00 00 00 00 00 00 10 0E 00 00 00 00 02 00 10 00 00 08 02 00 00 00 00 00 00 00 00 00 00 00 00 00 00 00 00 00 00 00 00 00 00 00 00 00 00 00 00 00 00 00 00 00 00 00 00 00 00 00 00
@sossrc_1_1 2026-10-09T10:02:57 4739 01 15 01 00 00 01 03 00 00 00 00 00 00 00 52 8D 00 00 01 04 00 00 A8 34 00 00 01 CB 00 00 00 BC 34 00 00 02 67 00 08 02 10 0E 00 00 10 0E 00 00 00 00 00 00 02 02 A7 1D
@sos_1_1 2026-10-09T10:02:57 4740 01 00 16 01 00 00 0C 58 0A 00 48 01 02 00 01 04 65 00 58 02 D0 07 C4 09 00 00 00 00 71 00 01 01 04 00 00 08 02 00 02 00 03 00 03 00 00 00 00 00 00 00 00 00 10 0E 00 00 00 00 02 00 10 00 00 08 02 00 00 00 00 00 00 00 00 00 00 00 00 00 00 00 00 00 00 00 00 00 00 00 00 00 00 00 00 00 00 00 00 00 00 00 00 00 00 00 00
@sossrc_1_1 2026-10-09T10:02:57 4741 01 16 01 00 00 01 03 00 00 00 58 02 00 00 52 8D 00 00 01 04 00 00 A8 34 00 00 01 CB 00 00 00 BC 34 00 00 02 67 00 08 02 10 0E 00 00 10 0E 00 00 00 00 00 00 02 02 A7 1D
@sos_1_1 2026-10-09T10:02:58 4742 01 00 17 01 00 00 F4 5B 0A 00 10 02 02 00 01 04 65 00 58 02 D0 07 C4 09 00 00 00 00 71 00 01 01 04 00 00 08 02 00 02 00 03 00 03 00 00 00 00 00 00 00 00 00 48 0D 00 00 00 00 02 00 10 00 00 08 02 00 00 00 00 00 00 00 00 00 00 00 00 00 00 00 00 00 00 00 00 00 00 00 00 00 00 00 00 00 00 00 00 00 00 00 00 00 00 00 00
@sossrc_1_1 2026-10-09T10:02:58 4743 01 17 01 00 00 01 03 00 00 00 40 06 00 00 52 8D 00 00 01 04 00 00 A8 34 00 00 01 CB 00 00 00 BC 34 00 00 02 67 00 08 02 48 0D 00 00 48 0D 00 00 00 00 00 00 02 02 A7 1D
@sos_1_1 2026-10-09T10:02:59 4744 01 01 18 01 00 00 84 5D 0A 00 D8 02 02 00 01 04 65 00 58 02 D0 07 C4 09 00 00 00 00 71 00 01 01 04 00 00 08 02 00 02 00 03 00 03 00 00 00 00 00 00 00 00 00 80 0C 00 00 00 00 02 00 10 00 00 08 02 00 00 00 00 00 00 00 00 00 00 00 00 00 00 00 00 00 00 00 00 00 00 00 00 00 00 00 00 00 00 00 00 00 00 00 00 00 00 00 00
@sossrc_1_1 2026-10-09T10:02:59 4745 01 18 01 00 00 01 03 00 00 00 00 00 00 00 54 8D 00 00 01 04 00 00 A8 34 00 00 01 CB 00 00 00 BC 34 00 00 02 67 00 08 02 80 0C 00 00 80 0C 00 00 00 00 00 00 02 02 A7 1D
@sos_1_1 2026-10-09T10:02:59 4746 01 00 19 01 00 00 DC 5F 0A 00 D8 02 02 00 01 04 65 00 58 02 D0 07 C4 09 00 00 00 00 71 00 01 01 04 00 00 08 02 00 02 00 03 00 03 00 00 00 00 00 00 00 00 00 80 0C 00 00 00 00 02 00 10 00 00 08 02 00 00 00 00 00 00 00 00 00 00 00 00 00 00 00 00 00 00 00 00 00 00 00 00 00 00 00 00 00 00 00 00 00 00 00 00 00 00 00 00
@sossrc_1_1 2026-10-09T10:02:59 4747 01 19 01 00 00 01 03 00 00 00 58 02 00 00 54 8D 00 00 01 04 00 00 A8 34 00 00 01 CB 00 00 00 BC 34 00 00 02 67 00 08 02 80 0C 00 00 80 0C 00 00 00 00 00 00 02 02 A7 1D
@sos_1_1 2026-10-09T10:03:00 4748 01 00 1A 01 00 00 C4 63 0A 00 A0 03 02 00 01 04 65 00 58 02 D0 07 C4 09 00 00 00 00 71 00 01 01 04 00 00 08 02 00 02 00 03 00 03 00 00 00 00 00 00 00 00 00 B8 0B 00 00 00 00 02 00 10 00 00 08 02 00 00 00 00 00 00 00 00 00 00 00 00 00 00 00 00 00 00 00 00 00 00 00 00 00 00 00 00 00 00 00 00 00 00 00 00 00 00 00 00
@sossrc_1_1 2026-10-09T10:03:00 4749 01 1A 01 00 00 01 03 00 00 00 40 06 00 00 54 8D 00 00 01 04 00 00 A8 34 00 00 01 CB 00 00 00 BC 34 00 00 02 67 00 08 02 B8 0B 00 00 B8 0B 00 00 00 00 00 00 02 02 A7 1D
@sos_1_1 2026-10-09T10:03:01 4750 01 01 1B 01 00 00 54 65 0A 00 68 04 02 00 01 04 65 00 58 02 D0 07 C4 09 00 00 00 00 71 00 01 01 04 00 00 08 02 00 02 00 03 00 03 00 00 00 00 00 00 00 00 00 F0 0A 00 00 00 00 02 00 10 00 00 08 02 00 00 00 00 00 00 00 00 00 00 00 00 00 00 00 00 00 00 00 00 00 00 00 00 00 00 00 00 00 00 00 00 00 00 00 00 00 00 00 00
@sossrc_1_1 2026-10-09T10:03:01 4751 01 1B 01 00 00 01 03 00 00 00 00 00 00 00 56 8D 00 00 01 04 00 00 A8 34 00 00 01 CB 00 00 00 BC 34 00 00 02 67 00 08 02 F0 0A 00 00 F0 0A 00 00 00 00 00 00 02 02 A7 1D
@sos_1_1 2026-10-09T10:03:01 4752 01 00 1C 01 00 00 AC 67 0A 00 68 04 02 00 01 04 65 00 58 02 D0 07 C4 09 00 00 00 00 71 00 01 01 04 00 00 08 02 00 02 00 03 00 03 00 00 00 00 00 00 00 00 00 F0 0A 00 00 00 00 02 00 10 00 00 08 02 00 00 00 00 00 00 00 00 00 00 00 00 00 00 00 00 00 00 00 00 00 00 00 00 00 00 00 00 00 00 00 00 00 00 00 00 00 00 00 00
@sossrc_1_1 2026-10-09T10:03:01 4753 01 1C 01 00 00 01 03 00 00 00 58 02 00 00 56 8D 00 00 01 04 00 00 A8 34 00 00 01 CB 00 00 00 BC 34 00 00 02 67 00 08 02 F0 0A 00 00 F0 0A 00 00 00 00 00 00 02 02 A7 1D
@sos_1_1 2026-10-09T10:03:02 4754 01 00 1D 01 00 00 94 6B 0A 00 30 05 02 00 01 04 65 00 58 02 D0 07 C4 09 00 00 00 00 71 00 01 01 04 00 00 08 02 00 02 00 03 00 03 00 00 00 00 00 00 00 00 00 28 0A 00 00 00 00 02 00 10 00 00 08 02 00 00 00 00 00 00 00 00 00 00 00 00 00 00 00 00 00 00 00 00 00 00 00 00 00 00 00 00 00 00 00 00 00 00 00 00 00 00 00 00
@sossrc_1_1 2026-10-09T10:03:02 4755 01 1D 01 00 00 01 03 00 00 00 40 06 00 00 56 8D 00 00 01 04 00 00 A8 34 00 00 01 CB 00 00 00 BC 34 00 00 02 67 00 08 02 28 0A 00 00 28 0A 00 00 00 00 00 00 02 02 A7 1D
@sos_1_1 2026-10-09T10:03:03 4756 01 01 1E 01 00 00 24 6D 0A 00 F8 05 02 00 01 04 65 00 58 02 D0 07 C4 09 00 00 00 00 71 00 01 01 04 00 00 08 02 00 02 00 03 00 03 00 00 00 00 00 00 00 00 00 60 09 00 00 00 00 02 00 10 00 00 08 02 00 00 00 00 00 00 00 00 00 00 00 00 00 00 00 00 00 00 00 00 00 00 00 00 00 00 00 00 00 00 00 00 00 00 00 00 00 00 00 00
@sossrc_1_1 2026-10-09T10:03:03 4757 01 1E 01 00 00 01 03 00 00 00 00 00 00 00 58 8D 00 00 01 04 00 00 A8 34 00 00 01 CB 00 00 00 BC 34 00 00 02 67 00 08 02 60 09 00 00 60 09 00 00 00 00 00 00 02 02 A7 1D
@sos_1_1 2026-10-09T10:03:03 4758 01 00 1F 01 00 00 7C 6F 0A 00 F8 05 02 00 01 04 65 00 58 02 D0 07 C4 09 00 00 00 00 71 00 01 01 04 00 00 08 02 00 02 00 03 00 03 00 00 00 00 00 00 00 00 00 60 09 00 00 00 00 02 00 10 00 00 08 02 00 00 00 00 00 00 00 00 00 00 00 00 00 00 00 00 00 00 00 00 00 00 00 00 00 00 00 00 00 00 00 00 00 00 00 00 00 00 00 00
@sossrc_1_1 2026-10-09T10:03:03 4759 01 1F 01 00 00 01 03 00 00 00 58 02 00 00 58 8D 00 00 01 04 00 00 A8 34 00 00 01 CB 00 00 00 BC 34 00 00 02 67 00 08 02 60 09 00 00 60 09 00 00 00 00 00 00 02 02 A7 1D
@sos_1_1 2026-10-09T10:03:04 4760 01 00 20 01 00 00 64 73 0A 00 C0 06 02 00 01 04 65 00 58 02 D0 07 C4 09 00 00 00 00 71 00 01 01 04 00 00 08 02 00 02 00 03 00 03 00 00 00 00 00 00 00 00 00 98 08 00 00 00 00 02 00 10 00 00 08 02 00 00 00 00 00 00 00 00 00 00 00 00 00 00 00 00 00 00 00 00 00 00 00 00 00 00 00 00 00 00 00 00 00 00 00 00 00 00 00 00
@sossrc_1_1 2026-10-09T10:03:04 4761 01 20 01 00 00 01 03 00 00 00 40 06 00 00 58 8D 00 00 01 04 00 00 A8 34 00 00 01 CB 00 00 00 BC 34 00 00 02 67 00 08 02 98 08 00 00 98 08 00 00 00 00 00 00 02 02 A7 1D
@sos_1_1 2026-10-09T10:03:05 4762 01 01 21 01 00 00 F4 74 0A 00 88 07 02 00 01 04 65 00 58 02 D0 07 C4 09 00 00 00 00 71 00 01 01 04 00 00 08 02 00 02 00 03 00 03 00 00 00 00 00 00 00 00 00 D0 07 00 00 00 00 02 00 10 00 00 08 02 00 00 00 00 00 00 00 00 00 00 00 00 00 00 00 00 00 00 00 00 00 00 00 00 00 00 00 00 00 00 00 00 00 00 00 00 00 00 00 00
@sossrc_1_1 2026-10-09T10:03:05 4763 01 21 01 00 00 01 03 00 00 00 00 00 00 00 5A 8D 00 00 01 04 00 00 A8 34 00 00 01 CB 00 00 00 BC 34 00 00 02 67 00 08 02 D0 07 00 00 D0 07 00 00 00 00 00 00 02 02 A7 1D
@sos_1_1 2026-10-09T10:03:05 4764 01 00 22 01 00 00 4C 77 0A 00 88 07 02 00 01 04 65 00 58 02 D0 07 C4 09 00 00 00 00 71 00 01 01 04 00 00 08 02 00 02 00 03 00 03 00 00 00 00 00 00 00 00 00 D0 07 00 00 00 00 02 00 10 00 00 08 02 00 00 00 00 00 00 00 00 00 00 00 00 00 00 00 00 00 00 00 00 00 00 00 00 00 00 00 00 00 00 00 00 00 00 00 00 00 00 00 00
@sossrc_1_1 2026-10-09T10:03:05 4765 01 22 01 00 00 01 03 00 00 00 58 02 00 00 5A 8D 00 00 01 04 00 00 A8 34 00 00 01 CB 00 00 00 BC 34 00 00 02 67 00 08 02 D0 07 00 00 D0 07 00 00 00 00 00 00 02 02 A7 1D
@sos_1_1 2026-10-09T10:03:06 4766 01 00 23 01 00 00 34 7B 0A 00 50 08 02 00 01 04 65 00 58 02 D0 07 C4 09 00 00 00 00 71 00 01 01 04 00 00 08 02 00 02 00 03 00 03 00 00 00 00 00 00 00 00 00 08 07 00 00 00 00 02 00 10 00 00 08 02 00 00 00 00 00 00 00 00 00 00 00 00 00 00 00 00 00 00 00 00 00 00 00 00 00 00 00 00 00 00 00 00 00 00 00 00 00 00 00 00
@sossrc_1_1 2026-10-09T10:03:06 4767 01 23 01 00 00 01 03 00 00 00 40 06 00 00 5A 8D 00 00 01 04 00 00 A8 34 00 00 01 CB 00 00 00 BC 34 00 00 02 67 00 08 02 08 07 00 00 08 07 00 00 00 00 00 00 02 02 A7 1D
@sos_1_1 2026-10-09T10:03:07 4768 01 01 24 01 00 00 C4 7C 0A 00 18 09 02 00 01 04 65 00 58 02 D0 07 C4 09 00 00 00 00 71 00 01 01 04 00 00 08 02 00 02 00 03 00 03 00 00 00 00 00 00 00 00 00 40 06 00 00 00 00 02 00 10 00 00 08 02 00 00 00 00 00 00 00 00 00 00 00 00 00 00 00 00 00 00 00 00 00 00 00 00 00 00 00 00 00 00 00 00 00 00 00 00 00 00 00 00
@sossrc_1_1 2026-10-09T10:03:07 4769 01 24 01 00 00 01 03 00 00 00 00 00 00 00 5C 8D 00 00 01 04 00 00 A8 34 00 00 01 CB 00 00 00 BC 34 00 00 02 67 00 08 02 40 06 00 00 40 06 00 00 00 00 00 00 02 02 A7 1D
@sos_1_1 2026-10-09T10:03:07 4770 01 00 25 01 00 00 1C 7F 0A 00 18 09 02 00 01 04 65 00 58 02 D0 07 C4 09 00 00 00 00 71 00 01 01 04 00 00 08 02 00 02 00 03 00 03 00 00 00 00 00 00 00 00 00 40 06 00 00 00 00 02 00 10 00 00 08 02 00 00 00 00 00 00 00 00 00 00 00 00 00 00 00 00 00 00 00 00 00 00 00 00 00 00 00 00 00 00 00 00 00 00 00 00 00 00 00 00
@sossrc_1_1 2026-10-09T10:03:07 4771 01 25 01 00 00 01 03 00 00 00 58 02 00 00 5C 8D 00 00 01 04 00 00 A8 34 00 00 01 CB 00 00 00 BC 34 00 00 02 67 00 08 02 40 06 00 00 40 06 00 00 00 00 00 00 02 02 A7 1D
@sos_1_1 2026-10-09T10:03:08 4772 01 00 26 01 00 00 04 83 0A 00 E0 09 02 00 01 04 65 00 58 02 D0 07 C4 09 00 00 00 00 71 00 01 01 04 00 00 08 02 00 02 00 03 00 03 00 00 00 00 00 00 00 00 00 78 05 00 00 00 00 02 00 10 00 00 08 02 00 00 00 00 00 00 00 00 00 00 00 00 00 00 00 00 00 00 00 00 00 00 00 00 00 00 00 00 00 00 00 00 00 00 00 00 00 00 00 00
@sossrc_1_1 2026-10-09T10:03:08 4773 01 26 01 00 00 01 03 00 00 00 40 06 00 00 5C 8D 00 00 01 04 00 00 A8 34 00 00 01 CB 00 00 00 BC 34 00 00 02 67 00 08 02 78 05 00 00 78 05 00 00 00 00 00 00 02 02 A7 1D
@sos_1_1 2026-10-09T10:03:09 4774 01 01 27 01 00 00 94 84 0A 00 A8 0A 02 00 01 04 65 00 58 02 D0 07 C4 09 00 00 00 00 71 00 01 01 04 00 00 08 02 00 02 00 03 00 03 00 00 00 00 00 00 00 00 00 B0 04 00 00 00 00 02 00 10 00 00 08 02 00 00 00 00 00 00 00 00 00 00 00 00 00 00 00 00 00 00 00 00 00 00 00 00 00 00 00 00 00 00 00 00 00 00 00 00 00 00 00 00
@sossrc_1_1 2026-10-09T10:03:09 4775 01 27 01 00 00 01 03 00 00 00 00 00 00 00 5E 8D 00 00 01 04 00 00 A8 34 00 00 01 CB 00 00 00 BC 34 00 00 02 67 00 08 02 B0 04 00 00 B0 04 00 00 00 00 00 00 02 02 A7 1D
@sos_1_1 2026-10-09T10:03:09 4776 01 00 28 01 00 00 EC 86 0A 00 A8 0A 02 00 01 04 65 00 58 02 D0 07 C4 09 00 00 00 00 71 00 01 01 04 00 00 08 02 00 02 00 03 00 03 00 00 00 00 00 00 00 00 00 B0 04 00 00 00 00 02 00 10 00 00 08 02 00 00 00 00 00 00 00 00 00 00 00 00 00 00 00 00 00 00 00 00 00 00 00 00 00 00 00 00 00 00 00 00 00 00 00 00 00 00 00 00
@sossrc_1_1 2026-10-09T10:03:09 4777 01 28 01 00 00 01 03 00 00 00 58 02 00 00 5E 8D 00 00 01 04 00 00 A8 34 00 00 01 CB 00 00 00 BC 34 00 00 02 67 00 08 02 B0 04 00 00 B0 04 00 00 00 00 00 00 02 02 A7 1D
@sos_1_1 2026-10-09T10:03:10 4778 01 00 29 01 00 00 D4 8A 0A 00 70 0B 02 00 01 04 65 00 58 02 D0 07 C4 09 00 00 00 00 71 00 01 01 04 00 00 08 02 00 02 00 03 00 03 00 00 00 00 00 00 00 00 00 E8 03 00 00 00 00 02 00 10 00 00 08 02 00 00 00 00 00 00 00 00 00 00 00 00 00 00 00 00 00 00 00 00 00 00 00 00 00 00 00 00 00 00 00 00 00 00 00 00 00 00 00 00
@sossrc_1_1 2026-10-09T10:03:10 4779 01 29 01 00 00 01 03 00 00 00 40 06 00 00 5E 8D 00 00 01 04 00 00 A8 34 00 00 01 CB 00 00 00 BC 34 00 00 02 67 00 08 02 E8 03 00 00 E8 03 00 00 00 00 00 00 02 02 A7 1D
@sos_1_1 2026-10-09T10:03:11 4780 01 01 2A 01 00 00 64 8C 0A 00 38 0C 02 00 01 04 65 00 58 02 D0 07 C4 09 00 00 00 00 71 00 01 01 04 00 00 08 02 00 02 00 03 00 03 00 00 00 00 00 00 00 00 00 20 03 00 00 00 00 02 00 10 00 00 08 02 00 00 00 00 00 00 00 00 00 00 00 00 00 00 00 00 00 00 00 00 00 00 00 00 00 00 00 00 00 00 00 00 00 00 00 00 00 00 00 00
@sossrc_1_1 2026-10-09T10:03:11 4781 01 2A 01 00 00 01 03 00 00 00 00 00 00 00 60 8D 00 00 01 04 00 00 A8 34 00 00 01 CB 00 00 00 BC 34 00 00 02 67 00 08 02 20 03 00 00 20 03 00 00 00 00 00 00 02 02 A7 1D
@sos_1_1 2026-10-09T10:03:11 4782 01 00 2B 01 00 00 BC 8E 0A 00 38 0C 02 00 01 04 65 00 58 02 D0 07 C4 09 00 00 00 00 71 00 01 01 04 00 00 08 02 00 02 00 03 00 03 00 00 00 00 00 00 00 00 00 20 03 00 00 00 00 02 00 10 00 00 08 02 00 00 00 00 00 00 00 00 00 00 00 00 00 00 00 00 00 00 00 00 00 00 00 00 00 00 00 00 00 00 00 00 00 00 00 00 00 00 00 00
@sossrc_1_1 2026-10-09T10:03:11 4783 01 2B 01 00 00 01 03 00 00 00 58 02 00 00 60 8D 00 00 01 04 00 00 A8 34 00 00 01 CB 00 00 00 BC 34 00 00 02 67 00 08 02 20 03 00 00 20 03 00 00 00 00 00 00 02 02 A7 1D
@sos_1_1 2026-10-09T10:03:12 4784 01 00 2C 01 00 00 A4 92 0A 00 00 0D 02 00 01 04 65 00 58 02 D0 07 C4 09 00 00 00 00 71 00 01 01 04 00 00 08 02 00 02 00 03 00 03 00 00 00 00 00 00 00 00 00 58 02 00 00 00 00 02 00 10 00 00 08 02 00 00 00 00 00 00 00 00 00 00 00 00 00 00 00 00 00 00 00 00 00 00 00 00 00 00 00 00 00 00 00 00 00 00 00 00 00 00 00 00
@sossrc_1_1 2026-10-09T10:03:12 4785 01 2C 01 00 00 01 03 00 00 00 40 06 00 00 60 8D 00 00 01 04 00 00 A8 34 00 00 01 CB 00 00 00 BC 34 00 00 02 67 00 08 02 58 02 00 00 58 02 00 00 00 00 00 00 02 02 A7 1D
@sos_1_1 2026-10-09T10:03:13 4786 01 01 2D 01 00 00 34 94 0A 00 C8 0D 02 00 01 04 65 00 58 02 D0 07 C4 09 00 00 00 00 71 00 01 01 04 00 00 08 02 00 02 00 03 00 03 00 00 00 00 00 00 00 00 00 90 01 00 00 00 00 02 00 10 00 00 08 02 00 00 00 00 00 00 00 00 00 00 00 00 00 00 00 00 00 00 00 00 00 00 00 00 00 00 00 00 00 00 00 00 00 00 00 00 00 00 00 00
@sossrc_1_1 2026-10-09T10:03:13 4787 01 2D 01 00 00 01 03 00 00 00 00 00 00 00 62 8D 00 00 01 04 00 00 A8 34 00 00 01 CB 00 00 00 BC 34 00 00 02 67 00 08 02 90 01 00 00 90 01 00 00 00 00 00 00 02 02 A7 1D
@sos_1_1 2026-10-09T10:03:13 4788 01 00 2E 01 00 00 8C 96 0A 00 C8 0D 02 00 01 04 65 00 58 02 D0 07 C4 09 00 00 00 00 71 00 01 01 04 00 00 08 02 00 02 00 03 00 03 00 00 00 00 00 00 00 00 00 90 01 00 00 00 00 02 00 10 00 00 08 02 00 00 00 00 00 00 00 00 00 00 00 00 00 00 00 00 00 00 00 00 00 00 00 00 00 00 00 00 00 00 00 00 00 00 00 00 00 00 00 00
@sossrc_1_1 2026-10-09T10:03:13 4789 01 2E 01 00 00 01 03 00 00 00 58 02 00 00 62 8D 00 00 01 04 00 00 A8 34 00 00 01 CB 00 00 00 BC 34 00 00 02 67 00 08 02 90 01 00 00 90 01 00 00 00 00 00 00 02 02 A7 1D
@sos_1_1 2026-10-09T10:03:14 4790 01 00 2F 01 00 00 74 9A 0A 00 90 0E 02 00 01 04 65 00 58 02 D0 07 C4 09 00 00 00 00 71 00 01 01 04 00 00 08 02 00 02 00 03 00 03 00 00 00 00 00 00 00 00 00 C8 00 00 00 00 00 02 00 10 00 00 08 02 00 00 00 00 00 00 00 00 00 00 00 00 00 00 00 00 00 00 00 00 00 00 00 00 00 00 00 00 00 00 00 00 00 00 00 00 00 00 00 00
@sossrc_1_1 2026-10-09T10:03:14 4791 01 2F 01 00 00 01 03 00 00 00 40 06 00 00 62 8D 00 00 01 04 00 00 A8 34 00 00 01 CB 00 00 00 BC 34 00 00 02 67 00 08 02 C8 00 00 00 C8 00 00 00 00 00 00 00 02 02 A7 1D
@sosev_1_1 2026-10-09T10:03:15 4792 01 04 9C 0A 00 2F 01 00 00 08 03 02 03 00 00 00 C8 00 00 00 58 0F 02 00 D0 07 04
@sos_1_1 2026-10-09T10:03:15 4793 01 01 30 01 00 00 04 9C 0A 00 58 0F 02 00 01 04 65 00 58 02 D0 07 C4 09 00 00 00 00 71 00 01 01 04 00 00 08 02 00 00 00 00 00 00 00 00 00 00 00 00 00 00 00 00 00 00 00 00 00 00 00 00 00 00 08 02 00 00 00 00 00 00 00 00 00 00 00 00 00 00 00 00 00 00 00 00 00 00 00 00 00 00 00 00 00 00 00 00 00 00 00 00 00 00 00 00
@sossrc_1_1 2026-10-09T10:03:15 4794 01 30 01 00 00 01 03 00 00 00 00 00 00 00 64 8D 00 00 01 04 00 00 A8 34 00 00 01 CB 00 00 00 BC 34 00 00 02 67 00 08 02 00 00 00 00 00 00 00 00 00 00 00 00 00 00 27 1C
@sos_1_1 2026-10-09T10:03:15 4795 01 00 31 01 00 00 5C 9E 0A 00 58 0F 02 00 01 04 65 00 58 02 D0 07 C4 09 00 00 00 00 71 00 01 01 04 00 00 08 02 00 00 00 00 00 00 00 00 00 00 00 00 00 00 00 00 00 00 00 00 00 00 00 00 00 00 08 02 00 00 00 00 00 00 00 00 00 00 00 00 00 00 00 00 00 00 00 00 00 00 00 00 00 00 00 00 00 00 00 00 00 00 00 00 00 00 00 00
@sossrc_1_1 2026-10-09T10:03:15 4796 01 31 01 00 00 01 03 00 00 00 58 02 00 00 64 8D 00 00 01 04 00 00 A8 34 00 00 01 CB 00 00 00 BC 34 00 00 02 67 00 08 02 00 00 00 00 00 00 00 00 00 00 00 00 00 00 27 1C
@sos_1_1 2026-10-09T10:03:16 4797 01 00 32 01 00 00 44 A2 0A 00 20 10 02 00 01 04 65 00 58 02 D0 07 C4 09 00 00 00 00 71 00 01 01 04 00 00 08 02 00 00 00 00 00 00 00 00 00 00 00 00 00 00 00 00 00 00 00 00 00 00 00 00 00 00 08 02 00 00 00 00 00 00 00 00 00 00 00 00 00 00 00 00 00 00 00 00 00 00 00 00 00 00 00 00 00 00 00 00 00 00 00 00 00 00 00 00
@sossrc_1_1 2026-10-09T10:03:16 4798 01 32 01 00 00 01 03 00 00 00 40 06 00 00 64 8D 00 00 01 04 00 00 A8 34 00 00 01 CB 00 00 00 BC 34 00 00 02 67 00 08 02 00 00 00 00 00 00 00 00 00 00 00 00 00 00 27 1C
@sos_1_1 2026-10-09T10:03:17 4799 01 01 33 01 00 00 D4 A3 0A 00 E8 10 02 00 01 04 65 00 58 02 D0 07 C4 09 00 00 00 00 71 00 01 01 04 00 00 08 02 00 00 00 00 00 00 00 00 00 00 00 00 00 00 00 00 00 00 00 00 00 00 00 00 00 00 08 02 00 00 00 00 00 00 00 00 00 00 00 00 00 00 00 00 00 00 00 00 00 00 00 00 00 00 00 00 00 00 00 00 00 00 00 00 00 00 00 00
@sossrc_1_1 2026-10-09T10:03:17 4800 01 33 01 00 00 01 03 00 00 00 00 00 00 00 66 8D 00 00 01 04 00 00 A8 34 00 00 01 CB 00 00 00 BC 34 00 00 02 67 00 08 02 90 01 00 00 00 00 00 00 00 00 00 00 00 00 27 1C
@sos_1_1 2026-10-09T10:03:17 4801 01 00 34 01 00 00 2C A6 0A 00 E8 10 02 00 01 04 65 00 58 02 D0 07 C4 09 00 00 00 00 71 00 01 01 04 00 00 08 02 00 00 00 00 00 00 00 00 00 00 00 00 00 00 00 00 00 00 00 00 00 00 00 00 00 00 08 02 00 00 00 00 00 00 00 00 00 00 00 00 00 00 00 00 00 00 00 00 00 00 00 00 00 00 00 00 00 00 00 00 00 00 00 00 00 00 00 00
@sossrc_1_1 2026-10-09T10:03:17 4802 01 34 01 00 00 01 03 00 00 00 58 02 00 00 66 8D 00 00 01 04 00 00 A8 34 00 00 01 CB 00 00 00 BC 34 00 00 02 67 00 08 02 90 01 00 00 00 00 00 00 00 00 00 00 00 00 27 1C
@sos_1_1 2026-10-09T10:03:18 4803 01 00 35 01 00 00 14 AA 0A 00 B0 11 02 00 01 04 65 00 58 02 D0 07 C4 09 00 00 00 00 71 00 01 01 04 00 00 08 02 00 00 00 00 00 00 00 00 00 00 00 00 00 00 00 00 00 00 00 00 00 00 00 00 00 00 08 02 00 00 00 00 00 00 00 00 00 00 00 00 00 00 00 00 00 00 00 00 00 00 00 00 00 00 00 00 00 00 00 00 00 00 00 00 00 00 00 00
@sossrc_1_1 2026-10-09T10:03:18 4804 01 35 01 00 00 01 03 00 00 00 40 06 00 00 66 8D 00 00 01 04 00 00 A8 34 00 00 01 CB 00 00 00 BC 34 00 00 02 67 00 08 02 90 01 00 00 00 00 00 00 00 00 00 00 00 00 27 1C
@sos_1_1 2026-10-09T10:03:19 4805 01 01 36 01 00 00 A4 AB 0A 00 78 12 02 00 01 04 65 00 58 02 D0 07 C4 09 00 00 00 00 71 00 01 01 04 00 00 08 02 00 00 00 00 00 00 00 00 00 00 00 00 00 00 00 00 00 00 00 00 00 00 00 00 00 00 08 02 00 00 00 00 00 00 00 00 00 00 00 00 00 00 00 00 00 00 00 00 00 00 00 00 00 00 00 00 00 00 00 00 00 00 00 00 00 00 00 00
@sossrc_1_1 2026-10-09T10:03:19 4806 01 36 01 00 00 01 03 00 00 00 00 00 00 00 68 8D 00 00 01 04 00 00 A8 34 00 00 01 CB 00 00 00 BC 34 00 00 02 67 00 08 02 20 03 00 00 00 00 00 00 00 00 00 00 00 00 27 1C
@sosev_1_1 2026-10-09T10:03:19 4807 01 A4 AB 0A 00 36 01 00 00 01 00 00 05 00 00 00 0E 38 00 00 78 12 02 00 D0 07 04
@sosev_1_1 2026-10-09T10:03:19 4808 01 A4 AB 0A 00 36 01 00 00 07 02 00 05 00 00 00 86 24 00 00 78 12 02 00 D0 07 04
@sos_1_1 2026-10-09T10:03:19 4809 01 01 37 01 00 00 A4 AB 0A 00 78 12 02 00 01 04 65 00 58 02 D0 07 C4 09 00 00 00 00 71 00 01 01 05 00 00 08 03 00 01 00 02 00 05 00 00 00 00 00 86 24 00 00 00 00 00 00 00 00 10 00 00 02 00 08 02 00 00 00 00 00 00 00 00 00 00 00 00 00 00 00 00 00 00 00 00 00 00 00 00 00 00 00 00 00 00 00 00 00 00 00 00 00 00 00 00
@sossrc_1_1 2026-10-09T10:03:19 4810 01 37 01 00 00 00 05 00 00 00 00 00 00 00 68 8D 00 00 00 04 36 00 A7 3A 00 00 01 CD 00 00 00 A7 3A 00 00 01 65 00 F4 01 0E 38 00 00 00 00 00 00 86 24 00 00 08 08 A4 16
@sossrc_1_1 2026-10-09T10:03:19 4811 01 37 01 00 00 01 03 00 00 00 00 00 00 00 68 8D 00 00 01 04 00 00 A8 34 00 00 01 CB 00 00 00 BC 34 00 00 02 67 00 08 02 20 03 00 00 00 00 00 00 00 00 00 00 00 00 27 1C
@sos_1_1 2026-10-09T10:03:19 4812 01 00 38 01 00 00 FC AD 0A 00 78 12 02 00 01 04 65 00 58 02 D0 07 C4 09 00 00 00 00 71 00 01 01 05 00 00 08 03 00 01 00 02 00 05 00 00 00 00 00 86 24 00 00 00 00 00 00 00 00 10 00 00 02 00 08 02 00 00 00 00 00 00 00 00 00 00 00 00 00 00 00 00 00 00 00 00 00 00 00 00 00 00 00 00 00 00 00 00 00 00 00 00 00 00 00 00
@sossrc_1_1 2026-10-09T10:03:19 4813 01 38 01 00 00 00 05 00 00 00 58 02 00 00 68 8D 00 00 00 04 36 00 A7 3A 00 00 01 CD 00 00 00 A7 3A 00 00 01 65 00 F4 01 0E 38 00 00 00 00 00 00 86 24 00 00 08 08 A4 16
@sossrc_1_1 2026-10-09T10:03:19 4814 01 38 01 00 00 01 03 00 00 00 58 02 00 00 68 8D 00 00 01 04 00 00 A8 34 00 00 01 CB 00 00 00 BC 34 00 00 02 67 00 08 02 20 03 00 00 00 00 00 00 00 00 00 00 00 00 27 1C
@sos_1_1 2026-10-09T10:03:20 4815 01 00 39 01 00 00 E4 B1 0A 00 40 13 02 00 01 04 65 00 58 02 D0 07 C4 09 00 00 00 00 71 00 01 01 05 00 00 08 03 00 01 00 02 00 05 00 00 00 00 00 BE 23 00 00 00 00 00 00 00 00 10 00 00 02 00 08 02 00 00 00 00 00 00 00 00 00 00 00 00 00 00 00 00 00 00 00 00 00 00 00 00 00 00 00 00 00 00 00 00 00 00 00 00 00 00 00 00
@sossrc_1_1 2026-10-09T10:03:20 4816 01 39 01 00 00 00 05 00 00 00 40 06 00 00 68 8D 00 00 00 04 36 00 A7 3A 00 00 01 CD 00 00 00 A7 3A 00 00 01 65 00 F4 01 46 37 00 00 00 00 00 00 BE 23 00 00 08 08 A4 16
@sossrc_1_1 2026-10-09T10:03:20 4817 01 39 01 00 00 01 03 00 00 00 40 06 00 00 68 8D 00 00 01 04 00 00 A8 34 00 00 01 CB 00 00 00 BC 34 00 00 02 67 00 08 02 20 03 00 00 00 00 00 00 00 00 00 00 00 00 27 1C
@sos_1_1 2026-10-09T10:03:21 4818 01 01 3A 01 00 00 74 B3 0A 00 08 14 02 00 01 04 65 00 58 02 D0 07 C4 09 00 00 00 00 71 00 01 01 05 00 00 08 03 00 01 00 02 00 05 00 00 00 00 00 BE 23 00 00 00 00 00 00 00 00 10 00 00 02 00 08 02 00 00 00 00 00 00 00 00 00 00 00 00 00 00 00 00 00 00 00 00 00 00 00 00 00 00 00 00 00 00 00 00 00 00 00 00 00 00 00 00
@sossrc_1_1 2026-10-09T10:03:21 4819 01 3A 01 00 00 00 05 00 00 00 D0 07 00 00 68 8D 00 00 00 04 36 00 A7 3A 00 00 01 CD 00 00 00 A7 3A 00 00 01 65 00 F4 01 46 37 00 00 00 00 00 00 BE 23 00 00 08 08 A4 16
@sossrc_1_1 2026-10-09T10:03:21 4820 01 3A 01 00 00 01 03 00 00 00 00 00 00 00 6A 8D 00 00 01 04 00 00 A8 34 00 00 01 CB 00 00 00 BC 34 00 00 02 67 00 08 02 B0 04 00 00 00 00 00 00 00 00 00 00 00 00 27 1C
@sos_1_1 2026-10-09T10:03:21 4821 01 01 3B 01 00 00 74 B3 0A 00 08 14 02 00 01 04 65 00 58 02 D0 07 C4 09 00 00 00 00 71 00 01 01 05 00 00 08 03 00 01 00 02 00 05 00 00 00 00 00 22 24 00 00 00 00 00 00 00 00 10 00 00 02 00 08 02 00 00 00 00 00 00 00 00 00 00 00 00 00 00 00 00 00 00 00 00 00 00 00 00 00 00 00 00 00 00 00 00 00 00 00 00 00 00 00 00
@sossrc_1_1 2026-10-09T10:03:21 4822 01 3B 01 00 00 00 05 00 00 00 00 00 00 00 6A 8D 00 00 00 04 36 00 C5 3A 00 00 01 CD 00 00 00 C5 3A 00 00 01 65 00 F4 01 AA 37 00 00 00 00 00 00 22 24 00 00 08 08 A4 16
@sossrc_1_1 2026-10-09T10:03:21 4823 01 3B 01 00 00 01 03 00 00 00 00 00 00 00 6A 8D 00 00 01 04 00 00 A8 34 00 00 01 CB 00 00 00 BC 34 00 00 02 67 00 08 02 B0 04 00 00 00 00 00 00 00 00 00 00 00 00 27 1C
@sos_1_1 2026-10-09T10:03:21 4824 01 00 3C 01 00 00 CC B5 0A 00 08 14 02 00 01 04 65 00 58 02 D0 07 C4 09 00 00 00 00 71 00 01 01 05 00 00 08 03 00 01 00 02 00 05 00 00 00 00 00 22 24 00 00 00 00 00 00 00 00 10 00 00 02 00 08 02 00 00 00 00 00 00 00 00 00 00 00 00 00 00 00 00 00 00 00 00 00 00 00 00 00 00 00 00 00 00 00 00 00 00 00 00 00 00 00 00
@sossrc_1_1 2026-10-09T10:03:21 4825 01 3C 01 00 00 00 05 00 00 00 58 02 00 00 6A 8D 00 00 00 04 36 00 C5 3A 00 00 01 CD 00 00 00 C5 3A 00 00 01 65 00 F4 01 AA 37 00 00 00 00 00 00 22 24 00 00 08 08 A4 16
@sossrc_1_1 2026-10-09T10:03:21 4826 01 3C 01 00 00 01 03 00 00 00 58 02 00 00 6A 8D 00 00 01 04 00 00 A8 34 00 00 01 CB 00 00 00 BC 34 00 00 02 67 00 08 02 B0 04 00 00 00 00 00 00 00 00 00 00 00 00 27 1C
@sos_1_1 2026-10-09T10:03:22 4827 01 00 3D 01 00 00 B4 B9 0A 00 D0 14 02 00 01 04 65 00 58 02 D0 07 C4 09 00 00 00 00 71 00 01 01 05 00 00 08 03 00 01 00 02 00 05 00 00 00 00 00 5A 23 00 00 00 00 00 00 00 00 10 00 00 02 00 08 02 00 00 00 00 00 00 00 00 00 00 00 00 00 00 00 00 00 00 00 00 00 00 00 00 00 00 00 00 00 00 00 00 00 00 00 00 00 00 00 00
@sossrc_1_1 2026-10-09T10:03:22 4828 01 3D 01 00 00 00 05 00 00 00 40 06 00 00 6A 8D 00 00 00 04 36 00 C5 3A 00 00 01 CD 00 00 00 C5 3A 00 00 01 65 00 F4 01 E2 36 00 00 00 00 00 00 5A 23 00 00 08 08 A4 16
@sossrc_1_1 2026-10-09T10:03:22 4829 01 3D 01 00 00 01 03 00 00 00 40 06 00 00 6A 8D 00 00 01 04 00 00 A8 34 00 00 01 CB 00 00 00 BC 34 00 00 02 67 00 08 02 B0 04 00 00 00 00 00 00 00 00 00 00 00 00 27 1C
@sos_1_1 2026-10-09T10:03:23 4830 01 01 3E 01 00 00 44 BB 0A 00 98 15 02 00 01 04 65 00 58 02 D0 07 C4 09 00 00 00 00 71 00 01 01 05 00 00 08 03 00 01 00 02 00 05 00 00 00 00 00 5A 23 00 00 00 00 00 00 00 00 10 00 00 02 00 08 02 00 00 00 00 00 00 00 00 00 00 00 00 00 00 00 00 00 00 00 00 00 00 00 00 00 00 00 00 00 00 00 00 00 00 00 00 00 00 00 00
@sossrc_1_1 2026-10-09T10:03:23 4831 01 3E 01 00 00 00 05 00 00 00 D0 07 00 00 6A 8D 00 00 00 04 36 00 C5 3A 00 00 01 CD 00 00 00 C5 3A 00 00 01 65 00 F4 01 E2 36 00 00 00 00 00 00 5A 23 00 00 08 08 A4 16
@sossrc_1_1 2026-10-09T10:03:23 4832 01 3E 01 00 00 01 03 00 00 00 00 00 00 00 6C 8D 00 00 01 04 00 00 A8 34 00 00 01 CB 00 00 00 BC 34 00 00 02 67 00 08 02 40 06 00 00 00 00 00 00 00 00 00 00 00 00 27 1C
@sos_1_1 2026-10-09T10:03:23 4833 01 01 3F 01 00 00 44 BB 0A 00 98 15 02 00 01 04 65 00 58 02 D0 07 C4 09 00 00 00 00 71 00 01 01 05 00 00 08 03 00 01 00 02 00 05 00 00 00 00 00 BE 23 00 00 00 00 00 00 00 00 10 00 00 02 00 08 02 00 00 00 00 00 00 00 00 00 00 00 00 00 00 00 00 00 00 00 00 00 00 00 00 00 00 00 00 00 00 00 00 00 00 00 00 00 00 00 00
@sossrc_1_1 2026-10-09T10:03:23 4834 01 3F 01 00 00 00 05 00 00 00 00 00 00 00 6C 8D 00 00 00 04 36 00 E3 3A 00 00 01 CD 00 00 00 E3 3A 00 00 01 65 00 F4 01 46 37 00 00 00 00 00 00 BE 23 00 00 08 08 A4 16
@sossrc_1_1 2026-10-09T10:03:23 4835 01 3F 01 00 00 01 03 00 00 00 00 00 00 00 6C 8D 00 00 01 04 00 00 A8 34 00 00 01 CB 00 00 00 BC 34 00 00 02 67 00 08 02 40 06 00 00 00 00 00 00 00 00 00 00 00 00 27 1C
@sos_1_1 2026-10-09T10:03:23 4836 01 00 40 01 00 00 9C BD 0A 00 98 15 02 00 01 04 65 00 58 02 D0 07 C4 09 00 00 00 00 71 00 01 01 05 00 00 08 03 00 01 00 02 00 05 00 00 00 00 00 BE 23 00 00 00 00 00 00 00 00 10 00 00 02 00 08 02 00 00 00 00 00 00 00 00 00 00 00 00 00 00 00 00 00 00 00 00 00 00 00 00 00 00 00 00 00 00 00 00 00 00 00 00 00 00 00 00
@sossrc_1_1 2026-10-09T10:03:23 4837 01 40 01 00 00 00 05 00 00 00 58 02 00 00 6C 8D 00 00 00 04 36 00 E3 3A 00 00 01 CD 00 00 00 E3 3A 00 00 01 65 00 F4 01 46 37 00 00 00 00 00 00 BE 23 00 00 08 08 A4 16
@sossrc_1_1 2026-10-09T10:03:23 4838 01 40 01 00 00 01 03 00 00 00 58 02 00 00 6C 8D 00 00 01 04 00 00 A8 34 00 00 01 CB 00 00 00 BC 34 00 00 02 67 00 08 02 40 06 00 00 00 00 00 00 00 00 00 00 00 00 27 1C
@sos_1_1 2026-10-09T10:03:24 4839 01 00 41 01 00 00 84 C1 0A 00 60 16 02 00 01 04 65 00 58 02 D0 07 C4 09 00 00 00 00 71 00 01 01 05 00 00 08 03 00 01 00 02 00 05 00 00 00 00 00 F6 22 00 00 00 00 00 00 00 00 10 00 00 02 00 08 02 00 00 00 00 00 00 00 00 00 00 00 00 00 00 00 00 00 00 00 00 00 00 00 00 00 00 00 00 00 00 00 00 00 00 00 00 00 00 00 00
@sossrc_1_1 2026-10-09T10:03:24 4840 01 41 01 00 00 00 05 00 00 00 40 06 00 00 6C 8D 00 00 00 04 36 00 E3 3A 00 00 01 CD 00 00 00 E3 3A 00 00 01 65 00 F4 01 7E 36 00 00 00 00 00 00 F6 22 00 00 08 08 A4 16
@sossrc_1_1 2026-10-09T10:03:24 4841 01 41 01 00 00 01 03 00 00 00 40 06 00 00 6C 8D 00 00 01 04 00 00 A8 34 00 00 01 CB 00 00 00 BC 34 00 00 02 67 00 08 02 40 06 00 00 00 00 00 00 00 00 00 00 00 00 27 1C
@sos_1_1 2026-10-09T10:03:25 4842 01 01 42 01 00 00 14 C3 0A 00 28 17 02 00 01 04 65 00 58 02 D0 07 C4 09 00 00 00 00 71 00 01 01 05 00 00 08 03 00 01 00 02 00 05 00 00 00 00 00 F6 22 00 00 00 00 00 00 00 00 10 00 00 02 00 08 02 00 00 00 00 00 00 00 00 00 00 00 00 00 00 00 00 00 00 00 00 00 00 00 00 00 00 00 00 00 00 00 00 00 00 00 00 00 00 00 00
@sossrc_1_1 2026-10-09T10:03:25 4843 01 42 01 00 00 00 05 00 00 00 D0 07 00 00 6C 8D 00 00 00 04 36 00 E3 3A 00 00 01 CD 00 00 00 E3 3A 00 00 01 65 00 F4 01 7E 36 00 00 00 00 00 00 F6 22 00 00 08 08 A4 16
@sossrc_1_1 2026-10-09T10:03:25 4844 01 42 01 00 00 01 03 00 00 00 00 00 00 00 6E 8D 00 00 01 04 00 00 A8 34 00 00 01 CB 00 00 00 BC 34 00 00 02 67 00 08 02 D0 07 00 00 00 00 00 00 00 00 00 00 00 00 27 1C
@sos_1_1 2026-10-09T10:03:25 4845 01 01 43 01 00 00 14 C3 0A 00 28 17 02 00 01 04 65 00 58 02 D0 07 C4 09 00 00 00 00 71 00 01 01 05 00 00 08 03 00 01 00 02 00 05 00 00 00 00 00 5A 23 00 00 00 00 00 00 00 00 10 00 00 02 00 08 02 00 00 00 00 00 00 00 00 00 00 00 00 00 00 00 00 00 00 00 00 00 00 00 00 00 00 00 00 00 00 00 00 00 00 00 00 00 00 00 00
@sossrc_1_1 2026-10-09T10:03:25 4846 01 43 01 00 00 00 05 00 00 00 00 00 00 00 6E 8D 00 00 00 04 36 00 01 3B 00 00 01 CD 00 00 00 01 3B 00 00 01 65 00 F4 01 E2 36 00 00 00 00 00 00 5A 23 00 00 08 08 A4 16
@sossrc_1_1 2026-10-09T10:03:25 4847 01 43 01 00 00 01 03 00 00 00 00 00 00 00 6E 8D 00 00 01 04 00 00 A8 34 00 00 01 CB 00 00 00 BC 34 00 00 02 67 00 08 02 D0 07 00 00 00 00 00 00 00 00 00 00 00 00 27 1C
@sos_1_1 2026-10-09T10:03:25 4848 01 00 44 01 00 00 6C C5 0A 00 28 17 02 00 01 04 65 00 58 02 D0 07 C4 09 00 00 00 00 71 00 01 01 05 00 00 08 03 00 01 00 02 00 05 00 00 00 00 00 5A 23 00 00 00 00 00 00 00 00 10 00 00 02 00 08 02 00 00 00 00 00 00 00 00 00 00 00 00 00 00 00 00 00 00 00 00 00 00 00 00 00 00 00 00 00 00 00 00 00 00 00 00 00 00 00 00
@sossrc_1_1 2026-10-09T10:03:25 4849 01 44 01 00 00 00 05 00 00 00 58 02 00 00 6E 8D 00 00 00 04 36 00 01 3B 00 00 01 CD 00 00 00 01 3B 00 00 01 65 00 F4 01 E2 36 00 00 00 00 00 00 5A 23 00 00 08 08 A4 16
@sossrc_1_1 2026-10-09T10:03:25 4850 01 44 01 00 00 01 03 00 00 00 58 02 00 00 6E 8D 00 00 01 04 00 00 A8 34 00 00 01 CB 00 00 00 BC 34 00 00 02 67 00 08 02 D0 07 00 00 00 00 00 00 00 00 00 00 00 00 27 1C
@sos_1_1 2026-10-09T10:03:26 4851 01 00 45 01 00 00 54 C9 0A 00 F0 17 02 00 01 04 65 00 58 02 D0 07 C4 09 00 00 00 00 71 00 01 01 05 00 00 08 03 00 01 00 02 00 05 00 00 00 00 00 92 22 00 00 00 00 00 00 00 00 10 00 00 02 00 08 02 00 00 00 00 00 00 00 00 00 00 00 00 00 00 00 00 00 00 00 00 00 00 00 00 00 00 00 00 00 00 00 00 00 00 00 00 00 00 00 00
@sossrc_1_1 2026-10-09T10:03:26 4852 01 45 01 00 00 00 05 00 00 00 40 06 00 00 6E 8D 00 00 00 04 36 00 01 3B 00 00 01 CD 00 00 00 01 3B 00 00 01 65 00 F4 01 1A 36 00 00 00 00 00 00 92 22 00 00 08 08 A4 16
@sossrc_1_1 2026-10-09T10:03:26 4853 01 45 01 00 00 01 03 00 00 00 40 06 00 00 6E 8D 00 00 01 04 00 00 A8 34 00 00 01 CB 00 00 00 BC 34 00 00 02 67 00 08 02 D0 07 00 00 00 00 00 00 00 00 00 00 00 00 27 1C
@sos_1_1 2026-10-09T10:03:27 4854 01 01 46 01 00 00 E4 CA 0A 00 B8 18 02 00 01 04 65 00 58 02 D0 07 C4 09 00 00 00 00 71 00 01 01 05 00 00 08 03 00 01 00 02 00 05 00 00 00 00 00 92 22 00 00 00 00 00 00 00 00 10 00 00 02 00 08 02 00 00 00 00 00 00 00 00 00 00 00 00 00 00 00 00 00 00 00 00 00 00 00 00 00 00 00 00 00 00 00 00 00 00 00 00 00 00 00 00
@sossrc_1_1 2026-10-09T10:03:27 4855 01 46 01 00 00 00 05 00 00 00 D0 07 00 00 6E 8D 00 00 00 04 36 00 01 3B 00 00 01 CD 00 00 00 01 3B 00 00 01 65 00 F4 01 1A 36 00 00 00 00 00 00 92 22 00 00 08 08 A4 16
@sossrc_1_1 2026-10-09T10:03:27 4856 01 46 01 00 00 01 03 00 00 00 00 00 00 00 70 8D 00 00 01 04 00 00 A8 34 00 00 01 CB 00 00 00 BC 34 00 00 02 67 00 08 02 60 09 00 00 00 00 00 00 00 00 00 00 00 00 27 1C
@sos_1_1 2026-10-09T10:03:27 4857 01 01 47 01 00 00 E4 CA 0A 00 B8 18 02 00 01 04 65 00 58 02 D0 07 C4 09 00 00 00 00 71 00 01 01 05 00 00 08 03 00 01 00 02 00 05 00 00 00 00 00 F6 22 00 00 00 00 00 00 00 00 10 00 00 02 00 08 02 00 00 00 00 00 00 00 00 00 00 00 00 00 00 00 00 00 00 00 00 00 00 00 00 00 00 00 00 00 00 00 00 00 00 00 00 00 00 00 00
@sossrc_1_1 2026-10-09T10:03:27 4858 01 47 01 00 00 00 05 00 00 00 00 00 00 00 70 8D 00 00 00 04 36 00 1F 3B 00 00 01 CD 00 00 00 1F 3B 00 00 01 65 00 F4 01 7E 36 00 00 00 00 00 00 F6 22 00 00 08 08 A4 16
@sossrc_1_1 2026-10-09T10:03:27 4859 01 47 01 00 00 01 03 00 00 00 00 00 00 00 70 8D 00 00 01 04 00 00 A8 34 00 00 01 CB 00 00 00 BC 34 00 00 02 67 00 08 02 60 09 00 00 00 00 00 00 00 00 00 00 00 00 27 1C
@sos_1_1 2026-10-09T10:03:27 4860 01 00 48 01 00 00 3C CD 0A 00 B8 18 02 00 01 04 65 00 58 02 D0 07 C4 09 00 00 00 00 71 00 01 01 05 00 00 08 03 00 01 00 02 00 05 00 00 00 00 00 F6 22 00 00 00 00 00 00 00 00 10 00 00 02 00 08 02 00 00 00 00 00 00 00 00 00 00 00 00 00 00 00 00 00 00 00 00 00 00 00 00 00 00 00 00 00 00 00 00 00 00 00 00 00 00 00 00
@sossrc_1_1 2026-10-09T10:03:27 4861 01 48 01 00 00 00 05 00 00 00 58 02 00 00 70 8D 00 00 00 04 36 00 1F 3B 00 00 01 CD 00 00 00 1F 3B 00 00 01 65 00 F4 01 7E 36 00 00 00 00 00 00 F6 22 00 00 08 08 A4 16
@sossrc_1_1 2026-10-09T10:03:27 4862 01 48 01 00 00 01 03 00 00 00 58 02 00 00 70 8D 00 00 01 04 00 00 A8 34 00 00 01 CB 00 00 00 BC 34 00 00 02 67 00 08 02 60 09 00 00 00 00 00 00 00 00 00 00 00 00 27 1C
@sos_1_1 2026-10-09T10:03:28 4863 01 00 49 01 00 00 24 D1 0A 00 80 19 02 00 01 04 65 00 58 02 D0 07 C4 09 00 00 00 00 71 00 01 01 05 00 00 08 03 00 01 00 02 00 05 00 00 00 00 00 2E 22 00 00 00 00 00 00 00 00 10 00 00 02 00 08 02 00 00 00 00 00 00 00 00 00 00 00 00 00 00 00 00 00 00 00 00 00 00 00 00 00 00 00 00 00 00 00 00 00 00 00 00 00 00 00 00
@sossrc_1_1 2026-10-09T10:03:28 4864 01 49 01 00 00 00 05 00 00 00 40 06 00 00 70 8D 00 00 00 04 36 00 1F 3B 00 00 01 CD 00 00 00 1F 3B 00 00 01 65 00 F4 01 B6 35 00 00 00 00 00 00 2E 22 00 00 08 08 A4 16
@sossrc_1_1 2026-10-09T10:03:28 4865 01 49 01 00 00 01 03 00 00 00 40 06 00 00 70 8D 00 00 01 04 00 00 A8 34 00 00 01 CB 00 00 00 BC 34 00 00 02 67 00 08 02 60 09 00 00 00 00 00 00 00 00 00 00 00 00 27 1C
@sos_1_1 2026-10-09T10:03:29 4866 01 01 4A 01 00 00 B4 D2 0A 00 48 1A 02 00 01 04 65 00 58 02 D0 07 C4 09 00 00 00 00 71 00 01 01 05 00 00 08 03 00 01 00 02 00 05 00 00 00 00 00 2E 22 00 00 00 00 00 00 00 00 10 00 00 02 00 08 02 00 00 00 00 00 00 00 00 00 00 00 00 00 00 00 00 00 00 00 00 00 00 00 00 00 00 00 00 00 00 00 00 00 00 00 00 00 00 00 00
@sossrc_1_1 2026-10-09T10:03:29 4867 01 4A 01 00 00 00 05 00 00 00 D0 07 00 00 70 8D 00 00 00 04 36 00 1F 3B 00 00 01 CD 00 00 00 1F 3B 00 00 01 65 00 F4 01 B6 35 00 00 00 00 00 00 2E 22 00 00 08 08 A4 16
@sossrc_1_1 2026-10-09T10:03:29 4868 01 4A 01 00 00 01 03 00 00 00 00 00 00 00 72 8D 00 00 01 04 00 00 A8 34 00 00 01 CB 00 00 00 BC 34 00 00 02 67 00 08 02 F0 0A 00 00 00 00 00 00 00 00 00 00 00 00 27 1C
@sos_1_1 2026-10-09T10:03:29 4869 01 01 4B 01 00 00 B4 D2 0A 00 48 1A 02 00 01 04 65 00 58 02 D0 07 C4 09 00 00 00 00 71 00 01 01 05 00 00 08 03 00 01 00 02 00 05 00 00 00 00 00 92 22 00 00 00 00 00 00 00 00 10 00 00 02 00 08 02 00 00 00 00 00 00 00 00 00 00 00 00 00 00 00 00 00 00 00 00 00 00 00 00 00 00 00 00 00 00 00 00 00 00 00 00 00 00 00 00
@sossrc_1_1 2026-10-09T10:03:29 4870 01 4B 01 00 00 00 05 00 00 00 00 00 00 00 72 8D 00 00 00 04 36 00 3D 3B 00 00 01 CD 00 00 00 3D 3B 00 00 01 65 00 F4 01 1A 36 00 00 00 00 00 00 92 22 00 00 08 08 A4 16
@sossrc_1_1 2026-10-09T10:03:29 4871 01 4B 01 00 00 01 03 00 00 00 00 00 00 00 72 8D 00 00 01 04 00 00 A8 34 00 00 01 CB 00 00 00 BC 34 00 00 02 67 00 08 02 F0 0A 00 00 00 00 00 00 00 00 00 00 00 00 27 1C
@sos_1_1 2026-10-09T10:03:29 4872 01 00 4C 01 00 00 0C D5 0A 00 48 1A 02 00 01 04 65 00 58 02 D0 07 C4 09 00 00 00 00 71 00 01 01 05 00 00 08 03 00 01 00 02 00 05 00 00 00 00 00 92 22 00 00 00 00 00 00 00 00 10 00 00 02 00 08 02 00 00 00 00 00 00 00 00 00 00 00 00 00 00 00 00 00 00 00 00 00 00 00 00 00 00 00 00 00 00 00 00 00 00 00 00 00 00 00 00
@sossrc_1_1 2026-10-09T10:03:29 4873 01 4C 01 00 00 00 05 00 00 00 58 02 00 00 72 8D 00 00 00 04 36 00 3D 3B 00 00 01 CD 00 00 00 3D 3B 00 00 01 65 00 F4 01 1A 36 00 00 00 00 00 00 92 22 00 00 08 08 A4 16
@sossrc_1_1 2026-10-09T10:03:29 4874 01 4C 01 00 00 01 03 00 00 00 58 02 00 00 72 8D 00 00 01 04 00 00 A8 34 00 00 01 CB 00 00 00 BC 34 00 00 02 67 00 08 02 F0 0A 00 00 00 00 00 00 00 00 00 00 00 00 27 1C
@sos_1_1 2026-10-09T10:03:30 4875 01 00 4D 01 00 00 F4 D8 0A 00 10 1B 02 00 01 04 65 00 58 02 D0 07 C4 09 00 00 00 00 71 00 01 01 05 00 00 08 03 00 01 00 02 00 05 00 00 00 00 00 CA 21 00 00 00 00 00 00 00 00 10 00 00 02 00 08 02 00 00 00 00 00 00 00 00 00 00 00 00 00 00 00 00 00 00 00 00 00 00 00 00 00 00 00 00 00 00 00 00 00 00 00 00 00 00 00 00
@sossrc_1_1 2026-10-09T10:03:30 4876 01 4D 01 00 00 00 05 00 00 00 40 06 00 00 72 8D 00 00 00 04 36 00 3D 3B 00 00 01 CD 00 00 00 3D 3B 00 00 01 65 00 F4 01 52 35 00 00 00 00 00 00 CA 21 00 00 08 08 A4 16
@sossrc_1_1 2026-10-09T10:03:30 4877 01 4D 01 00 00 01 03 00 00 00 40 06 00 00 72 8D 00 00 01 04 00 00 A8 34 00 00 01 CB 00 00 00 BC 34 00 00 02 67 00 08 02 F0 0A 00 00 00 00 00 00 00 00 00 00 00 00 27 1C
@sos_1_1 2026-10-09T10:03:31 4878 01 01 4E 01 00 00 84 DA 0A 00 D8 1B 02 00 01 04 65 00 58 02 D0 07 C4 09 00 00 00 00 71 00 01 01 05 00 00 08 03 00 01 00 02 00 05 00 00 00 00 00 CA 21 00 00 00 00 00 00 00 00 10 00 00 02 00 08 02 00 00 00 00 00 00 00 00 00 00 00 00 00 00 00 00 00 00 00 00 00 00 00 00 00 00 00 00 00 00 00 00 00 00 00 00 00 00 00 00
@sossrc_1_1 2026-10-09T10:03:31 4879 01 4E 01 00 00 00 05 00 00 00 D0 07 00 00 72 8D 00 00 00 04 36 00 3D 3B 00 00 01 CD 00 00 00 3D 3B 00 00 01 65 00 F4 01 52 35 00 00 00 00 00 00 CA 21 00 00 08 08 A4 16
@sossrc_1_1 2026-10-09T10:03:31 4880 01 4E 01 00 00 01 03 00 00 00 00 00 00 00 74 8D 00 00 01 04 00 00 A8 34 00 00 01 CB 00 00 00 BC 34 00 00 02 67 00 08 02 80 0C 00 00 00 00 00 00 00 00 00 00 00 00 27 1C
@sos_1_1 2026-10-09T10:03:31 4881 01 01 4F 01 00 00 84 DA 0A 00 D8 1B 02 00 01 04 65 00 58 02 D0 07 C4 09 00 00 00 00 71 00 01 01 05 00 00 08 03 00 01 00 02 00 05 00 00 00 00 00 2E 22 00 00 00 00 00 00 00 00 10 00 00 02 00 08 02 00 00 00 00 00 00 00 00 00 00 00 00 00 00 00 00 00 00 00 00 00 00 00 00 00 00 00 00 00 00 00 00 00 00 00 00 00 00 00 00
@sossrc_1_1 2026-10-09T10:03:31 4882 01 4F 01 00 00 00 05 00 00 00 00 00 00 00 74 8D 00 00 00 04 36 00 5B 3B 00 00 01 CD 00 00 00 5B 3B 00 00 01 65 00 F4 01 B6 35 00 00 00 00 00 00 2E 22 00 00 08 08 A4 16
@sossrc_1_1 2026-10-09T10:03:31 4883 01 4F 01 00 00 01 03 00 00 00 00 00 00 00 74 8D 00 00 01 04 00 00 A8 34 00 00 01 CB 00 00 00 BC 34 00 00 02 67 00 08 02 80 0C 00 00 00 00 00 00 00 00 00 00 00 00 27 1C
@sos_1_1 2026-10-09T10:03:31 4884 01 00 50 01 00 00 DC DC 0A 00 D8 1B 02 00 01 04 65 00 58 02 D0 07 C4 09 00 00 00 00 71 00 01 01 05 00 00 08 03 00 01 00 02 00 05 00 00 00 00 00 2E 22 00 00 00 00 00 00 00 00 10 00 00 02 00 08 02 00 00 00 00 00 00 00 00 00 00 00 00 00 00 00 00 00 00 00 00 00 00 00 00 00 00 00 00 00 00 00 00 00 00 00 00 00 00 00 00
@sossrc_1_1 2026-10-09T10:03:31 4885 01 50 01 00 00 00 05 00 00 00 58 02 00 00 74 8D 00 00 00 04 36 00 5B 3B 00 00 01 CD 00 00 00 5B 3B 00 00 01 65 00 F4 01 B6 35 00 00 00 00 00 00 2E 22 00 00 08 08 A4 16
@sossrc_1_1 2026-10-09T10:03:31 4886 01 50 01 00 00 01 03 00 00 00 58 02 00 00 74 8D 00 00 01 04 00 00 A8 34 00 00 01 CB 00 00 00 BC 34 00 00 02 67 00 08 02 80 0C 00 00 00 00 00 00 00 00 00 00 00 00 27 1C
@sos_1_1 2026-10-09T10:03:32 4887 01 00 51 01 00 00 C4 E0 0A 00 A0 1C 02 00 01 04 65 00 58 02 D0 07 C4 09 00 00 00 00 71 00 01 01 05 00 00 08 03 00 01 00 02 00 05 00 00 00 00 00 66 21 00 00 00 00 00 00 00 00 10 00 00 02 00 08 02 00 00 00 00 00 00 00 00 00 00 00 00 00 00 00 00 00 00 00 00 00 00 00 00 00 00 00 00 00 00 00 00 00 00 00 00 00 00 00 00
@sossrc_1_1 2026-10-09T10:03:32 4888 01 51 01 00 00 00 05 00 00 00 40 06 00 00 74 8D 00 00 00 04 36 00 5B 3B 00 00 01 CD 00 00 00 5B 3B 00 00 01 65 00 F4 01 EE 34 00 00 00 00 00 00 66 21 00 00 08 08 A4 16
@sossrc_1_1 2026-10-09T10:03:32 4889 01 51 01 00 00 01 03 00 00 00 40 06 00 00 74 8D 00 00 01 04 00 00 A8 34 00 00 01 CB 00 00 00 BC 34 00 00 02 67 00 08 02 80 0C 00 00 00 00 00 00 00 00 00 00 00 00 27 1C
@sos_1_1 2026-10-09T10:03:33 4890 01 01 52 01 00 00 54 E2 0A 00 68 1D 02 00 01 04 65 00 58 02 D0 07 C4 09 00 00 00 00 71 00 01 01 05 00 00 08 03 00 01 00 02 00 05 00 00 00 00 00 66 21 00 00 00 00 00 00 00 00 10 00 00 02 00 08 02 00 00 00 00 00 00 00 00 00 00 00 00 00 00 00 00 00 00 00 00 00 00 00 00 00 00 00 00 00 00 00 00 00 00 00 00 00 00 00 00
@sossrc_1_1 2026-10-09T10:03:33 4891 01 52 01 00 00 00 05 00 00 00 D0 07 00 00 74 8D 00 00 00 04 36 00 5B 3B 00 00 01 CD 00 00 00 5B 3B 00 00 01 65 00 F4 01 EE 34 00 00 00 00 00 00 66 21 00 00 08 08 A4 16
@sossrc_1_1 2026-10-09T10:03:33 4892 01 52 01 00 00 01 03 00 00 00 00 00 00 00 76 8D 00 00 01 04 00 00 A8 34 00 00 01 CB 00 00 00 BC 34 00 00 02 67 00 08 02 10 0E 00 00 00 00 00 00 00 00 00 00 00 00 27 1C
@sos_1_1 2026-10-09T10:03:33 4893 01 01 53 01 00 00 54 E2 0A 00 68 1D 02 00 01 04 65 00 58 02 D0 07 C4 09 00 00 00 00 71 00 01 01 05 00 00 08 03 00 01 00 02 00 05 00 00 00 00 00 CA 21 00 00 00 00 00 00 00 00 10 00 00 02 00 08 02 00 00 00 00 00 00 00 00 00 00 00 00 00 00 00 00 00 00 00 00 00 00 00 00 00 00 00 00 00 00 00 00 00 00 00 00 00 00 00 00
@sossrc_1_1 2026-10-09T10:03:33 4894 01 53 01 00 00 00 05 00 00 00 00 00 00 00 76 8D 00 00 00 04 36 00 79 3B 00 00 01 CD 00 00 00 79 3B 00 00 01 65 00 F4 01 52 35 00 00 00 00 00 00 CA 21 00 00 08 08 A4 16
@sossrc_1_1 2026-10-09T10:03:33 4895 01 53 01 00 00 01 03 00 00 00 00 00 00 00 76 8D 00 00 01 04 00 00 A8 34 00 00 01 CB 00 00 00 BC 34 00 00 02 67 00 08 02 10 0E 00 00 00 00 00 00 00 00 00 00 00 00 27 1C
@sos_1_1 2026-10-09T10:03:33 4896 01 00 54 01 00 00 AC E4 0A 00 68 1D 02 00 01 04 65 00 58 02 D0 07 C4 09 00 00 00 00 71 00 01 01 05 00 00 08 03 00 01 00 02 00 05 00 00 00 00 00 CA 21 00 00 00 00 00 00 00 00 10 00 00 02 00 08 02 00 00 00 00 00 00 00 00 00 00 00 00 00 00 00 00 00 00 00 00 00 00 00 00 00 00 00 00 00 00 00 00 00 00 00 00 00 00 00 00
@sossrc_1_1 2026-10-09T10:03:33 4897 01 54 01 00 00 00 05 00 00 00 58 02 00 00 76 8D 00 00 00 04 36 00 79 3B 00 00 01 CD 00 00 00 79 3B 00 00 01 65 00 F4 01 52 35 00 00 00 00 00 00 CA 21 00 00 08 08 A4 16
@sossrc_1_1 2026-10-09T10:03:33 4898 01 54 01 00 00 01 03 00 00 00 58 02 00 00 76 8D 00 00 01 04 00 00 A8 34 00 00 01 CB 00 00 00 BC 34 00 00 02 67 00 08 02 10 0E 00 00 00 00 00 00 00 00 00 00 00 00 27 1C
@sosev_1_1 2026-10-09T10:03:34 4899 01 3C E6 0A 00 54 01 00 00 01 00 00 06 00 00 00 B8 A6 00 00 30 1E 02 00 D0 07 04
@sos_1_1 2026-10-09T10:03:34 4900 01 00 55 01 00 00 94 E8 0A 00 30 1E 02 00 01 04 65 00 58 02 D0 07 C4 09 00 00 00 00 71 00 01 01 05 00 00 08 07 00 01 00 02 00 05 00 00 00 00 00 02 21 00 00 00 00 00 00 00 00 10 00 00 02 00 08 02 00 00 00 00 00 00 00 00 00 00 00 00 00 00 00 00 00 00 00 00 00 00 00 00 00 00 00 00 00 00 00 00 00 00 00 00 00 00 00 00
@sossrc_1_1 2026-10-09T10:03:34 4901 01 55 01 00 00 00 05 00 00 00 40 06 00 00 76 8D 00 00 00 04 36 00 79 3B 00 00 01 CD 00 00 00 79 3B 00 00 01 65 00 F4 01 8A 34 00 00 00 00 00 00 02 21 00 00 08 08 A4 16
@sossrc_1_1 2026-10-09T10:03:34 4902 01 55 01 00 00 01 03 00 00 00 40 06 00 00 76 8D 00 00 01 04 00 00 A8 34 00 00 01 CB 00 00 00 BC 34 00 00 02 67 00 08 02 10 0E 00 00 00 00 00 00 00 00 00 00 00 00 27 1C
@sossrc_1_1 2026-10-09T10:03:34 4903 01 55 01 00 00 02 06 00 00 00 58 02 00 00 77 8D 00 00 00 04 2B 00 8C 25 00 00 01 CE 00 00 00 8C 25 00 00 01 6A 00 BC 02 B8 A6 00 00 00 00 00 00 00 00 00 00 00 00 24 10
@sos_1_1 2026-10-09T10:03:35 4904 01 01 56 01 00 00 24 EA 0A 00 F8 1E 02 00 01 04 65 00 58 02 D0 07 C4 09 00 00 00 00 71 00 01 01 05 00 00 08 07 00 01 00 02 00 05 00 00 00 00 00 02 21 00 00 00 00 00 00 00 00 10 00 00 02 00 08 02 00 00 00 00 00 00 00 00 00 00 00 00 00 00 00 00 00 00 00 00 00 00 00 00 00 00 00 00 00 00 00 00 00 00 00 00 00 00 00 00
@sossrc_1_1 2026-10-09T10:03:35 4905 01 56 01 00 00 00 05 00 00 00 D0 07 00 00 76 8D 00 00 00 04 36 00 79 3B 00 00 01 CD 00 00 00 79 3B 00 00 01 65 00 F4 01 8A 34 00 00 00 00 00 00 02 21 00 00 08 08 A4 16
@sossrc_1_1 2026-10-09T10:03:35 4906 01 56 01 00 00 01 03 00 00 00 00 00 00 00 78 8D 00 00 01 04 00 00 A8 34 00 00 01 CB 00 00 00 BC 34 00 00 02 67 00 08 02 A0 0F 00 00 00 00 00 00 00 00 00 00 00 00 27 1C
@sossrc_1_1 2026-10-09T10:03:35 4907 01 56 01 00 00 02 06 00 00 00 E8 03 00 00 77 8D 00 00 00 04 2B 00 8C 25 00 00 01 CE 00 00 00 8C 25 00 00 01 6A 00 BC 02 B8 A6 00 00 00 00 00 00 00 00 00 00 00 00 24 10
@sos_1_1 2026-10-09T10:03:35 4908 01 01 57 01 00 00 24 EA 0A 00 F8 1E 02 00 01 04 65 00 58 02 D0 07 C4 09 00 00 00 00 71 00 01 01 05 00 00 08 07 00 01 00 02 00 05 00 00 00 00 00 66 21 00 00 00 00 00 00 00 00 10 00 00 02 00 08 02 00 00 00 00 00 00 00 00 00 00 00 00 00 00 00 00 00 00 00 00 00 00 00 00 00 00 00 00 00 00 00 00 00 00 00 00 00 00 00 00
@sossrc_1_1 2026-10-09T10:03:35 4909 01 57 01 00 00 00 05 00 00 00 00 00 00 00 78 8D 00 00 00 04 36 00 97 3B 00 00 01 CD 00 00 00 97 3B 00 00 01 65 00 F4 01 EE 34 00 00 00 00 00 00 66 21 00 00 08 08 A4 16
@sossrc_1_1 2026-10-09T10:03:35 4910 01 57 01 00 00 01 03 00 00 00 00 00 00 00 78 8D 00 00 01 04 00 00 A8 34 00 00 01 CB 00 00 00 BC 34 00 00 02 67 00 08 02 A0 0F 00 00 00 00 00 00 00 00 00 00 00 00 27 1C
@sossrc_1_1 2026-10-09T10:03:35 4911 01 57 01 00 00 02 06 00 00 00 E8 03 00 00 77 8D 00 00 00 04 2B 00 8C 25 00 00 01 CE 00 00 00 8C 25 00 00 01 6A 00 BC 02 B8 A6 00 00 00 00 00 00 00 00 00 00 00 00 24 10
@sos_1_1 2026-10-09T10:03:35 4912 01 00 58 01 00 00 7C EC 0A 00 F8 1E 02 00 01 04 65 00 58 02 D0 07 C4 09 00 00 00 00 71 00 01 01 05 00 00 08 07 00 01 00 02 00 05 00 00 00 00 00 66 21 00 00 00 00 00 00 00 00 10 00 00 02 00 08 02 00 00 00 00 00 00 00 00 00 00 00 00 00 00 00 00 00 00 00 00 00 00 00 00 00 00 00 00 00 00 00 00 00 00 00 00 00 00 00 00
@sossrc_1_1 2026-10-09T10:03:35 4913 01 58 01 00 00 00 05 00 00 00 58 02 00 00 78 8D 00 00 00 04 36 00 97 3B 00 00 01 CD 00 00 00 97 3B 00 00 01 65 00 F4 01 EE 34 00 00 00 00 00 00 66 21 00 00 08 08 A4 16
@sossrc_1_1 2026-10-09T10:03:35 4914 01 58 01 00 00 01 03 00 00 00 58 02 00 00 78 8D 00 00 01 04 00 00 A8 34 00 00 01 CB 00 00 00 BC 34 00 00 02 67 00 08 02 A0 0F 00 00 00 00 00 00 00 00 00 00 00 00 27 1C
@sossrc_1_1 2026-10-09T10:03:35 4915 01 58 01 00 00 02 06 00 00 00 40 06 00 00 77 8D 00 00 00 04 2B 00 8C 25 00 00 01 CE 00 00 00 8C 25 00 00 01 6A 00 BC 02 B8 A6 00 00 00 00 00 00 00 00 00 00 00 00 24 10
@sosev_1_1 2026-10-09T10:03:36 4916 01 0C EE 0A 00 58 01 00 00 07 05 00 06 00 00 00 58 A7 00 00 C0 1F 02 00 D0 07 04
@sos_1_1 2026-10-09T10:03:36 4917 01 01 59 01 00 00 0C EE 0A 00 C0 1F 02 00 01 04 65 00 58 02 D0 07 C4 09 00 00 00 00 71 00 01 01 05 00 00 08 07 00 05 00 02 00 05 00 00 00 00 00 66 21 00 00 00 00 00 00 00 00 10 00 00 02 00 08 02 00 00 00 00 00 00 00 00 00 00 00 00 00 00 00 00 00 00 00 00 00 00 00 00 00 00 00 00 00 00 00 00 00 00 00 00 00 00 00 00
@sossrc_1_1 2026-10-09T10:03:36 4918 01 59 01 00 00 00 05 00 00 00 E8 03 00 00 78 8D 00 00 00 04 36 00 97 3B 00 00 01 CD 00 00 00 97 3B 00 00 01 65 00 F4 01 EE 34 00 00 00 00 00 00 66 21 00 00 08 08 A4 16
@sossrc_1_1 2026-10-09T10:03:36 4919 01 59 01 00 00 01 03 00 00 00 E8 03 00 00 78 8D 00 00 01 04 00 00 A8 34 00 00 01 CB 00 00 00 BC 34 00 00 02 67 00 08 02 A0 0F 00 00 00 00 00 00 00 00 00 00 00 00 27 1C
@sossrc_1_1 2026-10-09T10:03:36 4920 01 59 01 00 00 02 06 00 00 00 00 00 00 00 79 8D 00 00 06 04 2B 00 A4 25 00 00 01 CE 00 00 00 A4 25 00 00 01 6A 00 BC 02 58 A7 00 00 58 A7 00 00 00 00 00 00 10 10 24 10
@sos_1_1 2026-10-09T10:03:36 4921 01 00 5A 01 00 00 64 F0 0A 00 C0 1F 02 00 01 04 65 00 58 02 D0 07 C4 09 00 00 00 00 71 00 01 01 05 00 00 08 07 00 05 00 02 00 05 00 00 00 00 00 9E 20 00 00 00 00 00 00 00 00 10 00 00 02 00 08 02 00 00 00 00 00 00 00 00 00 00 00 00 00 00 00 00 00 00 00 00 00 00 00 00 00 00 00 00 00 00 00 00 00 00 00 00 00 00 00 00
@sossrc_1_1 2026-10-09T10:03:36 4922 01 5A 01 00 00 00 05 00 00 00 40 06 00 00 78 8D 00 00 00 04 36 00 97 3B 00 00 01 CD 00 00 00 97 3B 00 00 01 65 00 F4 01 26 34 00 00 00 00 00 00 9E 20 00 00 08 08 A4 16
@sossrc_1_1 2026-10-09T10:03:36 4923 01 5A 01 00 00 01 03 00 00 00 40 06 00 00 78 8D 00 00 01 04 00 00 A8 34 00 00 01 CB 00 00 00 BC 34 00 00 02 67 00 08 02 A0 0F 00 00 00 00 00 00 00 00 00 00 00 00 27 1C
@sossrc_1_1 2026-10-09T10:03:36 4924 01 5A 01 00 00 02 06 00 00 00 58 02 00 00 79 8D 00 00 06 04 2B 00 A4 25 00 00 01 CE 00 00 00 A4 25 00 00 01 6A 00 BC 02 58 A7 00 00 58 A7 00 00 00 00 00 00 10 10 24 10
@sos_1_1 2026-10-09T10:03:37 4925 01 01 5B 01 00 00 F4 F1 0A 00 88 20 02 00 01 04 65 00 58 02 D0 07 C4 09 00 00 00 00 71 00 01 01 05 00 00 08 07 00 05 00 02 00 05 00 00 00 00 00 9E 20 00 00 00 00 00 00 00 00 10 00 00 02 00 08 02 00 00 00 00 00 00 00 00 00 00 00 00 00 00 00 00 00 00 00 00 00 00 00 00 00 00 00 00 00 00 00 00 00 00 00 00 00 00 00 00
@sossrc_1_1 2026-10-09T10:03:37 4926 01 5B 01 00 00 00 05 00 00 00 D0 07 00 00 78 8D 00 00 00 04 36 00 97 3B 00 00 01 CD 00 00 00 97 3B 00 00 01 65 00 F4 01 26 34 00 00 00 00 00 00 9E 20 00 00 08 08 A4 16
@sossrc_1_1 2026-10-09T10:03:37 4927 01 5B 01 00 00 01 03 00 00 00 00 00 00 00 7A 8D 00 00 01 04 00 00 A8 34 00 00 01 CB 00 00 00 BC 34 00 00 02 67 00 08 02 30 11 00 00 00 00 00 00 00 00 00 00 00 00 27 1C
@sossrc_1_1 2026-10-09T10:03:37 4928 01 5B 01 00 00 02 06 00 00 00 E8 03 00 00 79 8D 00 00 06 04 2B 00 A4 25 00 00 01 CE 00 00 00 A4 25 00 00 01 6A 00 BC 02 58 A7 00 00 58 A7 00 00 00 00 00 00 10 10 24 10
@sos_1_1 2026-10-09T10:03:37 4929 01 01 5C 01 00 00 F4 F1 0A 00 88 20 02 00 01 04 65 00 58 02 D0 07 C4 09 00 00 00 00 71 00 01 01 05 00 00 08 07 00 05 00 02 00 05 00 00 00 00 00 02 21 00 00 00 00 00 00 00 00 10 00 00 02 00 08 02 00 00 00 00 00 00 00 00 00 00 00 00 00 00 00 00 00 00 00 00 00 00 00 00 00 00 00 00 00 00 00 00 00 00 00 00 00 00 00 00
@sossrc_1_1 2026-10-09T10:03:37 4930 01 5C 01 00 00 00 05 00 00 00 00 00 00 00 7A 8D 00 00 00 04 36 00 B5 3B 00 00 01 CD 00 00 00 B5 3B 00 00 01 65 00 F4 01 8A 34 00 00 00 00 00 00 02 21 00 00 08 08 A4 16
@sossrc_1_1 2026-10-09T10:03:37 4931 01 5C 01 00 00 01 03 00 00 00 00 00 00 00 7A 8D 00 00 01 04 00 00 A8 34 00 00 01 CB 00 00 00 BC 34 00 00 02 67 00 08 02 30 11 00 00 00 00 00 00 00 00 00 00 00 00 27 1C
@sossrc_1_1 2026-10-09T10:03:37 4932 01 5C 01 00 00 02 06 00 00 00 E8 03 00 00 79 8D 00 00 06 04 2B 00 A4 25 00 00 01 CE 00 00 00 A4 25 00 00 01 6A 00 BC 02 58 A7 00 00 58 A7 00 00 00 00 00 00 10 10 24 10
@sos_1_1 2026-10-09T10:03:37 4933 01 00 5D 01 00 00 4C F4 0A 00 88 20 02 00 01 04 65 00 58 02 D0 07 C4 09 00 00 00 00 71 00 01 01 05 00 00 08 07 00 05 00 02 00 05 00 00 00 00 00 02 21 00 00 00 00 00 00 00 00 10 00 00 02 00 08 02 00 00 00 00 00 00 00 00 00 00 00 00 00 00 00 00 00 00 00 00 00 00 00 00 00 00 00 00 00 00 00 00 00 00 00 00 00 00 00 00
@sossrc_1_1 2026-10-09T10:03:37 4934 01 5D 01 00 00 00 05 00 00 00 58 02 00 00 7A 8D 00 00 00 04 36 00 B5 3B 00 00 01 CD 00 00 00 B5 3B 00 00 01 65 00 F4 01 8A 34 00 00 00 00 00 00 02 21 00 00 08 08 A4 16
@sossrc_1_1 2026-10-09T10:03:37 4935 01 5D 01 00 00 01 03 00 00 00 58 02 00 00 7A 8D 00 00 01 04 00 00 A8 34 00 00 01 CB 00 00 00 BC 34 00 00 02 67 00 08 02 30 11 00 00 00 00 00 00 00 00 00 00 00 00 27 1C
@sossrc_1_1 2026-10-09T10:03:37 4936 01 5D 01 00 00 02 06 00 00 00 40 06 00 00 79 8D 00 00 06 04 2B 00 A4 25 00 00 01 CE 00 00 00 A4 25 00 00 01 6A 00 BC 02 20 A8 00 00 20 A8 00 00 00 00 00 00 10 10 24 10
@sos_1_1 2026-10-09T10:03:38 4937 01 01 5E 01 00 00 DC F5 0A 00 50 21 02 00 01 04 65 00 58 02 D0 07 C4 09 00 00 00 00 71 00 01 01 05 00 00 08 07 00 05 00 02 00 05 00 00 00 00 00 02 21 00 00 00 00 00 00 00 00 10 00 00 02 00 08 02 00 00 00 00 00 00 00 00 00 00 00 00 00 00 00 00 00 00 00 00 00 00 00 00 00 00 00 00 00 00 00 00 00 00 00 00 00 00 00 00
@sossrc_1_1 2026-10-09T10:03:38 4938 01 5E 01 00 00 00 05 00 00 00 E8 03 00 00 7A 8D 00 00 00 04 36 00 B5 3B 00 00 01 CD 00 00 00 B5 3B 00 00 01 65 00 F4 01 8A 34 00 00 00 00 00 00 02 21 00 00 08 08 A4 16
@sossrc_1_1 2026-10-09T10:03:38 4939 01 5E 01 00 00 01 03 00 00 00 E8 03 00 00 7A 8D 00 00 01 04 00 00 A8 34 00 00 01 CB 00 00 00 BC 34 00 00 02 67 00 08 02 30 11 00 00 00 00 00 00 00 00 00 00 00 00 27 1C
@sossrc_1_1 2026-10-09T10:03:38 4940 01 5E 01 00 00 02 06 00 00 00 00 00 00 00 7B 8D 00 00 06 04 2B 00 BC 25 00 00 01 CE 00 00 00 BC 25 00 00 01 6A 00 BC 02 F8 A7 00 00 F8 A7 00 00 00 00 00 00 10 10 24 10
@sos_1_1 2026-10-09T10:03:38 4941 01 00 5F 01 00 00 34 F8 0A 00 50 21 02 00 01 04 65 00 58 02 D0 07 C4 09 00 00 00 00 71 00 01 01 05 00 00 08 07 00 05 00 02 00 05 00 00 00 00 00 3A 20 00 00 00 00 00 00 00 00 10 00 00 02 00 08 02 00 00 00 00 00 00 00 00 00 00 00 00 00 00 00 00 00 00 00 00 00 00 00 00 00 00 00 00 00 00 00 00 00 00 00 00 00 00 00 00
@sossrc_1_1 2026-10-09T10:03:38 4942 01 5F 01 00 00 00 05 00 00 00 40 06 00 00 7A 8D 00 00 00 04 36 00 B5 3B 00 00 01 CD 00 00 00 B5 3B 00 00 01 65 00 F4 01 C2 33 00 00 00 00 00 00 3A 20 00 00 08 08 A4 16
@sossrc_1_1 2026-10-09T10:03:38 4943 01 5F 01 00 00 01 03 00 00 00 40 06 00 00 7A 8D 00 00 01 04 00 00 A8 34 00 00 01 CB 00 00 00 BC 34 00 00 02 67 00 08 02 30 11 00 00 00 00 00 00 00 00 00 00 00 00 27 1C
@sossrc_1_1 2026-10-09T10:03:38 4944 01 5F 01 00 00 02 06 00 00 00 58 02 00 00 7B 8D 00 00 06 04 2B 00 BC 25 00 00 01 CE 00 00 00 BC 25 00 00 01 6A 00 BC 02 F8 A7 00 00 F8 A7 00 00 00 00 00 00 10 10 24 10
@sos_1_1 2026-10-09T10:03:39 4945 01 01 60 01 00 00 C4 F9 0A 00 18 22 02 00 01 04 65 00 58 02 D0 07 C4 09 00 00 00 00 71 00 01 01 05 00 00 08 07 00 05 00 02 00 05 00 00 00 00 00 3A 20 00 00 00 00 00 00 00 00 10 00 00 02 00 08 02 00 00 00 00 00 00 00 00 00 00 00 00 00 00 00 00 00 00 00 00 00 00 00 00 00 00 00 00 00 00 00 00 00 00 00 00 00 00 00 00
@sossrc_1_1 2026-10-09T10:03:39 4946 01 60 01 00 00 00 05 00 00 00 D0 07 00 00 7A 8D 00 00 00 04 36 00 B5 3B 00 00 01 CD 00 00 00 B5 3B 00 00 01 65 00 F4 01 C2 33 00 00 00 00 00 00 3A 20 00 00 08 08 A4 16
@sossrc_1_1 2026-10-09T10:03:39 4947 01 60 01 00 00 01 03 00 00 00 00 00 00 00 7C 8D 00 00 01 04 00 00 A8 34 00 00 01 CB 00 00 00 BC 34 00 00 02 67 00 08 02 C0 12 00 00 00 00 00 00 00 00 00 00 00 00 27 1C
@sossrc_1_1 2026-10-09T10:03:39 4948 01 60 01 00 00 02 06 00 00 00 E8 03 00 00 7B 8D 00 00 06 04 2B 00 BC 25 00 00 01 CE 00 00 00 BC 25 00 00 01 6A 00 BC 02 F8 A7 00 00 F8 A7 00 00 00 00 00 00 10 10 24 10
@sos_1_1 2026-10-09T10:03:39 4949 01 01 61 01 00 00 C4 F9 0A 00 18 22 02 00 01 04 65 00 58 02 D0 07 C4 09 00 00 00 00 71 00 01 01 05 00 00 08 07 00 05 00 02 00 05 00 00 00 00 00 9E 20 00 00 00 00 00 00 00 00 10 00 00 02 00 08 02 00 00 00 00 00 00 00 00 00 00 00 00 00 00 00 00 00 00 00 00 00 00 00 00 00 00 00 00 00 00 00 00 00 00 00 00 00 00 00 00
@sossrc_1_1 2026-10-09T10:03:39 4950 01 61 01 00 00 00 05 00 00 00 00 00 00 00 7C 8D 00 00 00 04 36 00 D3 3B 00 00 01 CD 00 00 00 D3 3B 00 00 01 65 00 F4 01 26 34 00 00 00 00 00 00 9E 20 00 00 08 08 A4 16
@sossrc_1_1 2026-10-09T10:03:39 4951 01 61 01 00 00 01 03 00 00 00 00 00 00 00 7C 8D 00 00 01 04 00 00 A8 34 00 00 01 CB 00 00 00 BC 34 00 00 02 67 00 08 02 C0 12 00 00 00 00 00 00 00 00 00 00 00 00 27 1C
@sossrc_1_1 2026-10-09T10:03:39 4952 01 61 01 00 00 02 06 00 00 00 E8 03 00 00 7B 8D 00 00 06 04 2B 00 BC 25 00 00 01 CE 00 00 00 BC 25 00 00 01 6A 00 BC 02 F8 A7 00 00 F8 A7 00 00 00 00 00 00 10 10 24 10
@sos_1_1 2026-10-09T10:03:39 4953 01 00 62 01 00 00 1C FC 0A 00 18 22 02 00 01 04 65 00 58 02 D0 07 C4 09 00 00 00 00 71 00 01 01 05 00 00 08 07 00 05 00 02 00 05 00 00 00 00 00 9E 20 00 00 00 00 00 00 00 00 10 00 00 02 00 08 02 00 00 00 00 00 00 00 00 00 00 00 00 00 00 00 00 00 00 00 00 00 00 00 00 00 00 00 00 00 00 00 00 00 00 00 00 00 00 00 00
@sossrc_1_1 2026-10-09T10:03:39 4954 01 62 01 00 00 00 05 00 00 00 58 02 00 00 7C 8D 00 00 00 04 36 00 D3 3B 00 00 01 CD 00 00 00 D3 3B 00 00 01 65 00 F4 01 26 34 00 00 00 00 00 00 9E 20 00 00 08 08 A4 16
@sossrc_1_1 2026-10-09T10:03:39 4955 01 62 01 00 00 01 03 00 00 00 58 02 00 00 7C 8D 00 00 01 04 00 00 A8 34 00 00 01 CB 00 00 00 BC 34 00 00 02 67 00 08 02 C0 12 00 00 00 00 00 00 00 00 00 00 00 00 27 1C
@sossrc_1_1 2026-10-09T10:03:39 4956 01 62 01 00 00 02 06 00 00 00 40 06 00 00 7B 8D 00 00 06 04 2B 00 BC 25 00 00 01 CE 00 00 00 BC 25 00 00 01 6A 00 BC 02 C0 A8 00 00 C0 A8 00 00 00 00 00 00 10 10 24 10
@sos_1_1 2026-10-09T10:03:40 4957 01 01 63 01 00 00 AC FD 0A 00 E0 22 02 00 01 04 65 00 58 02 D0 07 C4 09 00 00 00 00 72 00 01 01 05 00 00 08 07 00 05 00 02 00 05 00 00 00 00 00 9E 20 00 00 00 00 00 00 00 00 10 00 00 02 00 08 02 00 00 00 00 00 00 00 00 00 00 00 00 00 00 00 00 00 00 00 00 00 00 00 00 00 00 00 00 00 00 00 00 00 00 00 00 00 00 00 00
@sossrc_1_1 2026-10-09T10:03:40 4958 01 63 01 00 00 00 05 00 00 00 E8 03 00 00 7C 8D 00 00 00 04 36 00 D3 3B 00 00 01 CD 00 00 00 D3 3B 00 00 01 65 00 F4 01 26 34 00 00 00 00 00 00 9E 20 00 00 08 08 A4 16
@sossrc_1_1 2026-10-09T10:03:40 4959 01 63 01 00 00 01 03 00 00 00 E8 03 00 00 7C 8D 00 00 01 04 00 00 A8 34 00 00 01 CB 00 00 00 BC 34 00 00 02 67 00 08 02 C0 12 00 00 00 00 00 00 00 00 00 00 00 00 27 1C
@sossrc_1_1 2026-10-09T10:03:40 4960 01 63 01 00 00 02 06 00 00 00 00 00 00 00 7D 8D 00 00 06 04 2B 00 D4 25 00 00 01 CE 00 00 00 D4 25 00 00 01 6A 00 BC 02 98 A8 00 00 98 A8 00 00 00 00 00 00 10 10 24 10
@sos_1_1 2026-10-09T10:03:40 4961 01 00 64 01 00 00 04 00 0B 00 E0 22 02 00 01 04 65 00 58 02 D0 07 C4 09 00 00 00 00 72 00 01 01 05 00 00 08 07 00 05 00 02 00 05 00 00 00 00 00 D6 1F 00 00 00 00 00 00 00 00 10 00 00 02 00 08 02 00 00 00 00 00 00 00 00 00 00 00 00 00 00 00 00 00 00 00 00 00 00 00 00 00 00 00 00 00 00 00 00 00 00 00 00 00 00 00 00
@sossrc_1_1 2026-10-09T10:03:40 4962 01 64 01 00 00 00 05 00 00 00 40 06 00 00 7C 8D 00 00 00 04 36 00 D3 3B 00 00 01 CD 00 00 00 D3 3B 00 00 01 65 00 F4 01 5E 33 00 00 00 00 00 00 D6 1F 00 00 08 08 A4 16
@sossrc_1_1 2026-10-09T10:03:40 4963 01 64 01 00 00 01 03 00 00 00 40 06 00 00 7C 8D 00 00 01 04 00 00 A8 34 00 00 01 CB 00 00 00 BC 34 00 00 02 67 00 08 02 C0 12 00 00 00 00 00 00 00 00 00 00 00 00 27 1C
@sossrc_1_1 2026-10-09T10:03:40 4964 01 64 01 00 00 02 06 00 00 00 58 02 00 00 7D 8D 00 00 06 04 2B 00 D4 25 00 00 01 CE 00 00 00 D4 25 00 00 01 6A 00 BC 02 98 A8 00 00 98 A8 00 00 00 00 00 00 10 10 24 10
@sos_1_1 2026-10-09T10:03:41 4965 01 01 65 01 00 00 94 01 0B 00 A8 23 02 00 01 04 65 00 58 02 D0 07 C4 09 00 00 00 00 72 00 01 01 05 00 00 08 07 00 05 00 02 00 05 00 00 00 00 00 D6 1F 00 00 00 00 00 00 00 00 10 00 00 02 00 08 02 00 00 00 00 00 00 00 00 00 00 00 00 00 00 00 00 00 00 00 00 00 00 00 00 00 00 00 00 00 00 00 00 00 00 00 00 00 00 00 00
@sossrc_1_1 2026-10-09T10:03:41 4966 01 65 01 00 00 00 05 00 00 00 D0 07 00 00 7C 8D 00 00 00 04 36 00 D3 3B 00 00 01 CD 00 00 00 D3 3B 00 00 01 65 00 F4 01 5E 33 00 00 00 00 00 00 D6 1F 00 00 08 08 A4 16
@sossrc_1_1 2026-10-09T10:03:41 4967 01 65 01 00 00 01 03 00 00 00 00 00 00 00 7E 8D 00 00 01 04 00 00 A8 34 00 00 01 CB 00 00 00 BC 34 00 00 02 67 00 08 02 50 14 00 00 00 00 00 00 00 00 00 00 00 00 27 1C
@sossrc_1_1 2026-10-09T10:03:41 4968 01 65 01 00 00 02 06 00 00 00 E8 03 00 00 7D 8D 00 00 06 04 2B 00 D4 25 00 00 01 CE 00 00 00 D4 25 00 00 01 6A 00 BC 02 98 A8 00 00 98 A8 00 00 00 00 00 00 10 10 24 10
@sos_1_1 2026-10-09T10:03:41 4969 01 01 66 01 00 00 94 01 0B 00 A8 23 02 00 01 04 65 00 58 02 D0 07 C4 09 00 00 00 00 72 00 01 01 05 00 00 08 07 00 05 00 02 00 05 00 00 00 00 00 3A 20 00 00 00 00 00 00 00 00 10 00 00 02 00 08 02 00 00 00 00 00 00 00 00 00 00 00 00 00 00 00 00 00 00 00 00 00 00 00 00 00 00 00 00 00 00 00 00 00 00 00 00 00 00 00 00
@sossrc_1_1 2026-10-09T10:03:41 4970 01 66 01 00 00 00 05 00 00 00 00 00 00 00 7E 8D 00 00 00 04 36 00 F1 3B 00 00 01 CD 00 00 00 F1 3B 00 00 01 65 00 F4 01 C2 33 00 00 00 00 00 00 3A 20 00 00 08 08 A4 16
@sossrc_1_1 2026-10-09T10:03:41 4971 01 66 01 00 00 01 03 00 00 00 00 00 00 00 7E 8D 00 00 01 04 00 00 A8 34 00 00 01 CB 00 00 00 BC 34 00 00 02 67 00 08 02 50 14 00 00 00 00 00 00 00 00 00 00 00 00 27 1C
@sossrc_1_1 2026-10-09T10:03:41 4972 01 66 01 00 00 02 06 00 00 00 E8 03 00 00 7D 8D 00 00 06 04 2B 00 D4 25 00 00 01 CE 00 00 00 D4 25 00 00 01 6A 00 BC 02 98 A8 00 00 98 A8 00 00 00 00 00 00 10 10 24 10
@sos_1_1 2026-10-09T10:03:41 4973 01 00 67 01 00 00 EC 03 0B 00 A8 23 02 00 01 04 65 00 58 02 D0 07 C4 09 00 00 00 00 72 00 01 01 05 00 00 08 07 00 05 00 02 00 05 00 00 00 00 00 3A 20 00 00 00 00 00 00 00 00 10 00 00 02 00 08 02 00 00 00 00 00 00 00 00 00 00 00 00 00 00 00 00 00 00 00 00 00 00 00 00 00 00 00 00 00 00 00 00 00 00 00 00 00 00 00 00
@sossrc_1_1 2026-10-09T10:03:41 4974 01 67 01 00 00 00 05 00 00 00 58 02 00 00 7E 8D 00 00 00 04 36 00 F1 3B 00 00 01 CD 00 00 00 F1 3B 00 00 01 65 00 F4 01 C2 33 00 00 00 00 00 00 3A 20 00 00 08 08 A4 16
@sossrc_1_1 2026-10-09T10:03:41 4975 01 67 01 00 00 01 03 00 00 00 58 02 00 00 7E 8D 00 00 01 04 00 00 A8 34 00 00 01 CB 00 00 00 BC 34 00 00 02 67 00 08 02 50 14 00 00 00 00 00 00 00 00 00 00 00 00 27 1C
@sossrc_1_1 2026-10-09T10:03:41 4976 01 67 01 00 00 02 06 00 00 00 40 06 00 00 7D 8D 00 00 06 04 2B 00 D4 25 00 00 01 CE 00 00 00 D4 25 00 00 01 6A 00 BC 02 60 A9 00 00 60 A9 00 00 00 00 00 00 10 10 24 10
@sos_1_1 2026-10-09T10:03:42 4977 01 01 68 01 00 00 7C 05 0B 00 70 24 02 00 01 04 65 00 58 02 D0 07 C4 09 00 00 00 00 72 00 01 01 05 00 00 08 07 00 05 00 02 00 05 00 00 00 00 00 3A 20 00 00 00 00 00 00 00 00 10 00 00 02 00 08 02 00 00 00 00 00 00 00 00 00 00 00 00 00 00 00 00 00 00 00 00 00 00 00 00 00 00 00 00 00 00 00 00 00 00 00 00 00 00 00 00
@sossrc_1_1 2026-10-09T10:03:42 4978 01 68 01 00 00 00 05 00 00 00 E8 03 00 00 7E 8D 00 00 00 04 36 00 F1 3B 00 00 01 CD 00 00 00 F1 3B 00 00 01 65 00 F4 01 C2 33 00 00 00 00 00 00 3A 20 00 00 08 08 A4 16
@sossrc_1_1 2026-10-09T10:03:42 4979 01 68 01 00 00 01 03 00 00 00 E8 03 00 00 7E 8D 00 00 01 04 00 00 A8 34 00 00 01 CB 00 00 00 BC 34 00 00 02 67 00 08 02 50 14 00 00 00 00 00 00 00 00 00 00 00 00 27 1C
@sossrc_1_1 2026-10-09T10:03:42 4980 01 68 01 00 00 02 06 00 00 00 00 00 00 00 7F 8D 00 00 06 04 2B 00 EC 25 00 00 01 CE 00 00 00 EC 25 00 00 01 6A 00 BC 02 38 A9 00 00 38 A9 00 00 00 00 00 00 10 10 24 10
@sos_1_1 2026-10-09T10:03:42 4981 01 00 69 01 00 00 D4 07 0B 00 70 24 02 00 01 04 65 00 58 02 D0 07 C4 09 00 00 00 00 72 00 01 01 05 00 00 08 07 00 05 00 02 00 05 00 00 00 00 00 72 1F 00 00 00 00 00 00 00 00 10 00 00 02 00 08 02 00 00 00 00 00 00 00 00 00 00 00 00 00 00 00 00 00 00 00 00 00 00 00 00 00 00 00 00 00 00 00 00 00 00 00 00 00 00 00 00
@sossrc_1_1 2026-10-09T10:03:42 4982 01 69 01 00 00 00 05 00 00 00 40 06 00 00 7E 8D 00 00 00 04 36 00 F1 3B 00 00 01 CD 00 00 00 F1 3B 00 00 01 65 00 F4 01 FA 32 00 00 00 00 00 00 72 1F 00 00 08 08 A4 16
@sossrc_1_1 2026-10-09T10:03:42 4983 01 69 01 00 00 01 03 00 00 00 40 06 00 00 7E 8D 00 00 01 04 00 00 A8 34 00 00 01 CB 00 00 00 BC 34 00 00 02 67 00 08 02 50 14 00 00 00 00 00 00 00 00 00 00 00 00 27 1C
@sossrc_1_1 2026-10-09T10:03:42 4984 01 69 01 00 00 02 06 00 00 00 58 02 00 00 7F 8D 00 00 06 04 2B 00 EC 25 00 00 01 CE 00 00 00 EC 25 00 00 01 6A 00 BC 02 38 A9 00 00 38 A9 00 00 00 00 00 00 10 10 24 10
@sos_1_1 2026-10-09T10:03:43 4985 01 01 6A 01 00 00 64 09 0B 00 38 25 02 00 01 04 65 00 58 02 D0 07 C4 09 00 00 00 00 72 00 01 01 05 00 00 08 07 00 05 00 02 00 05 00 00 00 00 00 72 1F 00 00 00 00 00 00 00 00 10 00 00 02 00 08 02 00 00 00 00 00 00 00 00 00 00 00 00 00 00 00 00 00 00 00 00 00 00 00 00 00 00 00 00 00 00 00 00 00 00 00 00 00 00 00 00
@sossrc_1_1 2026-10-09T10:03:43 4986 01 6A 01 00 00 00 05 00 00 00 D0 07 00 00 7E 8D 00 00 00 04 36 00 F1 3B 00 00 01 CD 00 00 00 F1 3B 00 00 01 65 00 F4 01 FA 32 00 00 00 00 00 00 72 1F 00 00 08 08 A4 16
@sossrc_1_1 2026-10-09T10:03:43 4987 01 6A 01 00 00 01 03 00 00 00 00 00 00 00 80 8D 00 00 01 04 00 00 A8 34 00 00 01 CB 00 00 00 BC 34 00 00 02 67 00 08 02 E0 15 00 00 00 00 00 00 00 00 00 00 00 00 27 1C
@sossrc_1_1 2026-10-09T10:03:43 4988 01 6A 01 00 00 02 06 00 00 00 E8 03 00 00 7F 8D 00 00 06 04 2B 00 EC 25 00 00 01 CE 00 00 00 EC 25 00 00 01 6A 00 BC 02 38 A9 00 00 38 A9 00 00 00 00 00 00 10 10 24 10
@sos_1_1 2026-10-09T10:03:43 4989 01 01 6B 01 00 00 64 09 0B 00 38 25 02 00 01 04 65 00 58 02 D0 07 C4 09 00 00 00 00 72 00 01 01 05 00 00 08 07 00 05 00 02 00 05 00 00 00 00 00 D6 1F 00 00 00 00 00 00 00 00 10 00 00 02 00 08 02 00 00 00 00 00 00 00 00 00 00 00 00 00 00 00 00 00 00 00 00 00 00 00 00 00 00 00 00 00 00 00 00 00 00 00 00 00 00 00 00
@sossrc_1_1 2026-10-09T10:03:43 4990 01 6B 01 00 00 00 05 00 00 00 00 00 00 00 80 8D 00 00 00 04 36 00 0F 3C 00 00 01 CD 00 00 00 0F 3C 00 00 01 65 00 F4 01 5E 33 00 00 00 00 00 00 D6 1F 00 00 08 08 A4 16
@sossrc_1_1 2026-10-09T10:03:43 4991 01 6B 01 00 00 01 03 00 00 00 00 00 00 00 80 8D 00 00 01 04 00 00 A8 34 00 00 01 CB 00 00 00 BC 34 00 00 02 67 00 08 02 E0 15 00 00 00 00 00 00 00 00 00 00 00 00 27 1C
@sossrc_1_1 2026-10-09T10:03:43 4992 01 6B 01 00 00 02 06 00 00 00 E8 03 00 00 7F 8D 00 00 06 04 2B 00 EC 25 00 00 01 CE 00 00 00 EC 25 00 00 01 6A 00 BC 02 38 A9 00 00 38 A9 00 00 00 00 00 00 10 10 24 10
@sos_1_1 2026-10-09T10:03:43 4993 01 00 6C 01 00 00 BC 0B 0B 00 38 25 02 00 01 04 65 00 58 02 D0 07 C4 09 00 00 00 00 72 00 01 01 05 00 00 08 07 00 05 00 02 00 05 00 00 00 00 00 D6 1F 00 00 00 00 00 00 00 00 10 00 00 02 00 08 02 00 00 00 00 00 00 00 00 00 00 00 00 00 00 00 00 00 00 00 00 00 00 00 00 00 00 00 00 00 00 00 00 00 00 00 00 00 00 00 00
@sossrc_1_1 2026-10-09T10:03:43 4994 01 6C 01 00 00 00 05 00 00 00 58 02 00 00 80 8D 00 00 00 04 36 00 0F 3C 00 00 01 CD 00 00 00 0F 3C 00 00 01 65 00 F4 01 5E 33 00 00 00 00 00 00 D6 1F 00 00 08 08 A4 16
@sossrc_1_1 2026-10-09T10:03:43 4995 01 6C 01 00 00 01 03 00 00 00 58 02 00 00 80 8D 00 00 01 04 00 00 A8 34 00 00 01 CB 00 00 00 BC 34 00 00 02 67 00 08 02 E0 15 00 00 00 00 00 00 00 00 00 00 00 00 27 1C
@sossrc_1_1 2026-10-09T10:03:43 4996 01 6C 01 00 00 02 06 00 00 00 40 06 00 00 7F 8D 00 00 06 04 2B 00 EC 25 00 00 01 CE 00 00 00 EC 25 00 00 01 6A 00 BC 02 00 AA 00 00 00 AA 00 00 00 00 00 00 10 10 24 10
@sos_1_1 2026-10-09T10:03:44 4997 01 01 6D 01 00 00 4C 0D 0B 00 00 26 02 00 01 04 65 00 58 02 D0 07 C4 09 00 00 00 00 72 00 01 01 05 00 00 08 07 00 05 00 02 00 05 00 00 00 00 00 D6 1F 00 00 00 00 00 00 00 00 10 00 00 02 00 08 02 00 00 00 00 00 00 00 00 00 00 00 00 00 00 00 00 00 00 00 00 00 00 00 00 00 00 00 00 00 00 00 00 00 00 00 00 00 00 00 00
@sossrc_1_1 2026-10-09T10:03:44 4998 01 6D 01 00 00 00 05 00 00 00 E8 03 00 00 80 8D 00 00 00 04 36 00 0F 3C 00 00 01 CD 00 00 00 0F 3C 00 00 01 65 00 F4 01 5E 33 00 00 00 00 00 00 D6 1F 00 00 08 08 A4 16
@sossrc_1_1 2026-10-09T10:03:44 4999 01 6D 01 00 00 01 03 00 00 00 E8 03 00 00 80 8D 00 00 01 04 00 00 A8 34 00 00 01 CB 00 00 00 BC 34 00 00 02 67 00 08 02 E0 15 00 00 00 00 00 00 00 00 00 00 00 00 27 1C
@sossrc_1_1 2026-10-09T10:03:44 5000 01 6D 01 00 00 02 06 00 00 00 00 00 00 00 81 8D 00 00 06 04 2B 00 04 26 00 00 01 CE 00 00 00 04 26 00 00 01 6A 00 BC 02 D8 A9 00 00 D8 A9 00 00 00 00 00 00 10 10 24 10
@sos_1_1 2026-10-09T10:03:44 5001 01 00 6E 01 00 00 A4 0F 0B 00 00 26 02 00 01 04 65 00 58 02 D0 07 C4 09 00 00 00 00 72 00 01 01 05 00 00 08 07 00 05 00 02 00 05 00 00 00 00 00 0E 1F 00 00 00 00 00 00 00 00 10 00 00 02 00 08 02 00 00 00 00 00 00 00 00 00 00 00 00 00 00 00 00 00 00 00 00 00 00 00 00 00 00 00 00 00 00 00 00 00 00 00 00 00 00 00 00
@sossrc_1_1 2026-10-09T10:03:44 5002 01 6E 01 00 00 00 05 00 00 00 40 06 00 00 80 8D 00 00 00 04 36 00 0F 3C 00 00 01 CD 00 00 00 0F 3C 00 00 01 65 00 F4 01 96 32 00 00 00 00 00 00 0E 1F 00 00 08 08 A4 16
@sossrc_1_1 2026-10-09T10:03:44 5003 01 6E 01 00 00 01 03 00 00 00 40 06 00 00 80 8D 00 00 01 04 00 00 A8 34 00 00 01 CB 00 00 00 BC 34 00 00 02 67 00 08 02 E0 15 00 00 00 00 00 00 00 00 00 00 00 00 27 1C
@sossrc_1_1 2026-10-09T10:03:44 5004 01 6E 01 00 00 02 06 00 00 00 58 02 00 00 81 8D 00 00 06 04 2B 00 04 26 00 00 01 CE 00 00 00 04 26 00 00 01 6A 00 BC 02 D8 A9 00 00 D8 A9 00 00 00 00 00 00 10 10 24 10
@sos_1_1 2026-10-09T10:03:45 5005 01 01 6F 01 00 00 34 11 0B 00 C8 26 02 00 01 04 65 00 58 02 D0 07 C4 09 00 00 00 00 72 00 01 01 05 00 00 08 07 00 05 00 02 00 05 00 00 00 00 00 0E 1F 00 00 00 00 00 00 00 00 10 00 00 02 00 08 02 00 00 00 00 00 00 00 00 00 00 00 00 00 00 00 00 00 00 00 00 00 00 00 00 00 00 00 00 00 00 00 00 00 00 00 00 00 00 00 00
@sossrc_1_1 2026-10-09T10:03:45 5006 01 6F 01 00 00 00 05 00 00 00 D0 07 00 00 80 8D 00 00 00 04 36 00 0F 3C 00 00 01 CD 00 00 00 0F 3C 00 00 01 65 00 F4 01 96 32 00 00 00 00 00 00 0E 1F 00 00 08 08 A4 16
@sossrc_1_1 2026-10-09T10:03:45 5007 01 6F 01 00 00 01 03 00 00 00 00 00 00 00 82 8D 00 00 01 04 00 00 A8 34 00 00 01 CB 00 00 00 BC 34 00 00 02 67 00 08 02 70 17 00 00 00 00 00 00 00 00 00 00 00 00 27 1C
@sossrc_1_1 2026-10-09T10:03:45 5008 01 6F 01 00 00 02 06 00 00 00 E8 03 00 00 81 8D 00 00 06 04 2B 00 04 26 00 00 01 CE 00 00 00 04 26 00 00 01 6A 00 BC 02 D8 A9 00 00 D8 A9 00 00 00 00 00 00 10 10 24 10
@sosev_1_1 2026-10-09T10:03:45 5009 01 34 11 0B 00 6F 01 00 00 08 02 03 05 00 00 00 0E 1F 00 00 C8 26 02 00 D0 07 04
@sos_1_1 2026-10-09T10:03:45 5010 01 01 70 01 00 00 34 11 0B 00 C8 26 02 00 01 04 65 00 58 02 D0 07 C4 09 00 00 00 00 72 00 01 01 05 00 00 08 07 00 04 00 05 00 06 00 00 00 00 00 00 00 00 00 D8 A9 00 00 00 00 04 00 20 00 00 08 02 00 00 00 00 00 00 00 00 00 00 00 00 00 00 00 00 00 00 00 00 00 00 00 00 00 00 00 00 00 00 00 00 00 00 00 00 00 00 00 00
@sossrc_1_1 2026-10-09T10:03:45 5011 01 70 01 00 00 00 05 00 00 00 00 00 00 00 82 8D 00 00 00 04 36 00 2D 3C 00 00 01 CD 00 00 00 2D 3C 00 00 01 69 00 F4 01 FA 32 00 00 00 00 00 00 00 00 00 00 00 00 A4 14
@sossrc_1_1 2026-10-09T10:03:45 5012 01 70 01 00 00 01 03 00 00 00 00 00 00 00 82 8D 00 00 01 04 00 00 A8 34 00 00 01 CB 00 00 00 BC 34 00 00 02 67 00 08 02 70 17 00 00 00 00 00 00 00 00 00 00 00 00 27 1C
@sossrc_1_1 2026-10-09T10:03:45 5013 01 70 01 00 00 02 06 00 00 00 E8 03 00 00 81 8D 00 00 06 04 2B 00 04 26 00 00 01 CE 00 00 00 04 26 00 00 01 6A 00 BC 02 D8 A9 00 00 D8 A9 00 00 00 00 00 00 10 10 24 10
@sos_1_1 2026-10-09T10:03:45 5014 01 00 71 01 00 00 8C 13 0B 00 C8 26 02 00 01 04 65 00 58 02 D0 07 C4 09 00 00 00 00 72 00 01 01 05 00 00 08 07 00 04 00 05 00 06 00 00 00 00 00 00 00 00 00 A0 AA 00 00 00 00 04 00 20 00 00 08 02 00 00 00 00 00 00 00 00 00 00 00 00 00 00 00 00 00 00 00 00 00 00 00 00 00 00 00 00 00 00 00 00 00 00 00 00 00 00 00 00
@sossrc_1_1 2026-10-09T10:03:45 5015 01 71 01 00 00 00 05 00 00 00 58 02 00 00 82 8D 00 00 00 04 36 00 2D 3C 00 00 01 CD 00 00 00 2D 3C 00 00 01 69 00 F4 01 FA 32 00 00 00 00 00 00 00 00 00 00 00 00 A4 14
@sossrc_1_1 2026-10-09T10:03:45 5016 01 71 01 00 00 01 03 00 00 00 58 02 00 00 82 8D 00 00 01 04 00 00 A8 34 00 00 01 CB 00 00 00 BC 34 00 00 02 67 00 08 02 70 17 00 00 00 00 00 00 00 00 00 00 00 00 27 1C
@sossrc_1_1 2026-10-09T10:03:45 5017 01 71 01 00 00 02 06 00 00 00 40 06 00 00 81 8D 00 00 06 04 2B 00 04 26 00 00 01 CE 00 00 00 04 26 00 00 01 6A 00 BC 02 A0 AA 00 00 A0 AA 00 00 00 00 00 00 10 10 24 10
@sos_1_1 2026-10-09T10:03:46 5018 01 01 72 01 00 00 1C 15 0B 00 90 27 02 00 01 04 65 00 58 02 D0 07 C4 09 00 00 00 00 72 00 01 01 05 00 00 08 07 00 04 00 05 00 06 00 00 00 00 00 00 00 00 00 78 AA 00 00 00 00 04 00 20 00 00 08 02 00 00 00 00 00 00 00 00 00 00 00 00 00 00 00 00 00 00 00 00 00 00 00 00 00 00 00 00 00 00 00 00 00 00 00 00 00 00 00 00
@sossrc_1_1 2026-10-09T10:03:46 5019 01 72 01 00 00 00 05 00 00 00 E8 03 00 00 82 8D 00 00 00 04 36 00 2D 3C 00 00 01 CD 00 00 00 2D 3C 00 00 01 69 00 F4 01 FA 32 00 00 00 00 00 00 00 00 00 00 00 00 A4 14
@sossrc_1_1 2026-10-09T10:03:46 5020 01 72 01 00 00 01 03 00 00 00 E8 03 00 00 82 8D 00 00 01 04 00 00 A8 34 00 00 01 CB 00 00 00 BC 34 00 00 02 67 00 08 02 70 17 00 00 00 00 00 00 00 00 00 00 00 00 27 1C
@sossrc_1_1 2026-10-09T10:03:46 5021 01 72 01 00 00 02 06 00 00 00 00 00 00 00 83 8D 00 00 06 04 2B 00 1C 26 00 00 01 CE 00 00 00 1C 26 00 00 01 6A 00 BC 02 78 AA 00 00 78 AA 00 00 00 00 00 00 10 10 24 10
@sos_1_1 2026-10-09T10:03:46 5022 01 00 73 01 00 00 74 17 0B 00 90 27 02 00 01 04 65 00 58 02 D0 07 C4 09 00 00 00 00 72 00 01 01 05 00 00 08 07 00 04 00 05 00 06 00 00 00 00 00 00 00 00 00 78 AA 00 00 00 00 04 00 20 00 00 08 02 00 00 00 00 00 00 00 00 00 00 00 00 00 00 00 00 00 00 00 00 00 00 00 00 00 00 00 00 00 00 00 00 00 00 00 00 00 00 00 00
@sossrc_1_1 2026-10-09T10:03:46 5023 01 73 01 00 00 00 05 00 00 00 40 06 00 00 82 8D 00 00 00 04 36 00 2D 3C 00 00 01 CD 00 00 00 2D 3C 00 00 01 69 00 F4 01 FA 32 00 00 00 00 00 00 00 00 00 00 00 00 A4 14
@sossrc_1_1 2026-10-09T10:03:46 5024 01 73 01 00 00 01 03 00 00 00 40 06 00 00 82 8D 00 00 01 04 00 00 A8 34 00 00 01 CB 00 00 00 BC 34 00 00 02 67 00 08 02 70 17 00 00 00 00 00 00 00 00 00 00 00 00 27 1C
@sossrc_1_1 2026-10-09T10:03:46 5025 01 73 01 00 00 02 06 00 00 00 58 02 00 00 83 8D 00 00 06 04 2B 00 1C 26 00 00 01 CE 00 00 00 1C 26 00 00 01 6A 00 BC 02 78 AA 00 00 78 AA 00 00 00 00 00 00 10 10 24 10
@sos_1_1 2026-10-09T10:03:47 5026 01 01 74 01 00 00 04 19 0B 00 58 28 02 00 01 04 65 00 58 02 D0 07 C4 09 00 00 00 00 72 00 01 01 05 00 00 08 07 00 04 00 05 00 06 00 00 00 00 00 00 00 00 00 78 AA 00 00 00 00 04 00 20 00 00 08 02 00 00 00 00 00 00 00 00 00 00 00 00 00 00 00 00 00 00 00 00 00 00 00 00 00 00 00 00 00 00 00 00 00 00 00 00 00 00 00 00
@sossrc_1_1 2026-10-09T10:03:47 5027 01 74 01 00 00 00 05 00 00 00 D0 07 00 00 82 8D 00 00 00 04 36 00 2D 3C 00 00 01 CD 00 00 00 2D 3C 00 00 01 69 00 F4 01 FA 32 00 00 00 00 00 00 00 00 00 00 00 00 A4 14
@sossrc_1_1 2026-10-09T10:03:47 5028 01 74 01 00 00 01 03 00 00 00 00 00 00 00 84 8D 00 00 01 04 00 00 A8 34 00 00 01 CB 00 00 00 BC 34 00 00 02 67 00 08 02 00 19 00 00 00 00 00 00 00 00 00 00 00 00 27 1C
@sossrc_1_1 2026-10-09T10:03:47 5029 01 74 01 00 00 02 06 00 00 00 E8 03 00 00 83 8D 00 00 06 04 2B 00 1C 26 00 00 01 CE 00 00 00 1C 26 00 00 01 6A 00 BC 02 78 AA 00 00 78 AA 00 00 00 00 00 00 10 10 24 10
@sos_1_1 2026-10-09T10:03:47 5030 01 00 75 01 00 00 5C 1B 0B 00 58 28 02 00 01 04 65 00 58 02 D0 07 C4 09 00 00 00 00 72 00 01 01 05 00 00 08 07 00 04 00 05 00 06 00 00 00 00 00 00 00 00 00 40 AB 00 00 00 00 04 00 20 00 00 08 02 00 00 00 00 00 00 00 00 00 00 00 00 00 00 00 00 00 00 00 00 00 00 00 00 00 00 00 00 00 00 00 00 00 00 00 00 00 00 00 00
@sossrc_1_1 2026-10-09T10:03:47 5031 01 75 01 00 00 00 05 00 00 00 58 02 00 00 84 8D 00 00 00 04 36 00 4B 3C 00 00 01 CD 00 00 00 4B 3C 00 00 01 69 00 F4 01 96 32 00 00 00 00 00 00 00 00 00 00 00 00 A4 14
@sossrc_1_1 2026-10-09T10:03:47 5032 01 75 01 00 00 01 03 00 00 00 58 02 00 00 84 8D 00 00 01 04 00 00 A8 34 00 00 01 CB 00 00 00 BC 34 00 00 02 67 00 08 02 00 19 00 00 00 00 00 00 00 00 00 00 00 00 27 1C
@sossrc_1_1 2026-10-09T10:03:47 5033 01 75 01 00 00 02 06 00 00 00 40 06 00 00 83 8D 00 00 06 04 2B 00 1C 26 00 00 01 CE 00 00 00 1C 26 00 00 01 6A 00 BC 02 40 AB 00 00 40 AB 00 00 00 00 00 00 10 10 24 10
@sos_1_1 2026-10-09T10:03:48 5034 01 01 76 01 00 00 EC 1C 0B 00 20 29 02 00 01 04 65 00 58 02 D0 07 C4 09 00 00 00 00 72 00 01 01 05 00 00 08 07 00 04 00 05 00 06 00 00 00 00 00 00 00 00 00 18 AB 00 00 00 00 04 00 20 00 00 08 02 00 00 00 00 00 00 00 00 00 00 00 00 00 00 00 00 00 00 00 00 00 00 00 00 00 00 00 00 00 00 00 00 00 00 00 00 00 00 00 00
@sossrc_1_1 2026-10-09T10:03:48 5035 01 76 01 00 00 00 05 00 00 00 E8 03 00 00 84 8D 00 00 00 04 36 00 4B 3C 00 00 01 CD 00 00 00 4B 3C 00 00 01 69 00 F4 01 96 32 00 00 00 00 00 00 00 00 00 00 00 00 A4 14
@sossrc_1_1 2026-10-09T10:03:48 5036 01 76 01 00 00 01 03 00 00 00 E8 03 00 00 84 8D 00 00 01 04 00 00 A8 34 00 00 01 CB 00 00 00 BC 34 00 00 02 67 00 08 02 00 19 00 00 00 00 00 00 00 00 00 00 00 00 27 1C
@sossrc_1_1 2026-10-09T10:03:48 5037 01 76 01 00 00 02 06 00 00 00 00 00 00 00 85 8D 00 00 06 04 2B 00 34 26 00 00 01 CE 00 00 00 34 26 00 00 01 6A 00 BC 02 18 AB 00 00 18 AB 00 00 00 00 00 00 10 10 24 10
@sosev_1_1 2026-10-09T10:03:48 5038 01 B4 1D 0B 00 76 01 00 00 0C 00 00 95 11 00 00 E0 47 00 00 20 29 02 00 D0 07 04
@sosev_1_1 2026-10-09T10:03:48 5039 01 B4 1D 0B 00 76 01 00 00 10 00 00 95 11 00 00 E0 47 00 00 20 29 02 00 D0 07 04
@sosev_1_1 2026-10-09T10:03:48 5040 01 B4 1D 0B 00 76 01 00 00 0A 06 00 18 00 00 00 E0 47 00 00 20 29 02 00 D0 07 04
@sos_1_1 2026-10-09T10:03:48 5041 01 02 77 01 00 00 B4 1D 0B 00 20 29 02 00 01 04 65 00 58 02 D0 07 C4 09 00 00 00 00 72 00 01 01 05 00 00 08 07 00 04 00 06 01 00 00 00 00 95 11 00 00 00 00 E0 47 00 00 95 11 20 00 40 04 00 08 02 01 07 95 11 00 00 00 00 80 3E 00 00 E0 47 00 00 E0 47 00 00 00 00 00 00 00 00 00 00 00 00 00 00 00 00 00 00 00 00 00 00
@sossrc_1_1 2026-10-09T10:03:48 5042 01 77 01 00 00 00 05 00 00 00 B0 04 00 00 84 8D 00 00 00 04 36 00 4B 3C 00 00 01 CD 00 00 00 4B 3C 00 00 01 69 00 F4 01 96 32 00 00 00 00 00 00 00 00 00 00 00 00 A4 14
@sossrc_1_1 2026-10-09T10:03:48 5043 01 77 01 00 00 01 03 00 00 00 B0 04 00 00 84 8D 00 00 01 04 00 00 A8 34 00 00 01 CB 00 00 00 BC 34 00 00 02 67 00 08 02 00 19 00 00 00 00 00 00 00 00 00 00 00 00 27 1C
@sossrc_1_1 2026-10-09T10:03:48 5044 01 77 01 00 00 02 06 00 00 00 C8 00 00 00 85 8D 00 00 06 04 2B 00 34 26 00 00 01 CE 00 00 00 34 26 00 00 01 6A 00 BC 02 18 AB 00 00 18 AB 00 00 00 00 00 00 10 10 24 10
@sos_1_1 2026-10-09T10:03:48 5045 01 00 78 01 00 00 44 1F 0B 00 20 29 02 00 01 04 65 00 58 02 D0 07 C4 09 00 00 00 00 72 00 01 01 05 00 00 08 07 00 04 00 06 01 00 00 00 00 95 11 00 00 00 00 E0 47 00 00 95 11 20 00 40 04 00 08 02 01 07 95 11 90 01 00 00 80 3E 00 00 E0 47 00 00 E0 47 00 00 00 00 00 00 00 00 00 00 00 00 00 00 00 00 00 00 00 00 00 00
@sossrc_1_1 2026-10-09T10:03:48 5046 01 78 01 00 00 00 05 00 00 00 40 06 00 00 84 8D 00 00 00 04 36 00 4B 3C 00 00 01 CD 00 00 00 4B 3C 00 00 01 69 00 F4 01 96 32 00 00 00 00 00 00 00 00 00 00 00 00 A4 14
@sossrc_1_1 2026-10-09T10:03:48 5047 01 78 01 00 00 01 03 00 00 00 40 06 00 00 84 8D 00 00 01 04 00 00 A8 34 00 00 01 CB 00 00 00 BC 34 00 00 02 67 00 08 02 00 19 00 00 00 00 00 00 00 00 00 00 00 00 27 1C
@sossrc_1_1 2026-10-09T10:03:48 5048 01 78 01 00 00 02 06 00 00 00 58 02 00 00 85 8D 00 00 06 04 2B 00 34 26 00 00 01 CE 00 00 00 34 26 00 00 01 6A 00 BC 02 18 AB 00 00 18 AB 00 00 00 00 00 00 10 10 24 10
@sos_1_1 2026-10-09T10:03:49 5049 01 01 79 01 00 00 D4 20 0B 00 E8 29 02 00 01 04 65 00 58 02 D0 07 C4 09 00 00 00 00 72 00 01 01 05 00 00 08 07 00 04 00 06 01 00 00 00 00 95 11 00 00 00 00 E0 47 00 00 95 11 20 00 40 04 00 08 02 01 07 95 11 20 03 00 00 80 3E 00 00 E0 47 00 00 E0 47 00 00 00 00 00 00 00 00 00 00 00 00 00 00 00 00 00 00 00 00 00 00
@sossrc_1_1 2026-10-09T10:03:49 5050 01 79 01 00 00 00 05 00 00 00 D0 07 00 00 84 8D 00 00 00 04 36 00 4B 3C 00 00 01 CD 00 00 00 4B 3C 00 00 01 69 00 F4 01 96 32 00 00 00 00 00 00 00 00 00 00 00 00 A4 14
@sossrc_1_1 2026-10-09T10:03:49 5051 01 79 01 00 00 01 03 00 00 00 00 00 00 00 86 8D 00 00 01 04 00 00 A8 34 00 00 01 CB 00 00 00 BC 34 00 00 02 67 00 08 02 90 1A 00 00 00 00 00 00 00 00 00 00 00 00 27 1C
@sossrc_1_1 2026-10-09T10:03:49 5052 01 79 01 00 00 02 06 00 00 00 E8 03 00 00 85 8D 00 00 06 04 2B 00 34 26 00 00 01 CE 00 00 00 34 26 00 00 01 6A 00 BC 02 18 AB 00 00 18 AB 00 00 00 00 00 00 10 10 24 10
@sos_1_1 2026-10-09T10:03:49 5053 01 00 7A 01 00 00 2C 23 0B 00 E8 29 02 00 01 04 65 00 58 02 D0 07 C4 09 00 00 00 00 72 00 01 01 05 00 00 08 07 00 04 00 06 01 00 00 00 00 95 11 00 00 00 00 18 47 00 00 95 11 20 00 40 04 00 08 02 01 07 95 11 78 05 00 00 80 3E 00 00 18 47 00 00 18 47 00 00 00 00 00 00 00 00 00 00 00 00 00 00 00 00 00 00 00 00 00 00
@sossrc_1_1 2026-10-09T10:03:49 5054 01 7A 01 00 00 00 05 00 00 00 58 02 00 00 86 8D 00 00 00 04 36 00 69 3C 00 00 01 CD 00 00 00 69 3C 00 00 01 69 00 F4 01 32 32 00 00 00 00 00 00 00 00 00 00 00 00 A4 14
@sossrc_1_1 2026-10-09T10:03:49 5055 01 7A 01 00 00 01 03 00 00 00 58 02 00 00 86 8D 00 00 01 04 00 00 A8 34 00 00 01 CB 00 00 00 BC 34 00 00 02 67 00 08 02 90 1A 00 00 00 00 00 00 00 00 00 00 00 00 27 1C
@sossrc_1_1 2026-10-09T10:03:49 5056 01 7A 01 00 00 02 06 00 00 00 40 06 00 00 85 8D 00 00 06 04 2B 00 34 26 00 00 01 CE 00 00 00 34 26 00 00 01 6A 00 BC 02 E0 AB 00 00 E0 AB 00 00 00 00 00 00 10 10 24 10
@sos_1_1 2026-10-09T10:03:50 5057 01 01 7B 01 00 00 BC 24 0B 00 B0 2A 02 00 01 04 65 00 58 02 D0 07 C4 09 00 00 00 00 72 00 01 01 05 00 00 08 07 00 04 00 06 01 00 00 00 00 95 11 00 00 00 00 18 47 00 00 95 11 20 00 40 04 00 08 02 01 07 95 11 08 07 00 00 80 3E 00 00 18 47 00 00 18 47 00 00 00 00 00 00 00 00 00 00 00 00 00 00 00 00 00 00 00 00 00 00
@sossrc_1_1 2026-10-09T10:03:50 5058 01 7B 01 00 00 00 05 00 00 00 E8 03 00 00 86 8D 00 00 00 04 36 00 69 3C 00 00 01 CD 00 00 00 69 3C 00 00 01 69 00 F4 01 32 32 00 00 00 00 00 00 00 00 00 00 00 00 A4 14
@sossrc_1_1 2026-10-09T10:03:50 5059 01 7B 01 00 00 01 03 00 00 00 E8 03 00 00 86 8D 00 00 01 04 00 00 A8 34 00 00 01 CB 00 00 00 BC 34 00 00 02 67 00 08 02 90 1A 00 00 00 00 00 00 00 00 00 00 00 00 27 1C
@sossrc_1_1 2026-10-09T10:03:50 5060 01 7B 01 00 00 02 06 00 00 00 00 00 00 00 87 8D 00 00 06 04 2B 00 4C 26 00 00 01 CE 00 00 00 4C 26 00 00 01 6A 00 BC 02 B8 AB 00 00 B8 AB 00 00 00 00 00 00 10 10 24 10
@sos_1_1 2026-10-09T10:03:50 5061 01 02 7C 01 00 00 84 25 0B 00 B0 2A 02 00 01 04 65 00 58 02 D0 07 C4 09 00 00 00 00 72 00 01 01 05 00 00 08 07 00 04 00 06 01 00 00 00 00 95 11 00 00 00 00 50 46 00 00 95 11 20 00 40 04 00 08 02 01 07 95 11 00 00 00 00 80 3E 00 00 50 46 00 00 50 46 00 00 00 00 00 00 00 00 00 00 00 00 00 00 00 00 00 00 00 00 00 00
@sossrc_1_1 2026-10-09T10:03:50 5062 01 7C 01 00 00 00 05 00 00 00 B0 04 00 00 86 8D 00 00 00 04 36 00 69 3C 00 00 01 CD 00 00 00 69 3C 00 00 01 69 00 F4 01 32 32 00 00 00 00 00 00 00 00 00 00 00 00 A4 14
@sossrc_1_1 2026-10-09T10:03:50 5063 01 7C 01 00 00 01 03 00 00 00 B0 04 00 00 86 8D 00 00 01 04 00 00 A8 34 00 00 01 CB 00 00 00 BC 34 00 00 02 67 00 08 02 90 1A 00 00 00 00 00 00 00 00 00 00 00 00 27 1C
@sossrc_1_1 2026-10-09T10:03:50 5064 01 7C 01 00 00 02 06 00 00 00 C8 00 00 00 87 8D 00 00 06 04 2B 00 4C 26 00 00 01 CE 00 00 00 4C 26 00 00 01 6A 00 BC 02 B8 AB 00 00 B8 AB 00 00 00 00 00 00 10 10 24 10
@sos_1_1 2026-10-09T10:03:50 5065 01 00 7D 01 00 00 14 27 0B 00 B0 2A 02 00 01 04 65 00 58 02 D0 07 C4 09 00 00 00 00 72 00 01 01 05 00 00 08 07 00 04 00 06 01 00 00 00 00 95 11 00 00 00 00 50 46 00 00 95 11 20 00 40 04 00 08 02 01 07 95 11 90 01 00 00 80 3E 00 00 50 46 00 00 50 46 00 00 00 00 00 00 00 00 00 00 00 00 00 00 00 00 00 00 00 00 00 00
@sossrc_1_1 2026-10-09T10:03:50 5066 01 7D 01 00 00 00 05 00 00 00 40 06 00 00 86 8D 00 00 00 04 36 00 69 3C 00 00 01 CD 00 00 00 69 3C 00 00 01 69 00 F4 01 32 32 00 00 00 00 00 00 00 00 00 00 00 00 A4 14
@sossrc_1_1 2026-10-09T10:03:50 5067 01 7D 01 00 00 01 03 00 00 00 40 06 00 00 86 8D 00 00 01 04 00 00 A8 34 00 00 01 CB 00 00 00 BC 34 00 00 02 67 00 08 02 90 1A 00 00 00 00 00 00 00 00 00 00 00 00 27 1C
@sossrc_1_1 2026-10-09T10:03:50 5068 01 7D 01 00 00 02 06 00 00 00 58 02 00 00 87 8D 00 00 06 04 2B 00 4C 26 00 00 01 CE 00 00 00 4C 26 00 00 01 6A 00 BC 02 B8 AB 00 00 B8 AB 00 00 00 00 00 00 10 10 24 10
@sos_1_1 2026-10-09T10:03:51 5069 01 01 7E 01 00 00 A4 28 0B 00 78 2B 02 00 01 04 65 00 58 02 D0 07 C4 09 00 00 00 00 72 00 01 01 05 00 00 08 07 00 04 00 06 01 00 00 00 00 95 11 00 00 00 00 50 46 00 00 95 11 20 00 40 04 00 08 02 01 07 95 11 20 03 00 00 80 3E 00 00 50 46 00 00 50 46 00 00 00 00 00 00 00 00 00 00 00 00 00 00 00 00 00 00 00 00 00 00
@sossrc_1_1 2026-10-09T10:03:51 5070 01 7E 01 00 00 00 05 00 00 00 D0 07 00 00 86 8D 00 00 00 04 36 00 69 3C 00 00 01 CD 00 00 00 69 3C 00 00 01 69 00 F4 01 32 32 00 00 00 00 00 00 00 00 00 00 00 00 A4 14
@sossrc_1_1 2026-10-09T10:03:51 5071 01 7E 01 00 00 01 03 00 00 00 00 00 00 00 88 8D 00 00 01 04 00 00 A8 34 00 00 01 CB 00 00 00 BC 34 00 00 02 67 00 08 02 20 1C 00 00 00 00 00 00 00 00 00 00 00 00 27 1C
@sossrc_1_1 2026-10-09T10:03:51 5072 01 7E 01 00 00 02 06 00 00 00 E8 03 00 00 87 8D 00 00 06 04 2B 00 4C 26 00 00 01 CE 00 00 00 4C 26 00 00 01 6A 00 BC 02 B8 AB 00 00 B8 AB 00 00 00 00 00 00 10 10 24 10
@sos_1_1 2026-10-09T10:03:51 5073 01 00 7F 01 00 00 FC 2A 0B 00 78 2B 02 00 01 04 65 00 58 02 D0 07 C4 09 00 00 00 00 72 00 01 01 05 00 00 08 07 00 04 00 06 01 00 00 00 00 95 11 00 00 00 00 88 45 00 00 95 11 20 00 40 04 00 08 02 01 07 95 11 78 05 00 00 80 3E 00 00 88 45 00 00 88 45 00 00 00 00 00 00 00 00 00 00 00 00 00 00 00 00 00 00 00 00 00 00
@sossrc_1_1 2026-10-09T10:03:51 5074 01 7F 01 00 00 00 05 00 00 00 58 02 00 00 88 8D 00 00 00 04 36 00 87 3C 00 00 01 CD 00 00 00 87 3C 00 00 01 69 00 F4 01 CE 31 00 00 00 00 00 00 00 00 00 00 00 00 A4 14
@sossrc_1_1 2026-10-09T10:03:51 5075 01 7F 01 00 00 01 03 00 00 00 58 02 00 00 88 8D 00 00 01 04 00 00 A8 34 00 00 01 CB 00 00 00 BC 34 00 00 02 67 00 08 02 20 1C 00 00 00 00 00 00 00 00 00 00 00 00 27 1C
@sossrc_1_1 2026-10-09T10:03:51 5076 01 7F 01 00 00 02 06 00 00 00 40 06 00 00 87 8D 00 00 06 04 2B 00 4C 26 00 00 01 CE 00 00 00 4C 26 00 00 01 6A 00 BC 02 80 AC 00 00 80 AC 00 00 00 00 00 00 10 10 24 10
@sos_1_1 2026-10-09T10:03:52 5077 01 01 80 01 00 00 8C 2C 0B 00 40 2C 02 00 01 04 65 00 58 02 D0 07 C4 09 00 00 00 00 72 00 01 01 05 00 00 08 07 00 04 00 06 01 00 00 00 00 95 11 00 00 00 00 88 45 00 00 95 11 20 00 40 04 00 08 02 01 07 95 11 08 07 00 00 80 3E 00 00 88 45 00 00 88 45 00 00 00 00 00 00 00 00 00 00 00 00 00 00 00 00 00 00 00 00 00 00
@sossrc_1_1 2026-10-09T10:03:52 5078 01 80 01 00 00 00 05 00 00 00 E8 03 00 00 88 8D 00 00 00 04 36 00 87 3C 00 00 01 CD 00 00 00 87 3C 00 00 01 69 00 F4 01 CE 31 00 00 00 00 00 00 00 00 00 00 00 00 A4 14
@sossrc_1_1 2026-10-09T10:03:52 5079 01 80 01 00 00 01 03 00 00 00 E8 03 00 00 88 8D 00 00 01 04 00 00 A8 34 00 00 01 CB 00 00 00 BC 34 00 00 02 67 00 08 02 20 1C 00 00 00 00 00 00 00 00 00 00 00 00 27 1C
@sossrc_1_1 2026-10-09T10:03:52 5080 01 80 01 00 00 02 06 00 00 00 00 00 00 00 89 8D 00 00 06 04 2B 00 64 26 00 00 01 CE 00 00 00 64 26 00 00 01 6A 00 BC 02 58 AC 00 00 58 AC 00 00 00 00 00 00 10 10 24 10
@sos_1_1 2026-10-09T10:03:52 5081 01 02 81 01 00 00 54 2D 0B 00 40 2C 02 00 01 04 65 00 58 02 D0 07 C4 09 00 00 00 00 72 00 01 01 05 00 00 08 07 00 04 00 06 01 00 00 00 00 95 11 00 00 00 00 C0 44 00 00 95 11 20 00 40 04 00 08 02 01 07 95 11 00 00 00 00 80 3E 00 00 C0 44 00 00 C0 44 00 00 00 00 00 00 00 00 00 00 00 00 00 00 00 00 00 00 00 00 00 00
@sossrc_1_1 2026-10-09T10:03:52 5082 01 81 01 00 00 00 05 00 00 00 B0 04 00 00 88 8D 00 00 00 04 36 00 87 3C 00 00 01 CD 00 00 00 87 3C 00 00 01 69 00 F4 01 CE 31 00 00 00 00 00 00 00 00 00 00 00 00 A4 14
@sossrc_1_1 2026-10-09T10:03:52 5083 01 81 01 00 00 01 03 00 00 00 B0 04 00 00 88 8D 00 00 01 04 00 00 A8 34 00 00 01 CB 00 00 00 BC 34 00 00 02 67 00 08 02 20 1C 00 00 00 00 00 00 00 00 00 00 00 00 27 1C
@sossrc_1_1 2026-10-09T10:03:52 5084 01 81 01 00 00 02 06 00 00 00 C8 00 00 00 89 8D 00 00 06 04 2B 00 64 26 00 00 01 CE 00 00 00 64 26 00 00 01 6A 00 BC 02 58 AC 00 00 58 AC 00 00 00 00 00 00 10 10 24 10
@sos_1_1 2026-10-09T10:03:52 5085 01 00 82 01 00 00 E4 2E 0B 00 40 2C 02 00 01 04 65 00 58 02 D0 07 C4 09 00 00 00 00 72 00 01 01 05 00 00 08 07 00 04 00 06 01 00 00 00 00 95 11 00 00 00 00 C0 44 00 00 95 11 20 00 40 04 00 08 02 01 07 95 11 90 01 00 00 80 3E 00 00 C0 44 00 00 C0 44 00 00 00 00 00 00 00 00 00 00 00 00 00 00 00 00 00 00 00 00 00 00
@sossrc_1_1 2026-10-09T10:03:52 5086 01 82 01 00 00 00 05 00 00 00 40 06 00 00 88 8D 00 00 00 04 36 00 87 3C 00 00 01 CD 00 00 00 87 3C 00 00 01 69 00 F4 01 CE 31 00 00 00 00 00 00 00 00 00 00 00 00 A4 14
@sossrc_1_1 2026-10-09T10:03:52 5087 01 82 01 00 00 01 03 00 00 00 40 06 00 00 88 8D 00 00 01 04 00 00 A8 34 00 00 01 CB 00 00 00 BC 34 00 00 02 67 00 08 02 20 1C 00 00 00 00 00 00 00 00 00 00 00 00 27 1C
@sossrc_1_1 2026-10-09T10:03:52 5088 01 82 01 00 00 02 06 00 00 00 58 02 00 00 89 8D 00 00 06 04 2B 00 64 26 00 00 01 CE 00 00 00 64 26 00 00 01 6A 00 BC 02 58 AC 00 00 58 AC 00 00 00 00 00 00 10 10 24 10
@sos_1_1 2026-10-09T10:03:53 5089 01 01 83 01 00 00 74 30 0B 00 08 2D 02 00 01 04 65 00 58 02 D0 07 C4 09 00 00 00 00 72 00 01 01 05 00 00 08 07 00 04 00 06 01 00 00 00 00 95 11 00 00 00 00 C0 44 00 00 95 11 20 00 40 04 00 08 02 01 07 95 11 20 03 00 00 80 3E 00 00 C0 44 00 00 C0 44 00 00 00 00 00 00 00 00 00 00 00 00 00 00 00 00 00 00 00 00 00 00
@sossrc_1_1 2026-10-09T10:03:53 5090 01 83 01 00 00 00 05 00 00 00 D0 07 00 00 88 8D 00 00 00 04 36 00 87 3C 00 00 01 CD 00 00 00 87 3C 00 00 01 69 00 F4 01 CE 31 00 00 00 00 00 00 00 00 00 00 00 00 A4 14
@sossrc_1_1 2026-10-09T10:03:53 5091 01 83 01 00 00 01 03 00 00 00 00 00 00 00 8A 8D 00 00 01 04 00 00 A8 34 00 00 01 CB 00 00 00 BC 34 00 00 02 67 00 08 02 B0 1D 00 00 00 00 00 00 00 00 00 00 00 00 27 1C
@sossrc_1_1 2026-10-09T10:03:53 5092 01 83 01 00 00 02 06 00 00 00 E8 03 00 00 89 8D 00 00 06 04 2B 00 64 26 00 00 01 CE 00 00 00 64 26 00 00 01 6A 00 BC 02 58 AC 00 00 58 AC 00 00 00 00 00 00 10 10 24 10
@sos_1_1 2026-10-09T10:03:53 5093 01 00 84 01 00 00 CC 32 0B 00 08 2D 02 00 01 04 65 00 58 02 D0 07 C4 09 00 00 00 00 72 00 01 01 05 00 00 08 07 00 04 00 06 01 00 00 00 00 95 11 00 00 00 00 F8 43 00 00 95 11 20 00 40 04 00 08 02 01 07 95 11 78 05 00 00 80 3E 00 00 F8 43 00 00 F8 43 00 00 00 00 00 00 00 00 00 00 00 00 00 00 00 00 00 00 00 00 00 00
@sossrc_1_1 2026-10-09T10:03:53 5094 01 84 01 00 00 00 05 00 00 00 28 0A 00 00 88 8D 00 00 00 04 36 00 87 3C 00 00 01 CD 00 00 00 87 3C 00 00 01 69 00 F4 01 CE 31 00 00 00 00 00 00 00 00 00 00 00 00 A4 14
@sossrc_1_1 2026-10-09T10:03:53 5095 01 84 01 00 00 01 03 00 00 00 58 02 00 00 8A 8D 00 00 01 04 00 00 A8 34 00 00 01 CB 00 00 00 BC 34 00 00 02 67 00 08 02 B0 1D 00 00 00 00 00 00 00 00 00 00 00 00 27 1C
@sossrc_1_1 2026-10-09T10:03:53 5096 01 84 01 00 00 02 06 00 00 00 40 06 00 00 89 8D 00 00 06 04 2B 00 64 26 00 00 01 CE 00 00 00 64 26 00 00 01 6A 00 BC 02 20 AD 00 00 20 AD 00 00 00 00 00 00 10 10 24 10
@sos_1_1 2026-10-09T10:03:54 5097 01 01 85 01 00 00 5C 34 0B 00 D0 2D 02 00 01 04 65 00 58 02 D0 07 C4 09 00 00 00 00 72 00 01 01 05 00 00 08 07 00 04 00 06 01 00 00 00 00 95 11 00 00 00 00 F8 43 00 00 95 11 20 00 40 04 00 08 02 01 07 95 11 08 07 00 00 80 3E 00 00 F8 43 00 00 F8 43 00 00 00 00 00 00 00 00 00 00 00 00 00 00 00 00 00 00 00 00 00 00
@sossrc_1_1 2026-10-09T10:03:54 5098 01 85 01 00 00 00 05 00 00 00 B8 0B 00 00 88 8D 00 00 00 04 36 00 87 3C 00 00 01 CD 00 00 00 87 3C 00 00 01 69 00 F4 01 CE 31 00 00 00 00 00 00 00 00 00 00 00 00 A4 14
@sossrc_1_1 2026-10-09T10:03:54 5099 01 85 01 00 00 01 03 00 00 00 E8 03 00 00 8A 8D 00 00 01 04 00 00 A8 34 00 00 01 CB 00 00 00 BC 34 00 00 02 67 00 08 02 B0 1D 00 00 00 00 00 00 00 00 00 00 00 00 27 1C
@sossrc_1_1 2026-10-09T10:03:54 5100 01 85 01 00 00 02 06 00 00 00 00 00 00 00 8B 8D 00 00 06 04 2B 00 7C 26 00 00 01 CE 00 00 00 7C 26 00 00 01 6A 00 BC 02 F8 AC 00 00 F8 AC 00 00 00 00 00 00 10 10 24 10
@sos_1_1 2026-10-09T10:03:54 5101 01 02 86 01 00 00 24 35 0B 00 D0 2D 02 00 01 04 65 00 58 02 D0 07 C4 09 00 00 00 00 72 00 01 01 05 00 00 08 07 00 04 00 06 01 00 00 00 00 95 11 00 00 00 00 30 43 00 00 95 11 20 00 40 04 00 08 02 01 07 95 11 00 00 00 00 80 3E 00 00 30 43 00 00 30 43 00 00 00 00 00 00 00 00 00 00 00 00 00 00 00 00 00 00 00 00 00 00
@sossrc_1_1 2026-10-09T10:03:54 5102 01 86 01 00 00 00 05 00 00 00 80 0C 00 00 88 8D 00 00 00 04 36 00 87 3C 00 00 01 CD 00 00 00 87 3C 00 00 01 69 00 F4 01 CE 31 00 00 00 00 00 00 00 00 00 00 00 00 A4 14
@sossrc_1_1 2026-10-09T10:03:54 5103 01 86 01 00 00 01 03 00 00 00 B0 04 00 00 8A 8D 00 00 01 04 00 00 A8 34 00 00 01 CB 00 00 00 BC 34 00 00 02 67 00 08 02 B0 1D 00 00 00 00 00 00 00 00 00 00 00 00 27 1C
@sossrc_1_1 2026-10-09T10:03:54 5104 01 86 01 00 00 02 06 00 00 00 C8 00 00 00 8B 8D 00 00 06 04 2B 00 7C 26 00 00 01 CE 00 00 00 7C 26 00 00 01 6A 00 BC 02 F8 AC 00 00 F8 AC 00 00 00 00 00 00 10 10 24 10
@sos_1_1 2026-10-09T10:03:54 5105 01 00 87 01 00 00 B4 36 0B 00 D0 2D 02 00 01 04 65 00 58 02 D0 07 C4 09 00 00 00 00 72 00 01 01 05 00 00 08 07 00 04 00 06 01 00 00 00 00 95 11 00 00 00 00 30 43 00 00 95 11 20 00 40 04 00 08 02 01 07 95 11 90 01 00 00 80 3E 00 00 30 43 00 00 30 43 00 00 00 00 00 00 00 00 00 00 00 00 00 00 00 00 00 00 00 00 00 00
@sossrc_1_1 2026-10-09T10:03:54 5106 01 87 01 00 00 00 05 00 00 00 10 0E 00 00 88 8D 00 00 00 04 36 00 87 3C 00 00 01 CD 00 00 00 87 3C 00 00 01 69 00 F4 01 CE 31 00 00 00 00 00 00 00 00 00 00 00 00 A4 14
@sossrc_1_1 2026-10-09T10:03:54 5107 01 87 01 00 00 01 03 00 00 00 40 06 00 00 8A 8D 00 00 01 04 00 00 A8 34 00 00 01 CB 00 00 00 BC 34 00 00 02 67 00 08 02 B0 1D 00 00 00 00 00 00 00 00 00 00 00 00 27 1C
@sossrc_1_1 2026-10-09T10:03:54 5108 01 87 01 00 00 02 06 00 00 00 58 02 00 00 8B 8D 00 00 06 04 2B 00 7C 26 00 00 01 CE 00 00 00 7C 26 00 00 01 6A 00 BC 02 F8 AC 00 00 F8 AC 00 00 00 00 00 00 10 10 24 10
@sos_1_1 2026-10-09T10:03:55 5109 01 01 88 01 00 00 44 38 0B 00 98 2E 02 00 01 04 65 00 58 02 D0 07 C4 09 00 00 00 00 72 00 01 01 05 00 00 08 07 00 04 00 06 01 00 00 00 00 95 11 00 00 00 00 30 43 00 00 95 11 20 00 40 04 00 08 02 01 07 95 11 20 03 00 00 80 3E 00 00 30 43 00 00 30 43 00 00 00 00 00 00 00 00 00 00 00 00 00 00 00 00 00 00 00 00 00 00
@sossrc_1_1 2026-10-09T10:03:55 5110 01 88 01 00 00 00 05 00 00 00 A0 0F 00 00 88 8D 00 00 00 04 36 00 87 3C 00 00 01 CD 00 00 00 87 3C 00 00 01 69 00 F4 01 CE 31 00 00 00 00 00 00 00 00 00 00 00 00 A4 14
@sossrc_1_1 2026-10-09T10:03:55 5111 01 88 01 00 00 01 03 00 00 00 00 00 00 00 8C 8D 00 00 01 04 00 00 A8 34 00 00 01 CB 00 00 00 BC 34 00 00 02 67 00 08 02 40 1F 00 00 00 00 00 00 00 00 00 00 00 00 27 1C
@sossrc_1_1 2026-10-09T10:03:55 5112 01 88 01 00 00 02 06 00 00 00 E8 03 00 00 8B 8D 00 00 06 04 2B 00 7C 26 00 00 01 CE 00 00 00 7C 26 00 00 01 6A 00 BC 02 F8 AC 00 00 F8 AC 00 00 00 00 00 00 10 10 24 10
@sos_1_1 2026-10-09T10:03:55 5113 01 00 89 01 00 00 9C 3A 0B 00 98 2E 02 00 01 04 65 00 58 02 D0 07 C4 09 00 00 00 00 72 00 01 01 05 00 00 08 07 00 04 00 06 01 00 00 00 00 95 11 00 00 00 00 68 42 00 00 95 11 20 00 40 04 00 08 02 01 07 95 11 78 05 00 00 80 3E 00 00 68 42 00 00 68 42 00 00 00 00 00 00 00 00 00 00 00 00 00 00 00 00 00 00 00 00 00 00
@sossrc_1_1 2026-10-09T10:03:55 5114 01 89 01 00 00 00 05 00 00 00 F8 11 00 00 88 8D 00 00 00 04 36 00 87 3C 00 00 01 CD 00 00 00 87 3C 00 00 01 69 00 F4 01 CE 31 00 00 00 00 00 00 00 00 00 00 00 00 A4 14
@sossrc_1_1 2026-10-09T10:03:55 5115 01 89 01 00 00 01 03 00 00 00 58 02 00 00 8C 8D 00 00 01 04 00 00 A8 34 00 00 01 CB 00 00 00 BC 34 00 00 02 67 00 08 02 40 1F 00 00 00 00 00 00 00 00 00 00 00 00 27 1C
@sossrc_1_1 2026-10-09T10:03:55 5116 01 89 01 00 00 02 06 00 00 00 40 06 00 00 8B 8D 00 00 06 04 2B 00 7C 26 00 00 01 CE 00 00 00 7C 26 00 00 01 6A 00 BC 02 C0 AD 00 00 C0 AD 00 00 00 00 00 00 10 10 24 10
@sosev_1_1 2026-10-09T10:03:56 5117 01 2C 3C 0B 00 89 01 00 00 08 05 01 06 00 00 00 C0 AD 00 00 60 2F 02 00 D0 07 04
@sos_1_1 2026-10-09T10:03:56 5118 01 01 8A 01 00 00 2C 3C 0B 00 60 2F 02 00 01 04 65 00 58 02 D0 07 C4 09 00 00 00 00 72 00 01 01 05 00 00 08 07 00 00 00 06 01 00 00 00 00 95 11 00 00 00 00 68 42 00 00 95 11 20 00 40 04 00 08 02 01 07 95 11 08 07 00 00 80 3E 00 00 68 42 00 00 68 42 00 00 00 00 00 00 00 00 00 00 00 00 00 00 00 00 00 00 00 00 00 00
@sossrc_1_1 2026-10-09T10:03:56 5119 01 8A 01 00 00 00 05 00 00 00 88 13 00 00 88 8D 00 00 00 04 36 00 87 3C 00 00 01 CD 00 00 00 87 3C 00 00 01 69 00 F4 01 CE 31 00 00 00 00 00 00 00 00 00 00 00 00 A4 14
@sossrc_1_1 2026-10-09T10:03:56 5120 01 8A 01 00 00 01 03 00 00 00 E8 03 00 00 8C 8D 00 00 01 04 00 00 A8 34 00 00 01 CB 00 00 00 BC 34 00 00 02 67 00 08 02 40 1F 00 00 00 00 00 00 00 00 00 00 00 00 27 1C
@sossrc_1_1 2026-10-09T10:03:56 5121 01 8A 01 00 00 02 06 00 00 00 00 00 00 00 8D 8D 00 00 00 04 2B 00 94 26 00 00 01 CE 00 00 00 94 26 00 00 01 6A 00 BC 02 98 AD 00 00 00 00 00 00 00 00 00 00 00 00 24 10
@sos_1_1 2026-10-09T10:03:56 5122 01 02 8B 01 00 00 F4 3C 0B 00 60 2F 02 00 01 04 65 00 58 02 D0 07 C4 09 00 00 00 00 72 00 01 01 05 00 00 08 07 00 00 00 06 01 00 00 00 00 95 11 00 00 00 00 A0 41 00 00 95 11 20 00 40 04 00 08 02 01 07 95 11 00 00 00 00 80 3E 00 00 A0 41 00 00 A0 41 00 00 00 00 00 00 00 00 00 00 00 00 00 00 00 00 00 00 00 00 00 00
@sossrc_1_1 2026-10-09T10:03:56 5123 01 8B 01 00 00 00 05 00 00 00 50 14 00 00 88 8D 00 00 00 04 36 00 87 3C 00 00 01 CD 00 00 00 87 3C 00 00 01 69 00 F4 01 CE 31 00 00 00 00 00 00 00 00 00 00 00 00 A4 14
@sossrc_1_1 2026-10-09T10:03:56 5124 01 8B 01 00 00 01 03 00 00 00 B0 04 00 00 8C 8D 00 00 01 04 00 00 A8 34 00 00 01 CB 00 00 00 BC 34 00 00 02 67 00 08 02 40 1F 00 00 00 00 00 00 00 00 00 00 00 00 27 1C
@sossrc_1_1 2026-10-09T10:03:56 5125 01 8B 01 00 00 02 06 00 00 00 C8 00 00 00 8D 8D 00 00 00 04 2B 00 94 26 00 00 01 CE 00 00 00 94 26 00 00 01 6A 00 BC 02 98 AD 00 00 00 00 00 00 00 00 00 00 00 00 24 10
@sosev_1_1 2026-10-09T10:03:56 5126 01 84 3E 0B 00 8B 01 00 00 04 00 00 05 00 00 00 CE 31 00 00 60 2F 02 00 D0 07 04
@sos_1_1 2026-10-09T10:03:56 5127 01 00 8C 01 00 00 84 3E 0B 00 60 2F 02 00 01 04 65 00 58 02 D0 07 C4 09 00 00 00 00 72 00 01 01 05 00 00 08 06 00 00 00 06 01 00 00 00 00 95 11 00 00 00 00 A0 41 00 00 95 11 20 00 40 04 00 08 02 01 07 95 11 90 01 00 00 80 3E 00 00 A0 41 00 00 A0 41 00 00 00 00 00 00 00 00 00 00 00 00 00 00 00 00 00 00 00 00 00 00
@sossrc_1_1 2026-10-09T10:03:56 5128 01 8C 01 00 00 01 03 00 00 00 40 06 00 00 8C 8D 00 00 01 04 00 00 A8 34 00 00 01 CB 00 00 00 BC 34 00 00 02 67 00 08 02 40 1F 00 00 00 00 00 00 00 00 00 00 00 00 27 1C
@sossrc_1_1 2026-10-09T10:03:56 5129 01 8C 01 00 00 02 06 00 00 00 58 02 00 00 8D 8D 00 00 00 04 2B 00 94 26 00 00 01 CE 00 00 00 94 26 00 00 01 6A 00 BC 02 98 AD 00 00 00 00 00 00 00 00 00 00 00 00 24 10
@sos_1_1 2026-10-09T10:03:57 5130 01 01 8D 01 00 00 14 40 0B 00 28 30 02 00 01 04 65 00 58 02 D0 07 C4 09 00 00 00 00 72 00 01 01 05 00 00 08 06 00 00 00 06 01 00 00 00 00 95 11 00 00 00 00 A0 41 00 00 95 11 20 00 40 04 00 08 02 01 07 95 11 20 03 00 00 80 3E 00 00 A0 41 00 00 A0 41 00 00 00 00 00 00 00 00 00 00 00 00 00 00 00 00 00 00 00 00 00 00
@sossrc_1_1 2026-10-09T10:03:57 5131 01 8D 01 00 00 01 03 00 00 00 00 00 00 00 8E 8D 00 00 01 04 00 00 A8 34 00 00 01 CB 00 00 00 BC 34 00 00 02 67 00 08 02 D0 20 00 00 00 00 00 00 00 00 00 00 00 00 27 1C
@sossrc_1_1 2026-10-09T10:03:57 5132 01 8D 01 00 00 02 06 00 00 00 E8 03 00 00 8D 8D 00 00 00 04 2B 00 94 26 00 00 01 CE 00 00 00 94 26 00 00 01 6A 00 BC 02 98 AD 00 00 00 00 00 00 00 00 00 00 00 00 24 10
@sos_1_1 2026-10-09T10:03:57 5133 01 00 8E 01 00 00 6C 42 0B 00 28 30 02 00 01 04 65 00 58 02 D0 07 C4 09 00 00 00 00 72 00 01 01 05 00 00 08 06 00 00 00 06 01 00 00 00 00 95 11 00 00 00 00 D8 40 00 00 95 11 20 00 40 04 00 08 02 01 07 95 11 78 05 00 00 80 3E 00 00 D8 40 00 00 D8 40 00 00 00 00 00 00 00 00 00 00 00 00 00 00 00 00 00 00 00 00 00 00
@sossrc_1_1 2026-10-09T10:03:57 5134 01 8E 01 00 00 01 03 00 00 00 58 02 00 00 8E 8D 00 00 01 04 00 00 A8 34 00 00 01 CB 00 00 00 BC 34 00 00 02 67 00 08 02 D0 20 00 00 00 00 00 00 00 00 00 00 00 00 27 1C
@sossrc_1_1 2026-10-09T10:03:57 5135 01 8E 01 00 00 02 06 00 00 00 40 06 00 00 8D 8D 00 00 00 04 2B 00 94 26 00 00 01 CE 00 00 00 94 26 00 00 01 6A 00 BC 02 98 AD 00 00 00 00 00 00 00 00 00 00 00 00 24 10
@sos_1_1 2026-10-09T10:03:58 5136 01 02 8F 01 00 00 C4 44 0B 00 F0 30 02 00 01 04 65 00 58 02 D0 07 C4 09 00 00 00 00 72 00 01 01 05 00 00 08 06 00 00 00 06 01 00 00 00 00 95 11 00 00 00 00 10 40 00 00 95 11 20 00 40 04 00 08 02 01 07 95 11 00 00 00 00 80 3E 00 00 10 40 00 00 10 40 00 00 00 00 00 00 00 00 00 00 00 00 00 00 00 00 00 00 00 00 00 00
@sossrc_1_1 2026-10-09T10:03:58 5137 01 8F 01 00 00 01 03 00 00 00 B0 04 00 00 8E 8D 00 00 01 04 00 00 A8 34 00 00 01 CB 00 00 00 BC 34 00 00 02 67 00 08 02 D0 20 00 00 00 00 00 00 00 00 00 00 00 00 27 1C
@sossrc_1_1 2026-10-09T10:03:58 5138 01 8F 01 00 00 02 06 00 00 00 C8 00 00 00 8F 8D 00 00 00 04 2B 00 AC 26 00 00 01 CE 00 00 00 AC 26 00 00 01 6A 00 BC 02 38 AE 00 00 00 00 00 00 00 00 00 00 00 00 24 10
@sos_1_1 2026-10-09T10:03:58 5139 01 00 90 01 00 00 54 46 0B 00 F0 30 02 00 01 04 65 00 58 02 D0 07 C4 09 00 00 00 00 72 00 01 01 05 00 00 08 06 00 00 00 06 01 00 00 00 00 95 11 00 00 00 00 10 40 00 00 95 11 20 00 40 04 00 08 02 01 07 95 11 90 01 00 00 80 3E 00 00 10 40 00 00 10 40 00 00 00 00 00 00 00 00 00 00 00 00 00 00 00 00 00 00 00 00 00 00
@sossrc_1_1 2026-10-09T10:03:58 5140 01 90 01 00 00 01 03 00 00 00 40 06 00 00 8E 8D 00 00 01 04 00 00 A8 34 00 00 01 CB 00 00 00 BC 34 00 00 02 67 00 08 02 D0 20 00 00 00 00 00 00 00 00 00 00 00 00 27 1C
@sossrc_1_1 2026-10-09T10:03:58 5141 01 90 01 00 00 02 06 00 00 00 58 02 00 00 8F 8D 00 00 00 04 2B 00 AC 26 00 00 01 CE 00 00 00 AC 26 00 00 01 6A 00 BC 02 38 AE 00 00 00 00 00 00 00 00 00 00 00 00 24 10
@sos_1_1 2026-10-09T10:03:59 5142 01 01 91 01 00 00 E4 47 0B 00 B8 31 02 00 01 04 65 00 58 02 D0 07 C4 09 00 00 00 00 72 00 01 01 05 00 00 08 06 00 00 00 06 01 00 00 00 00 95 11 00 00 00 00 10 40 00 00 95 11 20 00 40 04 00 08 02 01 07 95 11 20 03 00 00 80 3E 00 00 10 40 00 00 10 40 00 00 00 00 00 00 00 00 00 00 00 00 00 00 00 00 00 00 00 00 00 00
@sossrc_1_1 2026-10-09T10:03:59 5143 01 91 01 00 00 01 03 00 00 00 00 00 00 00 90 8D 00 00 01 04 00 00 A8 34 00 00 01 CB 00 00 00 BC 34 00 00 02 67 00 08 02 60 22 00 00 00 00 00 00 00 00 00 00 00 00 27 1C
@sossrc_1_1 2026-10-09T10:03:59 5144 01 91 01 00 00 02 06 00 00 00 E8 03 00 00 8F 8D 00 00 00 04 2B 00 AC 26 00 00 01 CE 00 00 00 AC 26 00 00 01 6A 00 BC 02 38 AE 00 00 00 00 00 00 00 00 00 00 00 00 24 10
@sos_1_1 2026-10-09T10:03:59 5145 01 00 92 01 00 00 3C 4A 0B 00 B8 31 02 00 01 04 65 00 58 02 D0 07 C4 09 00 00 00 00 72 00 01 01 05 00 00 08 06 00 00 00 06 01 00 00 00 00 95 11 00 00 00 00 48 3F 00 00 95 11 20 00 40 04 00 08 02 01 07 95 11 78 05 00 00 80 3E 00 00 48 3F 00 00 48 3F 00 00 00 00 00 00 00 00 00 00 00 00 00 00 00 00 00 00 00 00 00 00
@sossrc_1_1 2026-10-09T10:03:59 5146 01 92 01 00 00 01 03 00 00 00 58 02 00 00 90 8D 00 00 01 04 00 00 A8 34 00 00 01 CB 00 00 00 BC 34 00 00 02 67 00 08 02 60 22 00 00 00 00 00 00 00 00 00 00 00 00 27 1C
@sossrc_1_1 2026-10-09T10:03:59 5147 01 92 01 00 00 02 06 00 00 00 40 06 00 00 8F 8D 00 00 00 04 2B 00 AC 26 00 00 01 CE 00 00 00 AC 26 00 00 01 6A 00 BC 02 38 AE 00 00 00 00 00 00 00 00 00 00 00 00 24 10
@sosev_1_1 2026-10-09T10:04:00 5148 01 94 4C 0B 00 92 01 00 00 11 00 06 95 11 00 00 48 3F 00 00 80 32 02 00 D0 07 04
@sos_1_1 2026-10-09T10:04:00 5149 01 02 93 01 00 00 94 4C 0B 00 80 32 02 00 01 04 65 00 58 02 D0 07 C4 09 00 00 00 00 72 00 01 01 05 00 00 08 06 00 00 00 00 00 00 00 00 00 00 00 00 00 00 00 00 00 00 00 00 00 00 00 00 00 00 08 02 01 04 95 11 00 00 00 00 80 3E 00 00 80 3E 00 00 00 00 00 00 00 00 00 00 00 00 00 00 00 00 00 00 00 00 00 00 00 00 00 00
@sossrc_1_1 2026-10-09T10:04:00 5150 01 93 01 00 00 01 03 00 00 00 B0 04 00 00 90 8D 00 00 01 04 00 00 A8 34 00 00 01 CB 00 00 00 BC 34 00 00 02 67 00 08 02 60 22 00 00 00 00 00 00 00 00 00 00 00 00 27 1C
@sossrc_1_1 2026-10-09T10:04:00 5151 01 93 01 00 00 02 06 00 00 00 C8 00 00 00 91 8D 00 00 00 04 2B 00 C4 26 00 00 01 CE 00 00 00 C4 26 00 00 01 6A 00 BC 02 D8 AE 00 00 00 00 00 00 00 00 00 00 00 00 24 10
@sos_1_1 2026-10-09T10:04:00 5152 01 00 94 01 00 00 24 4E 0B 00 80 32 02 00 01 04 65 00 58 02 D0 07 C4 09 00 00 00 00 72 00 01 01 05 00 00 08 06 00 00 00 00 00 00 00 00 00 00 00 00 00 00 00 00 00 00 00 00 00 00 00 00 00 00 08 02 01 04 95 11 90 01 00 00 80 3E 00 00 80 3E 00 00 00 00 00 00 00 00 00 00 00 00 00 00 00 00 00 00 00 00 00 00 00 00 00 00
@sossrc_1_1 2026-10-09T10:04:00 5153 01 94 01 00 00 01 03 00 00 00 40 06 00 00 90 8D 00 00 01 04 00 00 A8 34 00 00 01 CB 00 00 00 BC 34 00 00 02 67 00 08 02 60 22 00 00 00 00 00 00 00 00 00 00 00 00 27 1C
@sossrc_1_1 2026-10-09T10:04:00 5154 01 94 01 00 00 02 06 00 00 00 58 02 00 00 91 8D 00 00 00 04 2B 00 C4 26 00 00 01 CE 00 00 00 C4 26 00 00 01 6A 00 BC 02 D8 AE 00 00 00 00 00 00 00 00 00 00 00 00 24 10
@sos_1_1 2026-10-09T10:04:01 5155 01 01 95 01 00 00 B4 4F 0B 00 48 33 02 00 01 04 65 00 58 02 D0 07 C4 09 00 00 00 00 72 00 01 01 05 00 00 08 06 00 00 00 00 00 00 00 00 00 00 00 00 00 00 00 00 00 00 00 00 00 00 00 00 00 00 08 02 01 04 95 11 20 03 00 00 80 3E 00 00 80 3E 00 00 00 00 00 00 00 00 00 00 00 00 00 00 00 00 00 00 00 00 00 00 00 00 00 00
@sossrc_1_1 2026-10-09T10:04:01 5156 01 95 01 00 00 01 03 00 00 00 00 00 00 00 92 8D 00 00 01 04 00 00 A8 34 00 00 01 CB 00 00 00 BC 34 00 00 02 67 00 08 02 F0 23 00 00 00 00 00 00 00 00 00 00 00 00 27 1C
@sossrc_1_1 2026-10-09T10:04:01 5157 01 95 01 00 00 02 06 00 00 00 E8 03 00 00 91 8D 00 00 00 04 2B 00 C4 26 00 00 01 CE 00 00 00 C4 26 00 00 01 6A 00 BC 02 D8 AE 00 00 00 00 00 00 00 00 00 00 00 00 24 10
@sos_1_1 2026-10-09T10:04:01 5158 01 00 96 01 00 00 0C 52 0B 00 48 33 02 00 01 04 65 00 58 02 D0 07 C4 09 00 00 95 11 72 00 01 01 05 00 00 08 06 00 00 00 00 00 00 00 00 00 00 00 00 00 00 00 00 00 00 00 00 00 00 00 00 00 00 08 02 01 04 95 11 78 05 00 00 80 3E 00 00 80 3E 00 00 00 00 00 00 00 00 00 00 00 00 00 00 00 00 00 00 00 00 00 00 00 00 00 00
@sossrc_1_1 2026-10-09T10:04:01 5159 01 96 01 00 00 01 03 00 00 00 58 02 00 00 92 8D 00 00 01 04 00 00 A8 34 00 00 01 CB 00 00 00 BC 34 00 00 02 67 00 08 02 F0 23 00 00 00 00 00 00 00 00 00 00 00 00 27 1C
@sossrc_1_1 2026-10-09T10:04:01 5160 01 96 01 00 00 02 06 00 00 00 40 06 00 00 91 8D 00 00 00 04 2B 00 C4 26 00 00 01 CE 00 00 00 C4 26 00 00 01 6A 00 BC 02 D8 AE 00 00 00 00 00 00 00 00 00 00 00 00 24 10
@sos_1_1 2026-10-09T10:04:02 5161 01 00 97 01 00 00 F4 55 0B 00 10 34 02 00 01 04 65 00 58 02 D0 07 C4 09 00 00 95 11 72 00 01 01 05 00 00 08 06 00 00 00 00 00 00 00 00 00 00 00 00 00 00 00 00 00 00 00 00 00 00 00 00 00 00 08 02 01 04 95 11 60 09 00 00 80 3E 00 00 80 3E 00 00 00 00 00 00 00 00 00 00 00 00 00 00 00 00 00 00 00 00 00 00 00 00 00 00
@sossrc_1_1 2026-10-09T10:04:02 5162 01 97 01 00 00 01 03 00 00 00 40 06 00 00 92 8D 00 00 01 04 00 00 A8 34 00 00 01 CB 00 00 00 BC 34 00 00 02 67 00 08 02 F0 23 00 00 00 00 00 00 00 00 00 00 00 00 27 1C
@sossrc_1_1 2026-10-09T10:04:02 5163 01 97 01 00 00 02 06 00 00 00 28 0A 00 00 91 8D 00 00 00 04 2B 00 C4 26 00 00 01 CE 00 00 00 C4 26 00 00 01 6A 00 BC 02 D8 AE 00 00 00 00 00 00 00 00 00 00 00 00 24 10
@sos_1_1 2026-10-09T10:04:03 5164 01 01 98 01 00 00 84 57 0B 00 D8 34 02 00 01 04 65 00 58 02 D0 07 C4 09 00 00 95 11 72 00 01 01 05 00 00 08 06 00 00 00 00 00 00 00 00 00 00 00 00 00 00 00 00 00 00 00 00 00 00 00 00 00 00 08 02 01 04 95 11 F0 0A 00 00 80 3E 00 00 80 3E 00 00 00 00 00 00 00 00 00 00 00 00 00 00 00 00 00 00 00 00 00 00 00 00 00 00
@sossrc_1_1 2026-10-09T10:04:03 5165 01 98 01 00 00 01 03 00 00 00 00 00 00 00 94 8D 00 00 01 04 00 00 A8 34 00 00 01 CB 00 00 00 BC 34 00 00 02 67 00 08 02 80 25 00 00 00 00 00 00 00 00 00 00 00 00 27 1C
@sossrc_1_1 2026-10-09T10:04:03 5166 01 98 01 00 00 02 06 00 00 00 B8 0B 00 00 91 8D 00 00 00 04 2B 00 C4 26 00 00 01 CE 00 00 00 C4 26 00 00 01 6A 00 BC 02 D8 AE 00 00 00 00 00 00 00 00 00 00 00 00 24 10
@sos_1_1 2026-10-09T10:04:03 5167 01 00 99 01 00 00 DC 59 0B 00 D8 34 02 00 01 04 65 00 58 02 D0 07 C4 09 00 00 95 11 72 00 01 01 05 00 00 08 06 00 00 00 00 00 00 00 00 00 00 00 00 00 00 00 00 00 00 00 00 00 00 00 00 00 00 08 02 01 04 95 11 48 0D 00 00 80 3E 00 00 80 3E 00 00 00 00 00 00 00 00 00 00 00 00 00 00 00 00 00 00 00 00 00 00 00 00 00 00
@sossrc_1_1 2026-10-09T10:04:03 5168 01 99 01 00 00 01 03 00 00 00 58 02 00 00 94 8D 00 00 01 04 00 00 A8 34 00 00 01 CB 00 00 00 BC 34 00 00 02 67 00 08 02 80 25 00 00 00 00 00 00 00 00 00 00 00 00 27 1C
@sossrc_1_1 2026-10-09T10:04:03 5169 01 99 01 00 00 02 06 00 00 00 10 0E 00 00 91 8D 00 00 00 04 2B 00 C4 26 00 00 01 CE 00 00 00 C4 26 00 00 01 6A 00 BC 02 D8 AE 00 00 00 00 00 00 00 00 00 00 00 00 24 10
@sos_1_1 2026-10-09T10:04:04 5170 01 00 9A 01 00 00 C4 5D 0B 00 A0 35 02 00 01 04 65 00 58 02 D0 07 C4 09 00 00 95 11 72 00 01 01 05 00 00 08 06 00 00 00 00 00 00 00 00 00 00 00 00 00 00 00 00 00 00 00 00 00 00 00 00 00 00 08 02 01 04 95 11 30 11 00 00 80 3E 00 00 80 3E 00 00 00 00 00 00 00 00 00 00 00 00 00 00 00 00 00 00 00 00 00 00 00 00 00 00
@sossrc_1_1 2026-10-09T10:04:04 5171 01 9A 01 00 00 01 03 00 00 00 40 06 00 00 94 8D 00 00 01 04 00 00 A8 34 00 00 01 CB 00 00 00 BC 34 00 00 02 67 00 08 02 80 25 00 00 00 00 00 00 00 00 00 00 00 00 27 1C
@sossrc_1_1 2026-10-09T10:04:04 5172 01 9A 01 00 00 02 06 00 00 00 F8 11 00 00 91 8D 00 00 00 04 2B 00 C4 26 00 00 01 CE 00 00 00 C4 26 00 00 01 6A 00 BC 02 D8 AE 00 00 00 00 00 00 00 00 00 00 00 00 24 10
@sos_1_1 2026-10-09T10:04:05 5173 01 01 9B 01 00 00 54 5F 0B 00 68 36 02 00 01 04 65 00 58 02 D0 07 C4 09 00 00 95 11 72 00 01 01 05 00 00 08 06 00 00 00 00 00 00 00 00 00 00 00 00 00 00 00 00 00 00 00 00 00 00 00 00 00 00 08 02 01 04 95 11 C0 12 00 00 80 3E 00 00 80 3E 00 00 00 00 00 00 00 00 00 00 00 00 00 00 00 00 00 00 00 00 00 00 00 00 00 00
@sossrc_1_1 2026-10-09T10:04:05 5174 01 9B 01 00 00 01 03 00 00 00 00 00 00 00 96 8D 00 00 01 04 00 00 A8 34 00 00 01 CB 00 00 00 BC 34 00 00 02 67 00 08 02 10 27 00 00 00 00 00 00 00 00 00 00 00 00 27 14
@sossrc_1_1 2026-10-09T10:04:05 5175 01 9B 01 00 00 02 06 00 00 00 88 13 00 00 91 8D 00 00 00 04 2B 00 C4 26 00 00 01 CE 00 00 00 C4 26 00 00 01 6A 00 BC 02 D8 AE 00 00 00 00 00 00 00 00 00 00 00 00 24 10
@sosev_1_1 2026-10-09T10:04:05 5176 01 1C 60 0B 00 9B 01 00 00 12 08 00 95 11 00 00 00 00 00 00 68 36 02 00 D0 07 04
@sos_1_1 2026-10-09T10:04:05 5177 01 03 9C 01 00 00 1C 60 0B 00 68 36 02 00 01 04 65 00 58 02 D0 07 C4 09 00 00 95 11 72 00 01 01 05 00 00 08 06 00 00 00 00 00 00 00 00 00 00 00 00 00 00 00 00 00 00 00 00 00 40 00 00 00 08 08 02 01 04 95 11 88 13 00 00 80 3E 00 00 80 3E 00 00 00 00 00 00 00 00 00 00 00 00 00 00 00 00 00 00 00 00 00 00 00 00 00 00
@sossrc_1_1 2026-10-09T10:04:05 5178 01 9C 01 00 00 01 03 00 00 00 C8 00 00 00 96 8D 00 00 01 04 00 00 A8 34 00 00 01 CB 00 00 00 BC 34 00 00 02 67 00 08 02 10 27 00 00 00 00 00 00 00 00 00 00 00 00 27 14
@sossrc_1_1 2026-10-09T10:04:05 5179 01 9C 01 00 00 02 06 00 00 00 50 14 00 00 91 8D 00 00 00 04 2B 00 C4 26 00 00 01 CE 00 00 00 C4 26 00 00 01 6A 00 BC 02 D8 AE 00 00 00 00 00 00 00 00 00 00 00 00 24 10
@sosev_1_1 2026-10-09T10:04:05 5180 01 AC 61 0B 00 9C 01 00 00 04 00 00 06 00 00 00 D8 AE 00 00 68 36 02 00 D0 07 04
@sosev_1_1 2026-10-09T10:04:05 5181 01 AC 61 0B 00 9C 01 00 00 0F 00 00 95 11 00 00 80 3E 00 00 68 36 02 00 D0 07 04
@sos_1_1 2026-10-09T10:04:05 5182 01 00 9D 01 00 00 AC 61 0B 00 68 36 02 00 01 04 65 00 58 02 D0 07 C4 09 00 00 95 11 72 00 01 01 05 00 00 08 02 00 00 00 00 00 00 00 00 00 00 00 00 00 00 00 00 00 00 00 00 00 40 00 00 00 08 08 02 00 00 00 00 00 00 00 00 00 00 00 00 00 00 00 00 00 00 00 00 00 00 00 00 00 00 00 00 00 00 00 00 00 00 00 00 00 00 00 00
@sossrc_1_1 2026-10-09T10:04:05 5183 01 9D 01 00 00 01 03 00 00 00 58 02 00 00 96 8D 00 00 01 04 00 00 A8 34 00 00 01 CB 00 00 00 BC 34 00 00 02 67 00 08 02 10 27 00 00 00 00 00 00 00 00 00 00 00 00 27 14
@sos_1_1 2026-10-09T10:04:06 5184 01 00 9E 01 00 00 94 65 0B 00 30 37 02 00 01 04 65 00 58 02 D0 07 C4 09 00 00 95 11 72 00 01 01 05 00 00 08 02 00 00 00 00 00 00 00 00 00 00 00 00 00 00 00 00 00 00 00 00 00 40 00 00 00 08 08 02 00 00 00 00 00 00 00 00 00 00 00 00 00 00 00 00 00 00 00 00 00 00 00 00 00 00 00 00 00 00 00 00 00 00 00 00 00 00 00 00
@sossrc_1_1 2026-10-09T10:04:06 5185 01 9E 01 00 00 01 03 00 00 00 40 06 00 00 96 8D 00 00 01 04 00 00 A8 34 00 00 01 CB 00 00 00 BC 34 00 00 02 67 00 08 02 10 27 00 00 00 00 00 00 00 00 00 00 00 00 27 14
@sos_1_1 2026-10-09T10:04:07 5186 01 01 9F 01 00 00 24 67 0B 00 F8 37 02 00 01 04 65 00 58 02 D0 07 C4 09 00 00 95 11 72 00 01 01 05 00 00 08 02 00 00 00 00 00 00 00 00 00 00 00 00 00 00 00 00 00 00 00 00 00 40 00 00 00 08 08 02 00 00 00 00 00 00 00 00 00 00 00 00 00 00 00 00 00 00 00 00 00 00 00 00 00 00 00 00 00 00 00 00 00 00 00 00 00 00 00 00
@sossrc_1_1 2026-10-09T10:04:07 5187 01 9F 01 00 00 01 03 00 00 00 00 00 00 00 98 8D 00 00 01 04 00 00 A8 34 00 00 01 CB 00 00 00 BC 34 00 00 02 67 00 08 02 A0 28 00 00 00 00 00 00 00 00 00 00 00 00 27 14
@sos_1_1 2026-10-09T10:04:07 5188 01 03 A0 01 00 00 EC 67 0B 00 F8 37 02 00 01 04 65 00 58 02 D0 07 C4 09 00 00 95 11 72 00 01 01 05 00 00 08 02 00 00 00 00 00 00 00 00 00 00 00 00 00 00 00 00 00 00 00 00 00 40 00 00 00 08 08 02 00 00 00 00 00 00 00 00 00 00 00 00 00 00 00 00 00 00 00 00 00 00 00 00 00 00 00 00 00 00 00 00 00 00 00 00 00 00 00 00
@sossrc_1_1 2026-10-09T10:04:07 5189 01 A0 01 00 00 01 03 00 00 00 C8 00 00 00 98 8D 00 00 01 04 00 00 A8 34 00 00 01 CB 00 00 00 BC 34 00 00 02 67 00 08 02 A0 28 00 00 00 00 00 00 00 00 00 00 00 00 27 14
@sos_1_1 2026-10-09T10:04:07 5190 01 00 A1 01 00 00 7C 69 0B 00 F8 37 02 00 01 04 65 00 58 02 D0 07 C4 09 00 00 95 11 72 00 01 01 05 00 00 08 02 00 00 00 00 00 00 00 00 00 00 00 00 00 00 00 00 00 00 00 00 00 40 00 00 00 08 08 02 00 00 00 00 00 00 00 00 00 00 00 00 00 00 00 00 00 00 00 00 00 00 00 00 00 00 00 00 00 00 00 00 00 00 00 00 00 00 00 00
@sossrc_1_1 2026-10-09T10:04:07 5191 01 A1 01 00 00 01 03 00 00 00 58 02 00 00 98 8D 00 00 01 04 00 00 A8 34 00 00 01 CB 00 00 00 BC 34 00 00 02 67 00 08 02 A0 28 00 00 00 00 00 00 00 00 00 00 00 00 27 14
@sos_1_1 2026-10-09T10:04:08 5192 01 00 A2 01 00 00 64 6D 0B 00 C0 38 02 00 01 04 65 00 58 02 D0 07 C4 09 00 00 95 11 72 00 01 01 05 00 00 08 02 00 00 00 00 00 00 00 00 00 00 00 00 00 00 00 00 00 00 00 00 00 40 00 00 00 08 08 02 00 00 00 00 00 00 00 00 00 00 00 00 00 00 00 00 00 00 00 00 00 00 00 00 00 00 00 00 00 00 00 00 00 00 00 00 00 00 00 00
@sossrc_1_1 2026-10-09T10:04:08 5193 01 A2 01 00 00 01 03 00 00 00 40 06 00 00 98 8D 00 00 01 04 00 00 A8 34 00 00 01 CB 00 00 00 BC 34 00 00 02 67 00 08 02 A0 28 00 00 00 00 00 00 00 00 00 00 00 00 27 14
@sos_1_1 2026-10-09T10:04:09 5194 01 01 A3 01 00 00 F4 6E 0B 00 88 39 02 00 01 04 65 00 58 02 D0 07 C4 09 00 00 95 11 72 00 01 01 05 00 00 08 02 00 00 00 00 00 00 00 00 00 00 00 00 00 00 00 00 00 00 00 00 00 40 00 00 00 08 08 02 00 00 00 00 00 00 00 00 00 00 00 00 00 00 00 00 00 00 00 00 00 00 00 00 00 00 00 00 00 00 00 00 00 00 00 00 00 00 00 00
@sossrc_1_1 2026-10-09T10:04:09 5195 01 A3 01 00 00 01 03 00 00 00 00 00 00 00 9A 8D 00 00 01 04 00 00 A8 34 00 00 01 CB 00 00 00 BC 34 00 00 02 67 00 08 02 30 2A 00 00 00 00 00 00 00 00 00 00 00 00 27 14
@sos_1_1 2026-10-09T10:04:09 5196 01 03 A4 01 00 00 BC 6F 0B 00 88 39 02 00 01 04 65 00 58 02 D0 07 C4 09 00 00 95 11 72 00 01 01 05 00 00 08 02 00 00 00 00 00 00 00 00 00 00 00 00 00 00 00 00 00 00 00 00 00 40 00 00 00 08 08 02 00 00 00 00 00 00 00 00 00 00 00 00 00 00 00 00 00 00 00 00 00 00 00 00 00 00 00 00 00 00 00 00 00 00 00 00 00 00 00 00
@sossrc_1_1 2026-10-09T10:04:09 5197 01 A4 01 00 00 01 03 00 00 00 C8 00 00 00 9A 8D 00 00 01 04 00 00 A8 34 00 00 01 CB 00 00 00 BC 34 00 00 02 67 00 08 02 30 2A 00 00 00 00 00 00 00 00 00 00 00 00 27 14
@sos_1_1 2026-10-09T10:04:09 5198 01 00 A5 01 00 00 4C 71 0B 00 88 39 02 00 01 04 65 00 58 02 D0 07 C4 09 00 00 95 11 72 00 01 01 05 00 00 08 02 00 00 00 00 00 00 00 00 00 00 00 00 00 00 00 00 00 00 00 00 00 40 00 00 00 08 08 02 00 00 00 00 00 00 00 00 00 00 00 00 00 00 00 00 00 00 00 00 00 00 00 00 00 00 00 00 00 00 00 00 00 00 00 00 00 00 00 00
@sossrc_1_1 2026-10-09T10:04:09 5199 01 A5 01 00 00 01 03 00 00 00 58 02 00 00 9A 8D 00 00 01 04 00 00 A8 34 00 00 01 CB 00 00 00 BC 34 00 00 02 67 00 08 02 30 2A 00 00 00 00 00 00 00 00 00 00 00 00 27 14
@sos_1_1 2026-10-09T10:04:10 5200 01 00 A6 01 00 00 34 75 0B 00 50 3A 02 00 01 04 65 00 58 02 D0 07 C4 09 00 00 95 11 72 00 01 01 05 00 00 08 02 00 00 00 00 00 00 00 00 00 00 00 00 00 00 00 00 00 00 00 00 00 40 00 00 00 08 08 02 00 00 00 00 00 00 00 00 00 00 00 00 00 00 00 00 00 00 00 00 00 00 00 00 00 00 00 00 00 00 00 00 00 00 00 00 00 00 00 00
@sossrc_1_1 2026-10-09T10:04:10 5201 01 A6 01 00 00 01 03 00 00 00 40 06 00 00 9A 8D 00 00 01 04 00 00 A8 34 00 00 01 CB 00 00 00 BC 34 00 00 02 67 00 08 02 30 2A 00 00 00 00 00 00 00 00 00 00 00 00 27 14
@sos_1_1 2026-10-09T10:04:11 5202 01 01 A7 01 00 00 C4 76 0B 00 18 3B 02 00 01 04 65 00 58 02 D0 07 C4 09 00 00 95 11 72 00 01 01 05 00 00 08 02 00 00 00 00 00 00 00 00 00 00 00 00 00 00 00 00 00 00 00 00 00 40 00 00 00 08 08 02 00 00 00 00 00 00 00 00 00 00 00 00 00 00 00 00 00 00 00 00 00 00 00 00 00 00 00 00 00 00 00 00 00 00 00 00 00 00 00 00
@sossrc_1_1 2026-10-09T10:04:11 5203 01 A7 01 00 00 01 03 00 00 00 00 00 00 00 9C 8D 00 00 01 04 00 00 A8 34 00 00 01 CB 00 00 00 BC 34 00 00 02 67 00 08 02 C0 2B 00 00 00 00 00 00 00 00 00 00 00 00 27 14
@sosev_1_1 2026-10-09T10:04:11 5204 01 8C 77 0B 00 A7 01 00 00 12 00 00 95 11 00 00 00 00 00 00 18 3B 02 00 D0 07 04
@sos_1_1 2026-10-09T10:04:11 5205 01 00 A8 01 00 00 1C 79 0B 00 18 3B 02 00 01 04 65 00 58 02 D0 07 C4 09 00 00 95 11 72 00 01 01 05 00 00 08 02 00 00 00 00 00 00 00 00 00 00 00 00 00 00 00 00 00 00 00 00 00 40 00 00 00 00 08 02 00 00 00 00 00 00 00 00 00 00 00 00 00 00 00 00 00 00 00 00 00 00 00 00 00 00 00 00 00 00 00 00 00 00 00 00 00 00 00 00
@sossrc_1_1 2026-10-09T10:04:11 5206 01 A8 01 00 00 01 03 00 00 00 58 02 00 00 9C 8D 00 00 01 04 00 00 A8 34 00 00 01 CB 00 00 00 BC 34 00 00 02 67 00 08 02 C0 2B 00 00 00 00 00 00 00 00 00 00 00 00 27 14
@sos_1_1 2026-10-09T10:04:12 5207 01 00 A9 01 00 00 04 7D 0B 00 E0 3B 02 00 01 04 65 00 58 02 D0 07 C4 09 00 00 95 11 72 00 01 01 05 00 00 08 02 00 00 00 00 00 00 00 00 00 00 00 00 00 00 00 00 00 00 00 00 00 40 00 00 00 00 08 02 00 00 00 00 00 00 00 00 00 00 00 00 00 00 00 00 00 00 00 00 00 00 00 00 00 00 00 00 00 00 00 00 00 00 00 00 00 00 00 00
@sossrc_1_1 2026-10-09T10:04:12 5208 01 A9 01 00 00 01 03 00 00 00 40 06 00 00 9C 8D 00 00 01 04 00 00 A8 34 00 00 01 CB 00 00 00 BC 34 00 00 02 67 00 08 02 C0 2B 00 00 00 00 00 00 00 00 00 00 00 00 27 14
@sos_1_1 2026-10-09T10:04:13 5209 01 01 AA 01 00 00 94 7E 0B 00 A8 3C 02 00 01 04 65 00 58 02 D0 07 C4 09 00 00 95 11 72 00 01 01 05 00 00 08 02 00 00 00 00 00 00 00 00 00 00 00 00 00 00 00 00 00 00 00 00 00 40 00 00 00 00 08 02 00 00 00 00 00 00 00 00 00 00 00 00 00 00 00 00 00 00 00 00 00 00 00 00 00 00 00 00 00 00 00 00 00 00 00 00 00 00 00 00
@sossrc_1_1 2026-10-09T10:04:13 5210 01 AA 01 00 00 01 03 00 00 00 00 00 00 00 9E 8D 00 00 01 04 00 00 A8 34 00 00 01 CB 00 00 00 BC 34 00 00 02 67 00 08 02 50 2D 00 00 00 00 00 00 00 00 00 00 00 00 27 14
@sos_1_1 2026-10-09T10:04:13 5211 01 00 AB 01 00 00 EC 80 0B 00 A8 3C 02 00 01 04 65 00 58 02 D0 07 C4 09 00 00 95 11 72 00 01 01 05 00 00 08 02 00 00 00 00 00 00 00 00 00 00 00 00 00 00 00 00 00 00 00 00 00 40 00 00 00 00 08 02 00 00 00 00 00 00 00 00 00 00 00 00 00 00 00 00 00 00 00 00 00 00 00 00 00 00 00 00 00 00 00 00 00 00 00 00 00 00 00 00
@sossrc_1_1 2026-10-09T10:04:13 5212 01 AB 01 00 00 01 03 00 00 00 58 02 00 00 9E 8D 00 00 01 04 00 00 A8 34 00 00 01 CB 00 00 00 BC 34 00 00 02 67 00 08 02 50 2D 00 00 00 00 00 00 00 00 00 00 00 00 27 14
@sos_1_1 2026-10-09T10:04:14 5213 01 00 AC 01 00 00 D4 84 0B 00 70 3D 02 00 01 04 65 00 58 02 D0 07 C4 09 00 00 95 11 72 00 01 01 05 00 00 08 02 00 00 00 00 00 00 00 00 00 00 00 00 00 00 00 00 00 00 00 00 00 40 00 00 00 00 08 02 00 00 00 00 00 00 00 00 00 00 00 00 00 00 00 00 00 00 00 00 00 00 00 00 00 00 00 00 00 00 00 00 00 00 00 00 00 00 00 00
@sossrc_1_1 2026-10-09T10:04:14 5214 01 AC 01 00 00 01 03 00 00 00 40 06 00 00 9E 8D 00 00 01 04 00 00 A8 34 00 00 01 CB 00 00 00 BC 34 00 00 02 67 00 08 02 50 2D 00 00 00 00 00 00 00 00 00 00 00 00 27 14
@sos_1_1 2026-10-09T10:04:15 5215 01 01 AD 01 00 00 64 86 0B 00 38 3E 02 00 01 04 65 00 58 02 D0 07 C4 09 00 00 95 11 72 00 01 01 05 00 00 08 02 00 00 00 00 00 00 00 00 00 00 00 00 00 00 00 00 00 00 00 00 00 40 00 00 00 00 08 02 00 00 00 00 00 00 00 00 00 00 00 00 00 00 00 00 00 00 00 00 00 00 00 00 00 00 00 00 00 00 00 00 00 00 00 00 00 00 00 00
@sossrc_1_1 2026-10-09T10:04:15 5216 01 AD 01 00 00 01 03 00 00 00 00 00 00 00 A0 8D 00 00 01 04 00 00 A8 34 00 00 01 CB 00 00 00 BC 34 00 00 02 67 00 08 02 E0 2E 00 00 00 00 00 00 00 00 00 00 00 00 27 14
@sos_1_1 2026-10-09T10:04:15 5217 01 00 AE 01 00 00 BC 88 0B 00 38 3E 02 00 01 04 65 00 58 02 D0 07 C4 09 00 00 95 11 72 00 01 01 05 00 00 08 02 00 00 00 00 00 00 00 00 00 00 00 00 00 00 00 00 00 00 00 00 00 40 00 00 00 00 08 02 00 00 00 00 00 00 00 00 00 00 00 00 00 00 00 00 00 00 00 00 00 00 00 00 00 00 00 00 00 00 00 00 00 00 00 00 00 00 00 00
@sossrc_1_1 2026-10-09T10:04:15 5218 01 AE 01 00 00 01 03 00 00 00 58 02 00 00 A0 8D 00 00 01 04 00 00 A8 34 00 00 01 CB 00 00 00 BC 34 00 00 02 67 00 08 02 E0 2E 00 00 00 00 00 00 00 00 00 00 00 00 27 14
@sos_1_1 2026-10-09T10:04:16 5219 01 00 AF 01 00 00 A4 8C 0B 00 00 3F 02 00 01 04 65 00 58 02 D0 07 C4 09 00 00 95 11 72 00 01 01 05 00 00 08 02 00 00 00 00 00 00 00 00 00 00 00 00 00 00 00 00 00 00 00 00 00 40 00 00 00 00 08 02 00 00 00 00 00 00 00 00 00 00 00 00 00 00 00 00 00 00 00 00 00 00 00 00 00 00 00 00 00 00 00 00 00 00 00 00 00 00 00 00
@sossrc_1_1 2026-10-09T10:04:16 5220 01 AF 01 00 00 01 03 00 00 00 40 06 00 00 A0 8D 00 00 01 04 00 00 A8 34 00 00 01 CB 00 00 00 BC 34 00 00 02 67 00 08 02 E0 2E 00 00 00 00 00 00 00 00 00 00 00 00 27 14
@sos_1_1 2026-10-09T10:04:17 5221 01 01 B0 01 00 00 34 8E 0B 00 C8 3F 02 00 01 04 65 00 58 02 D0 07 C4 09 00 00 95 11 72 00 01 01 05 00 00 08 02 00 00 00 00 00 00 00 00 00 00 00 00 00 00 00 00 00 00 00 00 00 40 00 00 00 00 08 02 00 00 00 00 00 00 00 00 00 00 00 00 00 00 00 00 00 00 00 00 00 00 00 00 00 00 00 00 00 00 00 00 00 00 00 00 00 00 00 00
@sossrc_1_1 2026-10-09T10:04:17 5222 01 B0 01 00 00 01 03 00 00 00 00 00 00 00 A2 8D 00 00 01 04 00 00 A8 34 00 00 01 CB 00 00 00 BC 34 00 00 02 67 00 08 02 70 30 00 00 00 00 00 00 00 00 00 00 00 00 27 14
@sos_1_1 2026-10-09T10:04:17 5223 01 00 B1 01 00 00 8C 90 0B 00 C8 3F 02 00 01 04 65 00 58 02 D0 07 C4 09 00 00 95 11 72 00 01 01 05 00 00 08 02 00 00 00 00 00 00 00 00 00 00 00 00 00 00 00 00 00 00 00 00 00 40 00 00 00 00 08 02 00 00 00 00 00 00 00 00 00 00 00 00 00 00 00 00 00 00 00 00 00 00 00 00 00 00 00 00 00 00 00 00 00 00 00 00 00 00 00 00
@sossrc_1_1 2026-10-09T10:04:17 5224 01 B1 01 00 00 01 03 00 00 00 58 02 00 00 A2 8D 00 00 01 04 00 00 A8 34 00 00 01 CB 00 00 00 BC 34 00 00 02 67 00 08 02 70 30 00 00 00 00 00 00 00 00 00 00 00 00 27 14
@sos_1_1 2026-10-09T10:04:18 5225 01 00 B2 01 00 00 74 94 0B 00 90 40 02 00 01 04 65 00 58 02 D0 07 C4 09 00 00 95 11 72 00 01 01 05 00 00 08 02 00 00 00 00 00 00 00 00 00 00 00 00 00 00 00 00 00 00 00 00 00 40 00 00 00 00 08 02 00 00 00 00 00 00 00 00 00 00 00 00 00 00 00 00 00 00 00 00 00 00 00 00 00 00 00 00 00 00 00 00 00 00 00 00 00 00 00 00
@sossrc_1_1 2026-10-09T10:04:18 5226 01 B2 01 00 00 01 03 00 00 00 40 06 00 00 A2 8D 00 00 01 04 00 00 A8 34 00 00 01 CB 00 00 00 BC 34 00 00 02 67 00 08 02 70 30 00 00 00 00 00 00 00 00 00 00 00 00 27 14
@sos_1_1 2026-10-09T10:04:19 5227 01 01 B3 01 00 00 04 96 0B 00 58 41 02 00 01 04 65 00 58 02 D0 07 C4 09 00 00 95 11 72 00 01 01 05 00 00 08 02 00 00 00 00 00 00 00 00 00 00 00 00 00 00 00 00 00 00 00 00 00 40 00 00 00 00 08 02 00 00 00 00 00 00 00 00 00 00 00 00 00 00 00 00 00 00 00 00 00 00 00 00 00 00 00 00 00 00 00 00 00 00 00 00 00 00 00 00
@sossrc_1_1 2026-10-09T10:04:19 5228 01 B3 01 00 00 01 03 00 00 00 00 00 00 00 A4 8D 00 00 01 04 00 00 A8 34 00 00 01 CB 00 00 00 BC 34 00 00 02 67 00 08 02 00 32 00 00 00 00 00 00 00 00 00 00 00 00 27 14
@sos_1_1 2026-10-09T10:04:19 5229 01 00 B4 01 00 00 5C 98 0B 00 58 41 02 00 01 04 65 00 58 02 D0 07 C4 09 00 00 95 11 72 00 01 01 05 00 00 08 02 00 00 00 00 00 00 00 00 00 00 00 00 00 00 00 00 00 00 00 00 00 40 00 00 00 00 08 02 00 00 00 00 00 00 00 00 00 00 00 00 00 00 00 00 00 00 00 00 00 00 00 00 00 00 00 00 00 00 00 00 00 00 00 00 00 00 00 00
@sossrc_1_1 2026-10-09T10:04:19 5230 01 B4 01 00 00 01 03 00 00 00 58 02 00 00 A4 8D 00 00 01 04 00 00 A8 34 00 00 01 CB 00 00 00 BC 34 00 00 02 67 00 08 02 00 32 00 00 00 00 00 00 00 00 00 00 00 00 27 14
@sos_1_1 2026-10-09T10:04:20 5231 01 00 B5 01 00 00 44 9C 0B 00 20 42 02 00 01 04 65 00 58 02 D0 07 C4 09 00 00 95 11 72 00 01 01 05 00 00 08 02 00 00 00 00 00 00 00 00 00 00 00 00 00 00 00 00 00 00 00 00 00 40 00 00 00 00 08 02 00 00 00 00 00 00 00 00 00 00 00 00 00 00 00 00 00 00 00 00 00 00 00 00 00 00 00 00 00 00 00 00 00 00 00 00 00 00 00 00
@sossrc_1_1 2026-10-09T10:04:20 5232 01 B5 01 00 00 01 03 00 00 00 40 06 00 00 A4 8D 00 00 01 04 00 00 A8 34 00 00 01 CB 00 00 00 BC 34 00 00 02 67 00 08 02 00 32 00 00 00 00 00 00 00 00 00 00 00 00 27 14
@sos_1_1 2026-10-09T10:04:21 5233 01 01 B6 01 00 00 D4 9D 0B 00 E8 42 02 00 01 04 65 00 58 02 D0 07 C4 09 00 00 95 11 72 00 01 01 05 00 00 08 02 00 00 00 00 00 00 00 00 00 00 00 00 00 00 00 00 00 00 00 00 00 40 00 00 00 00 08 02 00 00 00 00 00 00 00 00 00 00 00 00 00 00 00 00 00 00 00 00 00 00 00 00 00 00 00 00 00 00 00 00 00 00 00 00 00 00 00 00
@sossrc_1_1 2026-10-09T10:04:21 5234 01 B6 01 00 00 01 03 00 00 00 00 00 00 00 A6 8D 00 00 01 04 00 00 A8 34 00 00 01 CB 00 00 00 BC 34 00 00 02 67 00 08 02 90 33 00 00 00 00 00 00 00 00 00 00 00 00 27 14
@sos_1_1 2026-10-09T10:04:21 5235 01 00 B7 01 00 00 2C A0 0B 00 E8 42 02 00 01 04 65 00 58 02 D0 07 C4 09 00 00 95 11 72 00 01 01 05 00 00 08 02 00 00 00 00 00 00 00 00 00 00 00 00 00 00 00 00 00 00 00 00 00 40 00 00 00 00 08 02 00 00 00 00 00 00 00 00 00 00 00 00 00 00 00 00 00 00 00 00 00 00 00 00 00 00 00 00 00 00 00 00 00 00 00 00 00 00 00 00
@sossrc_1_1 2026-10-09T10:04:21 5236 01 B7 01 00 00 01 03 00 00 00 58 02 00 00 A6 8D 00 00 01 04 00 00 A8 34 00 00 01 CB 00 00 00 BC 34 00 00 02 67 00 08 02 90 33 00 00 00 00 00 00 00 00 00 00 00 00 27 14
@sos_1_1 2026-10-09T10:04:22 5237 01 00 B8 01 00 00 14 A4 0B 00 B0 43 02 00 01 04 65 00 58 02 D0 07 C4 09 00 00 95 11 72 00 01 01 05 00 00 08 02 00 00 00 00 00 00 00 00 00 00 00 00 00 00 00 00 00 00 00 00 00 40 00 00 00 00 08 02 00 00 00 00 00 00 00 00 00 00 00 00 00 00 00 00 00 00 00 00 00 00 00 00 00 00 00 00 00 00 00 00 00 00 00 00 00 00 00 00
@sossrc_1_1 2026-10-09T10:04:22 5238 01 B8 01 00 00 01 03 00 00 00 40 06 00 00 A6 8D 00 00 01 04 00 00 A8 34 00 00 01 CB 00 00 00 BC 34 00 00 02 67 00 08 02 90 33 00 00 00 00 00 00 00 00 00 00 00 00 27 14
@sos_1_1 2026-10-09T10:04:23 5239 01 01 B9 01 00 00 A4 A5 0B 00 78 44 02 00 01 04 65 00 58 02 D0 07 C4 09 00 00 95 11 72 00 01 01 05 00 00 08 02 00 00 00 00 00 00 00 00 00 00 00 00 00 00 00 00 00 00 00 00 00 40 00 00 00 00 08 02 00 00 00 00 00 00 00 00 00 00 00 00 00 00 00 00 00 00 00 00 00 00 00 00 00 00 00 00 00 00 00 00 00 00 00 00 00 00 00 00
@sossrc_1_1 2026-10-09T10:04:23 5240 01 B9 01 00 00 01 03 00 00 00 00 00 00 00 A8 8D 00 00 01 04 00 00 A8 34 00 00 01 CB 00 00 00 BC 34 00 00 02 67 00 08 02 20 35 00 00 00 00 00 00 00 00 00 00 00 00 27 14
@sos_1_1 2026-10-09T10:04:23 5241 01 00 BA 01 00 00 FC A7 0B 00 78 44 02 00 01 04 65 00 58 02 D0 07 C4 09 00 00 95 11 72 00 01 01 05 00 00 08 02 00 00 00 00 00 00 00 00 00 00 00 00 00 00 00 00 00 00 00 00 00 40 00 00 00 00 08 02 00 00 00 00 00 00 00 00 00 00 00 00 00 00 00 00 00 00 00 00 00 00 00 00 00 00 00 00 00 00 00 00 00 00 00 00 00 00 00 00
@sossrc_1_1 2026-10-09T10:04:23 5242 01 BA 01 00 00 01 03 00 00 00 58 02 00 00 A8 8D 00 00 01 04 00 00 A8 34 00 00 01 CB 00 00 00 BC 34 00 00 02 67 00 08 02 20 35 00 00 00 00 00 00 00 00 00 00 00 00 27 14
@sos_1_1 2026-10-09T10:04:24 5243 01 00 BB 01 00 00 E4 AB 0B 00 40 45 02 00 01 04 65 00 58 02 D0 07 C4 09 00 00 95 11 72 00 01 01 05 00 00 08 02 00 00 00 00 00 00 00 00 00 00 00 00 00 00 00 00 00 00 00 00 00 40 00 00 00 00 08 02 00 00 00 00 00 00 00 00 00 00 00 00 00 00 00 00 00 00 00 00 00 00 00 00 00 00 00 00 00 00 00 00 00 00 00 00 00 00 00 00
@sossrc_1_1 2026-10-09T10:04:24 5244 01 BB 01 00 00 01 03 00 00 00 40 06 00 00 A8 8D 00 00 01 04 00 00 A8 34 00 00 01 CB 00 00 00 BC 34 00 00 02 67 00 08 02 20 35 00 00 00 00 00 00 00 00 00 00 00 00 27 14
@sos_1_1 2026-10-09T10:04:25 5245 01 01 BC 01 00 00 74 AD 0B 00 08 46 02 00 01 04 65 00 58 02 D0 07 C4 09 00 00 95 11 72 00 01 01 05 00 00 08 02 00 00 00 00 00 00 00 00 00 00 00 00 00 00 00 00 00 00 00 00 00 40 00 00 00 00 08 02 00 00 00 00 00 00 00 00 00 00 00 00 00 00 00 00 00 00 00 00 00 00 00 00 00 00 00 00 00 00 00 00 00 00 00 00 00 00 00 00
@sossrc_1_1 2026-10-09T10:04:25 5246 01 BC 01 00 00 01 03 00 00 00 00 00 00 00 AA 8D 00 00 01 04 00 00 A8 34 00 00 01 CB 00 00 00 BC 34 00 00 02 67 00 08 02 B0 36 00 00 00 00 00 00 00 00 00 00 00 00 27 14
@sos_1_1 2026-10-09T10:04:25 5247 01 00 BD 01 00 00 CC AF 0B 00 08 46 02 00 01 04 65 00 58 02 D0 07 C4 09 00 00 95 11 72 00 01 01 05 00 00 08 02 00 00 00 00 00 00 00 00 00 00 00 00 00 00 00 00 00 00 00 00 00 40 00 00 00 00 08 02 00 00 00 00 00 00 00 00 00 00 00 00 00 00 00 00 00 00 00 00 00 00 00 00 00 00 00 00 00 00 00 00 00 00 00 00 00 00 00 00
@sossrc_1_1 2026-10-09T10:04:25 5248 01 BD 01 00 00 01 03 00 00 00 58 02 00 00 AA 8D 00 00 01 04 00 00 A8 34 00 00 01 CB 00 00 00 BC 34 00 00 02 67 00 08 02 B0 36 00 00 00 00 00 00 00 00 00 00 00 00 27 14
@sos_1_1 2026-10-09T10:04:26 5249 01 00 BE 01 00 00 B4 B3 0B 00 D0 46 02 00 01 04 65 00 58 02 D0 07 C4 09 00 00 95 11 72 00 01 01 05 00 00 08 02 00 00 00 00 00 00 00 00 00 00 00 00 00 00 00 00 00 00 00 00 00 40 00 00 00 00 08 02 00 00 00 00 00 00 00 00 00 00 00 00 00 00 00 00 00 00 00 00 00 00 00 00 00 00 00 00 00 00 00 00 00 00 00 00 00 00 00 00
@sossrc_1_1 2026-10-09T10:04:26 5250 01 BE 01 00 00 01 03 00 00 00 40 06 00 00 AA 8D 00 00 01 04 00 00 A8 34 00 00 01 CB 00 00 00 BC 34 00 00 02 67 00 08 02 B0 36 00 00 00 00 00 00 00 00 00 00 00 00 27 14
@sos_1_1 2026-10-09T10:04:27 5251 01 01 BF 01 00 00 44 B5 0B 00 98 47 02 00 01 04 65 00 58 02 D0 07 C4 09 00 00 95 11 72 00 01 01 05 00 00 08 02 00 00 00 00 00 00 00 00 00 00 00 00 00 00 00 00 00 00 00 00 00 40 00 00 00 00 08 02 00 00 00 00 00 00 00 00 00 00 00 00 00 00 00 00 00 00 00 00 00 00 00 00 00 00 00 00 00 00 00 00 00 00 00 00 00 00 00 00
@sossrc_1_1 2026-10-09T10:04:27 5252 01 BF 01 00 00 01 03 00 00 00 00 00 00 00 AC 8D 00 00 01 04 00 00 A8 34 00 00 01 CB 00 00 00 BC 34 00 00 02 67 00 08 02 40 38 00 00 00 00 00 00 00 00 00 00 00 00 27 14
@sos_1_1 2026-10-09T10:04:27 5253 01 00 C0 01 00 00 9C B7 0B 00 98 47 02 00 01 04 65 00 58 02 D0 07 C4 09 00 00 95 11 72 00 01 01 05 00 00 08 02 00 00 00 00 00 00 00 00 00 00 00 00 00 00 00 00 00 00 00 00 00 40 00 00 00 00 08 02 00 00 00 00 00 00 00 00 00 00 00 00 00 00 00 00 00 00 00 00 00 00 00 00 00 00 00 00 00 00 00 00 00 00 00 00 00 00 00 00
@sossrc_1_1 2026-10-09T10:04:27 5254 01 C0 01 00 00 01 03 00 00 00 58 02 00 00 AC 8D 00 00 01 04 00 00 A8 34 00 00 01 CB 00 00 00 BC 34 00 00 02 67 00 08 02 40 38 00 00 00 00 00 00 00 00 00 00 00 00 27 14
@sos_1_1 2026-10-09T10:04:28 5255 01 00 C1 01 00 00 84 BB 0B 00 60 48 02 00 01 04 65 00 58 02 D0 07 C4 09 00 00 95 11 72 00 01 01 05 00 00 08 02 00 00 00 00 00 00 00 00 00 00 00 00 00 00 00 00 00 00 00 00 00 40 00 00 00 00 08 02 00 00 00 00 00 00 00 00 00 00 00 00 00 00 00 00 00 00 00 00 00 00 00 00 00 00 00 00 00 00 00 00 00 00 00 00 00 00 00 00
@sossrc_1_1 2026-10-09T10:04:28 5256 01 C1 01 00 00 01 03 00 00 00 40 06 00 00 AC 8D 00 00 01 04 00 00 A8 34 00 00 01 CB 00 00 00 BC 34 00 00 02 67 00 08 02 40 38 00 00 00 00 00 00 00 00 00 00 00 00 27 14
@sos_1_1 2026-10-09T10:04:29 5257 01 01 C2 01 00 00 14 BD 0B 00 28 49 02 00 01 04 65 00 58 02 D0 07 C4 09 00 00 95 11 72 00 01 01 05 00 00 08 02 00 00 00 00 00 00 00 00 00 00 00 00 00 00 00 00 00 00 00 00 00 40 00 00 00 00 08 02 00 00 00 00 00 00 00 00 00 00 00 00 00 00 00 00 00 00 00 00 00 00 00 00 00 00 00 00 00 00 00 00 00 00 00 00 00 00 00 00
@sossrc_1_1 2026-10-09T10:04:29 5258 01 C2 01 00 00 01 03 00 00 00 00 00 00 00 AE 8D 00 00 01 04 00 00 A8 34 00 00 01 CB 00 00 00 BC 34 00 00 02 67 00 08 02 D0 39 00 00 00 00 00 00 00 00 00 00 00 00 27 14
@sos_1_1 2026-10-09T10:04:29 5259 01 00 C3 01 00 00 6C BF 0B 00 28 49 02 00 01 04 65 00 58 02 D0 07 C4 09 00 00 95 11 72 00 01 01 05 00 00 08 02 00 00 00 00 00 00 00 00 00 00 00 00 00 00 00 00 00 00 00 00 00 40 00 00 00 00 08 02 00 00 00 00 00 00 00 00 00 00 00 00 00 00 00 00 00 00 00 00 00 00 00 00 00 00 00 00 00 00 00 00 00 00 00 00 00 00 00 00
@sossrc_1_1 2026-10-09T10:04:29 5260 01 C3 01 00 00 01 03 00 00 00 58 02 00 00 AE 8D 00 00 01 04 00 00 A8 34 00 00 01 CB 00 00 00 BC 34 00 00 02 67 00 08 02 D0 39 00 00 00 00 00 00 00 00 00 00 00 00 27 14
@sosev_1_1 2026-10-09T10:04:30 5261 01 54 C3 0B 00 C3 01 00 00 13 02 00 00 00 00 00 00 00 00 00 F0 49 02 00 D0 07 0B
@sos_1_1 2026-10-09T10:04:30 5262 01 00 C4 01 00 00 54 C3 0B 00 F0 49 02 00 01 0B 65 00 58 02 D0 07 C4 09 00 00 95 11 73 00 01 01 05 00 00 08 00 00 00 00 00 00 00 00 00 00 00 00 00 00 00 00 00 00 00 00 00 00 00 00 00 00 00 08 02 00 00 00 00 00 00 00 00 00 00 00 00 00 00 00 00 00 00 00 00 00 00 00 00 00 00 00 00 00 00 00 00 00 00 00 00 00 00 00 00
@sos_1_1 2026-10-09T10:04:31 5263 01 00 C5 01 00 00 3C C7 0B 00 B8 4A 02 00 01 0B 65 00 58 02 D0 07 C4 09 00 00 95 11 73 00 01 01 05 00 00 08 00 00 00 00 00 00 00 00 00 00 00 00 00 00 00 00 00 00 00 00 00 00 00 00 00 00 00 08 02 00 00 00 00 00 00 00 00 00 00 00 00 00 00 00 00 00 00 00 00 00 00 00 00 00 00 00 00 00 00 00 00 00 00 00 00 00 00 00 00
@sos_1_1 2026-10-09T10:04:32 5264 01 00 C6 01 00 00 24 CB 0B 00 80 4B 02 00 01 0B 65 00 58 02 D0 07 C4 09 00 00 95 11 73 00 01 01 05 00 00 08 00 00 00 00 00 00 00 00 00 00 00 00 00 00 00 00 00 00 00 00 00 00 00 00 00 00 00 08 02 00 00 00 00 00 00 00 00 00 00 00 00 00 00 00 00 00 00 00 00 00 00 00 00 00 00 00 00 00 00 00 00 00 00 00 00 00 00 00 00
@sos_1_1 2026-10-09T10:04:33 5265 01 00 C7 01 00 00 0C CF 0B 00 48 4C 02 00 01 0B 65 00 58 02 D0 07 C4 09 00 00 95 11 73 00 01 01 05 00 00 08 00 00 00 00 00 00 00 00 00 00 00 00 00 00 00 00 00 00 00 00 00 00 00 00 00 00 00 08 02 00 00 00 00 00 00 00 00 00 00 00 00 00 00 00 00 00 00 00 00 00 00 00 00 00 00 00 00 00 00 00 00 00 00 00 00 00 00 00 00
@sos_1_1 2026-10-09T10:04:34 5266 01 00 C8 01 00 00 F4 D2 0B 00 10 4D 02 00 01 0B 65 00 58 02 D0 07 C4 09 00 00 95 11 73 00 01 01 05 00 00 08 00 00 00 00 00 00 00 00 00 00 00 00 00 00 00 00 00 00 00 00 00 00 00 00 00 00 00 08 02 00 00 00 00 00 00 00 00 00 00 00 00 00 00 00 00 00 00 00 00 00 00 00 00 00 00 00 00 00 00 00 00 00 00 00 00 00 00 00 00
@sos_1_1 2026-10-09T10:04:35 5267 01 00 C9 01 00 00 DC D6 0B 00 D8 4D 02 00 01 0B 65 00 58 02 D0 07 C4 09 00 00 95 11 73 00 01 01 05 00 00 08 00 00 00 00 00 00 00 00 00 00 00 00 00 00 00 00 00 00 00 00 00 00 00 00 00 00 00 08 02 00 00 00 00 00 00 00 00 00 00 00 00 00 00 00 00 00 00 00 00 00 00 00 00 00 00 00 00 00 00 00 00 00 00 00 00 00 00 00 00
@sos_1_1 2026-10-09T10:04:36 5268 01 00 CA 01 00 00 C4 DA 0B 00 A0 4E 02 00 01 0B 65 00 58 02 D0 07 C4 09 00 00 95 11 73 00 01 01 05 00 00 08 00 00 00 00 00 00 00 00 00 00 00 00 00 00 00 00 00 00 00 00 00 00 00 00 00 00 00 08 02 00 00 00 00 00 00 00 00 00 00 00 00 00 00 00 00 00 00 00 00 00 00 00 00 00 00 00 00 00 00 00 00 00 00 00 00 00 00 00 00
@sos_1_1 2026-10-09T10:04:37 5269 01 00 CB 01 00 00 AC DE 0B 00 68 4F 02 00 01 0B 65 00 58 02 D0 07 C4 09 00 00 95 11 73 00 01 01 05 00 00 08 00 00 00 00 00 00 00 00 00 00 00 00 00 00 00 00 00 00 00 00 00 00 00 00 00 00 00 08 02 00 00 00 00 00 00 00 00 00 00 00 00 00 00 00 00 00 00 00 00 00 00 00 00 00 00 00 00 00 00 00 00 00 00 00 00 00 00 00 00
@sos_1_1 2026-10-09T10:04:38 5270 01 00 CC 01 00 00 94 E2 0B 00 30 50 02 00 01 0B 65 00 58 02 D0 07 C4 09 00 00 95 11 73 00 01 01 05 00 00 08 00 00 00 00 00 00 00 00 00 00 00 00 00 00 00 00 00 00 00 00 00 00 00 00 00 00 00 08 02 00 00 00 00 00 00 00 00 00 00 00 00 00 00 00 00 00 00 00 00 00 00 00 00 00 00 00 00 00 00 00 00 00 00 00 00 00 00 00 00
@sos_1_1 2026-10-09T10:04:39 5271 01 00 CD 01 00 00 7C E6 0B 00 F8 50 02 00 01 0B 65 00 58 02 D0 07 C4 09 00 00 95 11 73 00 01 01 05 00 00 08 00 00 00 00 00 00 00 00 00 00 00 00 00 00 00 00 00 00 00 00 00 00 00 00 00 00 00 08 02 00 00 00 00 00 00 00 00 00 00 00 00 00 00 00 00 00 00 00 00 00 00 00 00 00 00 00 00 00 00 00 00 00 00 00 00 00 00 00 00
@sos_1_1 2026-10-09T10:04:40 5272 01 00 CE 01 00 00 64 EA 0B 00 C0 51 02 00 01 0B 65 00 58 02 D0 07 C4 09 00 00 95 11 73 00 01 01 05 00 00 08 00 00 00 00 00 00 00 00 00 00 00 00 00 00 00 00 00 00 00 00 00 00 00 00 00 00 00 08 02 00 00 00 00 00 00 00 00 00 00 00 00 00 00 00 00 00 00 00 00 00 00 00 00 00 00 00 00 00 00 00 00 00 00 00 00 00 00 00 00
